prompt,layer,variant,rank,dim,mem_ratio,out_relerr,out_cos,kl,topk_recall
0,0,pre_rope,8,128,0.064453125,0.15801256895065308,0.9834581613540649,0.1035531684756279,0.8387102484703064
0,0,post_rope,8,128,0.064453125,0.8262245059013367,0.5870549082756042,3.64856219291687,0.1977190226316452
0,0,pre_rope,16,128,0.12890625,0.10019531846046448,0.9935913681983948,0.050423044711351395,0.8855329155921936
0,0,post_rope,16,128,0.12890625,0.7739661335945129,0.660775363445282,2.4716553688049316,0.4204624593257904
0,0,pre_rope,32,128,0.2578125,0.06933240592479706,0.9967027902603149,0.023516099900007248,0.9265311360359192
0,0,post_rope,32,128,0.2578125,0.3347645699977875,0.9287352561950684,0.32508018612861633,0.7232666015625
0,0,pre_rope,64,128,0.515625,0.03159278258681297,0.999409556388855,0.0035605004522949457,0.9687151312828064
0,0,post_rope,64,128,0.515625,0.16800656914710999,0.9824504256248474,0.1231938824057579,0.8281424641609192
0,0,pre_rope,96,128,0.7734375,0.012065455317497253,0.9999125599861145,0.00040739731048233807,0.98974609375
0,0,post_rope,96,128,0.7734375,0.06876443326473236,0.9966474175453186,0.01992569863796234,0.9286063313484192
0,1,pre_rope,8,128,0.064453125,0.19266946613788605,0.9471427202224731,0.24893400073051453,0.7226039171218872
0,1,post_rope,8,128,0.064453125,0.47202184796333313,0.6988717913627625,2.7715365886688232,0.1695207804441452
0,1,pre_rope,16,128,0.12890625,0.13006997108459473,0.9707818031311035,0.13803663849830627,0.7860804796218872
0,1,post_rope,16,128,0.12890625,0.40235215425491333,0.7354070544242859,1.3812342882156372,0.4243512749671936
0,1,pre_rope,32,128,0.2578125,0.09696575999259949,0.9882205128669739,0.07829984277486801,0.8452323079109192
0,1,post_rope,32,128,0.2578125,0.30779048800468445,0.8856009244918823,0.540549099445343,0.5942557454109192
0,1,pre_rope,64,128,0.515625,0.05935559421777725,0.996425449848175,0.030748149380087852,0.9043666124343872
0,1,post_rope,64,128,0.515625,0.21885225176811218,0.9605864882469177,0.21777376532554626,0.7723039984703064
0,1,pre_rope,96,128,0.7734375,0.037174202501773834,0.9984622597694397,0.009557969868183136,0.9481898546218872
0,1,post_rope,96,128,0.7734375,0.11632781475782394,0.9867503046989441,0.09210986644029617,0.8500801920890808
0,2,pre_rope,8,128,0.064453125,0.4322867691516876,0.8900255560874939,0.24252673983573914,0.8039725422859192
0,2,post_rope,8,128,0.064453125,0.9702242016792297,0.4539065957069397,1.9117335081100464,0.4707379937171936
0,2,pre_rope,16,128,0.12890625,0.35189345479011536,0.9257856607437134,0.1642865240573883,0.8277064561843872
0,2,post_rope,16,128,0.12890625,0.9037132859230042,0.5550550818443298,1.2513624429702759,0.5324358344078064
0,2,pre_rope,32,128,0.2578125,0.23568248748779297,0.9621429443359375,0.08908308297395706,0.8643624186515808
0,2,post_rope,32,128,0.2578125,0.6263368129730225,0.7943633198738098,0.43229296803474426,0.7315150499343872
0,2,pre_rope,64,128,0.515625,0.1517776995897293,0.9853070974349976,0.032393790781497955,0.9128766655921936
0,2,post_rope,64,128,0.515625,0.48083680868148804,0.8673056960105896,0.2489287406206131,0.7994384765625
0,2,pre_rope,96,128,0.7734375,0.09282375872135162,0.9951666593551636,0.010553917847573757,0.9515904188156128
0,2,post_rope,96,128,0.7734375,0.27581343054771423,0.9463736414909363,0.09270578622817993,0.8665248155593872
0,3,pre_rope,8,128,0.064453125,0.8537771105766296,0.7246378064155579,3.1818349361419678,0.5965227484703064
0,3,post_rope,8,128,0.064453125,0.9972519874572754,0.4883852005004883,3.7650973796844482,0.2408970445394516
0,3,pre_rope,16,128,0.12890625,0.808220386505127,0.7787760496139526,2.5641980171203613,0.6848667860031128
0,3,post_rope,16,128,0.12890625,0.9663122296333313,0.5530776977539062,3.229585886001587,0.3849748969078064
0,3,pre_rope,32,128,0.2578125,0.7482882142066956,0.8376050591468811,1.2685375213623047,0.821044921875
0,3,post_rope,32,128,0.2578125,0.8812873959541321,0.7143821716308594,2.700899839401245,0.5412946343421936
0,3,pre_rope,64,128,0.515625,0.5722447037696838,0.8682417273521423,0.6086867451667786,0.8905726671218872
0,3,post_rope,64,128,0.515625,0.8186017870903015,0.8255299925804138,1.6916249990463257,0.7555106282234192
0,3,pre_rope,96,128,0.7734375,0.1646510660648346,0.9551047086715698,0.07636833935976028,0.9553571343421936
0,3,post_rope,96,128,0.7734375,0.7087637782096863,0.8625920414924622,0.7295101881027222,0.8336356282234192
0,4,pre_rope,8,128,0.064453125,0.6711345911026001,0.8014734387397766,2.6652605533599854,0.7297537922859192
0,4,post_rope,8,128,0.064453125,0.9972362518310547,0.4246281087398529,3.3420121669769287,0.3790457546710968
0,4,pre_rope,16,128,0.12890625,0.6365659832954407,0.8311776518821716,1.938477873802185,0.7818254828453064
0,4,post_rope,16,128,0.12890625,0.9423788189888,0.567572832107544,3.0544750690460205,0.4506312906742096
0,4,pre_rope,32,128,0.2578125,0.5984174609184265,0.8456326127052307,1.5479395389556885,0.826171875
0,4,post_rope,32,128,0.2578125,0.8771733045578003,0.7197917103767395,2.54535174369812,0.6156354546546936
0,4,pre_rope,64,128,0.515625,0.5714866518974304,0.8592411875724792,0.9685109257698059,0.8894217610359192
0,4,post_rope,64,128,0.515625,0.6730120182037354,0.8212893605232239,1.1619867086410522,0.7714495062828064
0,4,pre_rope,96,128,0.7734375,0.43925830721855164,0.893338680267334,0.42648380994796753,0.9322858452796936
0,4,post_rope,96,128,0.7734375,0.6094089150428772,0.8404647707939148,0.9077001214027405,0.8262416124343872
0,5,pre_rope,8,128,0.064453125,0.4302649199962616,0.9031969904899597,0.31012922525405884,0.6409563422203064
0,5,post_rope,8,128,0.064453125,0.9037271738052368,0.5145787596702576,1.924870252609253,0.3435581624507904
0,5,pre_rope,16,128,0.12890625,0.36085283756256104,0.9267565011978149,0.20663492381572723,0.7191336750984192
0,5,post_rope,16,128,0.12890625,0.8219010233879089,0.6413621306419373,1.1236438751220703,0.4637974202632904
0,5,pre_rope,32,128,0.2578125,0.2761804163455963,0.9469264149665833,0.12477602809667587,0.7960030436515808
0,5,post_rope,32,128,0.2578125,0.5833220481872559,0.8469782471656799,0.4573773741722107,0.5912737250328064
0,5,pre_rope,64,128,0.515625,0.21364359557628632,0.9635788798332214,0.06162914261221886,0.8872593641281128
0,5,post_rope,64,128,0.515625,0.3951549828052521,0.9248650670051575,0.20007620751857758,0.7430594563484192
0,5,pre_rope,96,128,0.7734375,0.19299748539924622,0.9715518951416016,0.041001494973897934,0.9294084906578064
0,5,post_rope,96,128,0.7734375,0.3044235110282898,0.9448207020759583,0.12767362594604492,0.7947300672531128
0,6,pre_rope,8,128,0.064453125,0.5326533317565918,0.889065146446228,0.9487648010253906,0.7087053656578064
0,6,post_rope,8,128,0.064453125,0.8876047134399414,0.5261122584342957,2.4765467643737793,0.3424246609210968
0,6,pre_rope,16,128,0.12890625,0.4656020402908325,0.9194840788841248,0.7637274861335754,0.7655029296875
0,6,post_rope,16,128,0.12890625,0.7567785382270813,0.6824623942375183,1.7388935089111328,0.3977225124835968
0,6,pre_rope,32,128,0.2578125,0.31966638565063477,0.9530022740364075,0.5250284075737,0.8186383843421936
0,6,post_rope,32,128,0.2578125,0.7016072869300842,0.8253266215324402,1.1462839841842651,0.606201171875
0,6,pre_rope,64,128,0.515625,0.3831901550292969,0.9460643529891968,0.42119961977005005,0.8747907280921936
0,6,post_rope,64,128,0.515625,0.6367725729942322,0.880780816078186,0.8546823859214783,0.7446114420890808
0,6,pre_rope,96,128,0.7734375,0.4529358744621277,0.9414486885070801,0.32417425513267517,0.9206194281578064
0,6,post_rope,96,128,0.7734375,0.4835876226425171,0.9221323728561401,0.5413817167282104,0.8109479546546936
0,7,pre_rope,8,128,0.064453125,0.5361707210540771,0.8431679010391235,0.2935667037963867,0.6908133625984192
0,7,post_rope,8,128,0.064453125,1.1429078578948975,0.0908050388097763,2.6169447898864746,0.3562709391117096
0,7,pre_rope,16,128,0.12890625,0.4526834785938263,0.8801239132881165,0.19102831184864044,0.7528076171875
0,7,post_rope,16,128,0.12890625,1.0141276121139526,0.3236062228679657,1.3878591060638428,0.4650704562664032
0,7,pre_rope,32,128,0.2578125,0.37219804525375366,0.9073077440261841,0.11681210994720459,0.8063441514968872
0,7,post_rope,32,128,0.2578125,0.715010941028595,0.7300947904586792,0.5162079930305481,0.5999755859375
0,7,pre_rope,64,128,0.515625,0.32088664174079895,0.9191461801528931,0.07535779476165771,0.8725237250328064
0,7,post_rope,64,128,0.515625,0.5427771806716919,0.8467015027999878,0.22933873534202576,0.7396763563156128
0,7,pre_rope,96,128,0.7734375,0.2813137173652649,0.9367494583129883,0.053888022899627686,0.9222063422203064
0,7,post_rope,96,128,0.7734375,0.4462553858757019,0.8896313905715942,0.14271923899650574,0.8127964735031128
0,8,pre_rope,8,128,0.064453125,0.38844549655914307,0.9221038222312927,1.363378643989563,0.7571498155593872
0,8,post_rope,8,128,0.064453125,1.0266703367233276,0.30480772256851196,4.07233190536499,0.3157784640789032
0,8,pre_rope,16,128,0.12890625,0.36312422156333923,0.9362610578536987,1.2022796869277954,0.8061872124671936
0,8,post_rope,16,128,0.12890625,0.9231836795806885,0.4344109892845154,3.225674867630005,0.3759242594242096
0,8,pre_rope,32,128,0.2578125,0.33562880754470825,0.950504720211029,0.806723952293396,0.8536028265953064
0,8,post_rope,32,128,0.2578125,0.5558439493179321,0.81234210729599,1.509682536125183,0.628662109375
0,8,pre_rope,64,128,0.515625,0.277317076921463,0.9651423096656799,0.2548718750476837,0.9026576280593872
0,8,post_rope,64,128,0.515625,0.43273788690567017,0.9037784934043884,0.9911195039749146,0.7961949110031128
0,8,pre_rope,96,128,0.7734375,0.20104065537452698,0.9791731238365173,0.08284282684326172,0.9444754719734192
0,8,post_rope,96,128,0.7734375,0.37202760577201843,0.9433115720748901,0.7502360939979553,0.861083984375
0,9,pre_rope,8,128,0.064453125,0.7058910727500916,0.7208890318870544,0.6369773745536804,0.4992327094078064
0,9,post_rope,8,128,0.064453125,1.1526588201522827,0.26511725783348083,2.6996235847473145,0.2312186062335968
0,9,pre_rope,16,128,0.12890625,0.6402090787887573,0.7861394882202148,0.3687649071216583,0.6310860514640808
0,9,post_rope,16,128,0.12890625,1.095918893814087,0.35625365376472473,2.0485434532165527,0.4029889702796936
0,9,pre_rope,32,128,0.2578125,0.4201587438583374,0.8887506127357483,0.14264549314975739,0.7882952094078064
0,9,post_rope,32,128,0.2578125,0.8124920725822449,0.6857468485832214,0.6237668395042419,0.6181640625
0,9,pre_rope,64,128,0.515625,0.3323172628879547,0.9128860831260681,0.0797753557562828,0.8645891547203064
0,9,post_rope,64,128,0.515625,0.47979265451431274,0.8675405383110046,0.20414116978645325,0.7651541829109192
0,9,pre_rope,96,128,0.7734375,0.28014156222343445,0.9406253099441528,0.04829671233892441,0.9200788140296936
0,9,post_rope,96,128,0.7734375,0.4089644253253937,0.8914893269538879,0.13545666635036469,0.8228585124015808
0,10,pre_rope,8,128,0.064453125,0.35430821776390076,0.9235135912895203,0.25181636214256287,0.7516392469406128
0,10,post_rope,8,128,0.064453125,1.0722029209136963,0.39235439896583557,2.3002254962921143,0.4763532280921936
0,10,pre_rope,16,128,0.12890625,0.32778915762901306,0.9338723421096802,0.18946078419685364,0.8142613172531128
0,10,post_rope,16,128,0.12890625,0.937004029750824,0.6234212517738342,1.389771819114685,0.6101248860359192
0,10,pre_rope,32,128,0.2578125,0.28874853253364563,0.9488698840141296,0.12476576119661331,0.8658795952796936
0,10,post_rope,32,128,0.2578125,0.48093998432159424,0.8966206908226013,0.36048656702041626,0.7032470703125
0,10,pre_rope,64,128,0.515625,0.2304641455411911,0.9644430875778198,0.06639082729816437,0.9235665202140808
0,10,post_rope,64,128,0.515625,0.38097265362739563,0.9343985319137573,0.23305614292621613,0.7907191514968872
0,10,pre_rope,96,128,0.7734375,0.20254671573638916,0.971180260181427,0.04610356315970421,0.9504569172859192
0,10,post_rope,96,128,0.7734375,0.2958531677722931,0.9527581334114075,0.12577766180038452,0.8593401312828064
0,11,pre_rope,8,128,0.064453125,1.0260183811187744,0.5703636407852173,0.8835521340370178,0.4196951687335968
0,11,post_rope,8,128,0.064453125,1.4631143808364868,0.2933323085308075,2.2541534900665283,0.193115234375
0,11,pre_rope,16,128,0.12890625,1.1129512786865234,0.5568839311599731,0.848962664604187,0.5309012532234192
0,11,post_rope,16,128,0.12890625,1.4568681716918945,0.2708698809146881,1.7767651081085205,0.3325718343257904
0,11,pre_rope,32,128,0.2578125,0.9071271419525146,0.7352752685546875,0.505573570728302,0.7372349500656128
0,11,post_rope,32,128,0.2578125,1.0492427349090576,0.6345154047012329,0.8176041841506958,0.6028704047203064
0,11,pre_rope,64,128,0.515625,0.7384182214736938,0.8089035153388977,0.2777346670627594,0.8638218641281128
0,11,post_rope,64,128,0.515625,0.8439093828201294,0.7757532000541687,0.457710325717926,0.741943359375
0,11,pre_rope,96,128,0.7734375,0.29650193452835083,0.9368585348129272,0.038372449576854706,0.956298828125
0,11,post_rope,96,128,0.7734375,0.6167687177658081,0.8563324213027954,0.21681131422519684,0.8455985188484192
0,12,pre_rope,8,128,0.064453125,0.3945149779319763,0.9036685824394226,0.8267720937728882,0.7333461046218872
0,12,post_rope,8,128,0.064453125,0.9059015512466431,0.5584758520126343,2.033017635345459,0.4716099202632904
0,12,pre_rope,16,128,0.12890625,0.3408127725124359,0.936398983001709,0.7294713854789734,0.7896031141281128
0,12,post_rope,16,128,0.12890625,0.814312756061554,0.6970545053482056,1.4427939653396606,0.5662841796875
0,12,pre_rope,32,128,0.2578125,0.2830744981765747,0.9544538855552673,0.5937774777412415,0.8374546766281128
0,12,post_rope,32,128,0.2578125,0.5453906059265137,0.8541551232337952,0.903377115726471,0.6675850749015808
0,12,pre_rope,64,128,0.515625,0.22813227772712708,0.9734201431274414,0.46626874804496765,0.905029296875
0,12,post_rope,64,128,0.515625,0.3118104338645935,0.9456990361213684,0.6120417714118958,0.8052978515625
0,12,pre_rope,96,128,0.7734375,0.17586572468280792,0.9851683378219604,0.27366310358047485,0.9428536295890808
0,12,post_rope,96,128,0.7734375,0.2499617487192154,0.9690849184989929,0.4827415943145752,0.8542305827140808
0,13,pre_rope,8,128,0.064453125,0.657929539680481,0.7104564309120178,1.0842043161392212,0.5372489094734192
0,13,post_rope,8,128,0.064453125,1.0027906894683838,0.4592871367931366,2.249809980392456,0.2222900390625
0,13,pre_rope,16,128,0.12890625,0.6290373206138611,0.7619980573654175,1.0194499492645264,0.6385149359703064
0,13,post_rope,16,128,0.12890625,0.8788396120071411,0.5899795293807983,1.6097608804702759,0.4322335422039032
0,13,pre_rope,32,128,0.2578125,0.5605223178863525,0.7976391911506653,0.7489814758300781,0.7592424750328064
0,13,post_rope,32,128,0.2578125,0.7556198239326477,0.6973214745521545,1.2467893362045288,0.5419224500656128
0,13,pre_rope,64,128,0.515625,0.5049945712089539,0.8199209570884705,0.5406161546707153,0.8673619031906128
0,13,post_rope,64,128,0.515625,0.5648694634437561,0.8033005595207214,0.6197620034217834,0.7220458984375
0,13,pre_rope,96,128,0.7734375,0.4038558006286621,0.8650070428848267,0.2827838957309723,0.9258509874343872
0,13,post_rope,96,128,0.7734375,0.3925907015800476,0.8886702656745911,0.2570822536945343,0.8309674859046936
0,14,pre_rope,8,128,0.064453125,0.32278549671173096,0.9347649216651917,0.44078847765922546,0.7389264702796936
0,14,post_rope,8,128,0.064453125,0.7973652482032776,0.561306357383728,2.1461169719696045,0.4440045952796936
0,14,pre_rope,16,128,0.12890625,0.300561785697937,0.9553501009941101,0.3427060544490814,0.8165457844734192
0,14,post_rope,16,128,0.12890625,0.7412221431732178,0.6872314810752869,1.4816923141479492,0.5636683702468872
0,14,pre_rope,32,128,0.2578125,0.27574610710144043,0.9654420614242554,0.27737995982170105,0.8610142469406128
0,14,post_rope,32,128,0.2578125,0.49342161417007446,0.9047393798828125,0.536069393157959,0.7412981390953064
0,14,pre_rope,64,128,0.515625,0.23975497484207153,0.9763947129249573,0.19081269204616547,0.9172188639640808
0,14,post_rope,64,128,0.515625,0.31245845556259155,0.9542428255081177,0.3369509279727936,0.8270787000656128
0,14,pre_rope,96,128,0.7734375,0.20812471210956573,0.98291015625,0.12329341471195221,0.9472830891609192
0,14,post_rope,96,128,0.7734375,0.2680028975009918,0.969418466091156,0.24877645075321198,0.8738664984703064
0,15,pre_rope,8,128,0.064453125,0.4105444848537445,0.9149467349052429,0.38609179854393005,0.6798095703125
0,15,post_rope,8,128,0.064453125,0.9293086528778076,0.43931278586387634,2.572042465209961,0.3194754421710968
0,15,pre_rope,16,128,0.12890625,0.33101820945739746,0.9451004266738892,0.2731509804725647,0.7433210015296936
0,15,post_rope,16,128,0.12890625,0.7733109593391418,0.6950539350509644,1.3492501974105835,0.544921875
0,15,pre_rope,32,128,0.2578125,0.272847443819046,0.9638074040412903,0.18958082795143127,0.7972412109375
0,15,post_rope,32,128,0.2578125,0.5448957681655884,0.8878618478775024,0.5333226323127747,0.6594761610031128
0,15,pre_rope,64,128,0.515625,0.2180352807044983,0.9766481518745422,0.10972581803798676,0.8800920844078064
0,15,post_rope,64,128,0.515625,0.3412439227104187,0.9475854635238647,0.2895369529724121,0.7584228515625
0,15,pre_rope,96,128,0.7734375,0.1550879329442978,0.9867652058601379,0.046377021819353104,0.9354945421218872
0,15,post_rope,96,128,0.7734375,0.31311553716659546,0.957381546497345,0.2179592400789261,0.8053850531578064
0,16,pre_rope,8,128,0.064453125,1.0504176616668701,0.5925173163414001,1.5547128915786743,0.4574846625328064
0,16,post_rope,8,128,0.064453125,1.133772611618042,0.4388066828250885,1.6600512266159058,0.2460588663816452
0,16,pre_rope,16,128,0.12890625,1.1393626928329468,0.649377703666687,1.733389139175415,0.5757184624671936
0,16,post_rope,16,128,0.12890625,1.2205184698104858,0.4658740162849426,1.7906311750411987,0.368408203125
0,16,pre_rope,32,128,0.2578125,1.0279319286346436,0.7656456828117371,1.2935278415679932,0.7875627875328064
0,16,post_rope,32,128,0.2578125,1.1248828172683716,0.6170063018798828,1.622916579246521,0.5830252766609192
0,16,pre_rope,64,128,0.515625,0.8420369029045105,0.8222833871841431,0.7581294775009155,0.9108538031578064
0,16,post_rope,64,128,0.515625,1.035772681236267,0.7413292527198792,1.08942711353302,0.7576904296875
0,16,pre_rope,96,128,0.7734375,0.3859933912754059,0.9325823783874512,0.11853352934122086,0.953857421875
0,16,post_rope,96,128,0.7734375,0.6452013254165649,0.8696420788764954,0.32787615060806274,0.8562709093093872
0,17,pre_rope,8,128,0.064453125,0.3329862654209137,0.9018459916114807,0.40724116563796997,0.4974016547203064
0,17,post_rope,8,128,0.064453125,0.5501192808151245,0.6223964691162109,1.4081096649169922,0.2545863687992096
0,17,pre_rope,16,128,0.12890625,0.23406651616096497,0.9480422139167786,0.24595534801483154,0.5983538031578064
0,17,post_rope,16,128,0.12890625,0.5009795427322388,0.727929949760437,0.8447758555412292,0.3651995062828064
0,17,pre_rope,32,128,0.2578125,0.1873030662536621,0.969573974609375,0.13827744126319885,0.7179478406906128
0,17,post_rope,32,128,0.2578125,0.3922644853591919,0.8803105354309082,0.42970141768455505,0.5168108344078064
0,17,pre_rope,64,128,0.515625,0.13751372694969177,0.9820367097854614,0.06520950049161911,0.8304443359375
0,17,post_rope,64,128,0.515625,0.21252894401550293,0.9634742140769958,0.18732388317584991,0.6753801703453064
0,17,pre_rope,96,128,0.7734375,0.10878384113311768,0.9875251650810242,0.030684364959597588,0.9015067219734192
0,17,post_rope,96,128,0.7734375,0.20004522800445557,0.9726125001907349,0.09424860775470734,0.7831333875656128
0,18,pre_rope,8,128,0.064453125,0.513454794883728,0.8846837282180786,0.4479654133319855,0.6373465657234192
0,18,post_rope,8,128,0.064453125,0.8918260931968689,0.44007423520088196,1.7483352422714233,0.3221261203289032
0,18,pre_rope,16,128,0.12890625,0.4940749704837799,0.928247332572937,0.39868977665901184,0.7234758734703064
0,18,post_rope,16,128,0.12890625,0.7594509124755859,0.6668753027915955,0.9708122611045837,0.4459926187992096
0,18,pre_rope,32,128,0.2578125,0.44112613797187805,0.9542388916015625,0.3267531394958496,0.8203125
0,18,post_rope,32,128,0.2578125,0.5946216583251953,0.8446942567825317,0.5682900547981262,0.5678187608718872
0,18,pre_rope,64,128,0.515625,0.4092883765697479,0.9668608903884888,0.2782345414161682,0.8868756890296936
0,18,post_rope,64,128,0.515625,0.547020673751831,0.9237011671066284,0.41246795654296875,0.7412632703781128
0,18,pre_rope,96,128,0.7734375,0.4005977511405945,0.967356264591217,0.24272644519805908,0.9231305718421936
0,18,post_rope,96,128,0.7734375,0.4866238832473755,0.9369211196899414,0.34382888674736023,0.7950788140296936
0,19,pre_rope,8,128,0.064453125,0.3414609134197235,0.9239333271980286,0.2565632164478302,0.6709856390953064
0,19,post_rope,8,128,0.064453125,0.9473918676376343,0.33230018615722656,2.927776575088501,0.3237479031085968
0,19,pre_rope,16,128,0.12890625,0.27582743763923645,0.95323646068573,0.15381918847560883,0.7614222764968872
0,19,post_rope,16,128,0.12890625,0.80218905210495,0.541725218296051,1.6171780824661255,0.4490094780921936
0,19,pre_rope,32,128,0.2578125,0.22477616369724274,0.9730035662651062,0.09256231784820557,0.8310721516609192
0,19,post_rope,32,128,0.2578125,0.4756823778152466,0.8610640168190002,0.4490261971950531,0.6087471842765808
0,19,pre_rope,64,128,0.515625,0.19003482162952423,0.9818236231803894,0.05612234026193619,0.8992396593093872
0,19,post_rope,64,128,0.515625,0.3825342357158661,0.9376470446586609,0.22329510748386383,0.7481864094734192
0,19,pre_rope,96,128,0.7734375,0.1802176982164383,0.984122097492218,0.04369445890188217,0.9429234266281128
0,19,post_rope,96,128,0.7734375,0.33686164021492004,0.9542540907859802,0.15855059027671814,0.8044956922531128
0,20,pre_rope,8,128,0.064453125,0.3350347578525543,0.9290446639060974,0.6316876411437988,0.5055454969406128
0,20,post_rope,8,128,0.064453125,0.4142555892467499,0.8509440422058105,1.2594162225723267,0.2654854953289032
0,20,pre_rope,16,128,0.12890625,0.2750965654850006,0.9555091261863708,0.4173469543457031,0.662841796875
0,20,post_rope,16,128,0.12890625,0.3251236379146576,0.9225672483444214,0.6985160708427429,0.4970180094242096
0,20,pre_rope,32,128,0.2578125,0.20459267497062683,0.9815425872802734,0.20233693718910217,0.8049839735031128
0,20,post_rope,32,128,0.2578125,0.2905704975128174,0.9467988014221191,0.46314722299575806,0.6390380859375
0,20,pre_rope,64,128,0.515625,0.16445617377758026,0.991128146648407,0.12112831324338913,0.9049420952796936
0,20,post_rope,64,128,0.515625,0.23053254187107086,0.9669552445411682,0.2461162656545639,0.7715541124343872
0,20,pre_rope,96,128,0.7734375,0.11245477944612503,0.9952582120895386,0.04792645946145058,0.9479805827140808
0,20,post_rope,96,128,0.7734375,0.16733773052692413,0.9883120656013489,0.12401445209980011,0.8564801812171936
0,21,pre_rope,8,128,0.064453125,0.32015150785446167,0.8545859456062317,0.5996642708778381,0.4178466796875
0,21,post_rope,8,128,0.064453125,0.5694950819015503,0.7706294655799866,1.347907304763794,0.2390485554933548
0,21,pre_rope,16,128,0.12890625,0.2710402309894562,0.8922409415245056,0.3748251795768738,0.5855015516281128
0,21,post_rope,16,128,0.12890625,0.547344982624054,0.8044284582138062,1.022976279258728,0.3661063015460968
0,21,pre_rope,32,128,0.2578125,0.18054884672164917,0.9336377382278442,0.1299617737531662,0.8422502875328064
0,21,post_rope,32,128,0.2578125,0.4399369955062866,0.8706038594245911,0.5038358569145203,0.5484270453453064
0,21,pre_rope,64,128,0.515625,0.1488616168498993,0.9497644305229187,0.06860267370939255,0.9299141764640808
0,21,post_rope,64,128,0.515625,0.1448059231042862,0.9512714743614197,0.09213165938854218,0.8146100640296936
0,21,pre_rope,96,128,0.7734375,0.10366987437009811,0.9699308276176453,0.02956411801278591,0.9645647406578064
0,21,post_rope,96,128,0.7734375,0.09190419316291809,0.9744938611984253,0.025411048904061317,0.9303501844406128
0,22,pre_rope,8,128,0.064453125,0.702397346496582,0.7567306756973267,0.9060656428337097,0.4160679280757904
0,22,post_rope,8,128,0.064453125,0.8241896033287048,0.6738242506980896,1.3224092721939087,0.2281842976808548
0,22,pre_rope,16,128,0.12890625,0.5777819752693176,0.85161292552948,0.3611660897731781,0.6425606608390808
0,22,post_rope,16,128,0.12890625,0.6586698889732361,0.7805415391921997,0.7619612812995911,0.4665004312992096
0,22,pre_rope,32,128,0.2578125,0.12901341915130615,0.9910668134689331,0.03040417842566967,0.8844691514968872
0,22,post_rope,32,128,0.2578125,0.41100233793258667,0.8961339592933655,0.25864076614379883,0.6944056749343872
0,22,pre_rope,64,128,0.515625,0.0522373765707016,0.9984601736068726,0.006973929703235626,0.9418596625328064
0,22,post_rope,64,128,0.515625,0.12801706790924072,0.9912194609642029,0.031595200300216675,0.8859514594078064
0,22,pre_rope,96,128,0.7734375,0.02036173641681671,0.9997371435165405,0.001349743572063744,0.9737200140953064
0,22,post_rope,96,128,0.7734375,0.06207987293601036,0.9979709982872009,0.007826738990843296,0.9393310546875
0,23,pre_rope,8,128,0.064453125,0.3993198871612549,0.8477947115898132,0.5134807229042053,0.5309186577796936
0,23,post_rope,8,128,0.064453125,0.7903936505317688,0.7297806143760681,1.8125829696655273,0.2732631266117096
0,23,pre_rope,16,128,0.12890625,0.3200148940086365,0.8942484855651855,0.2618395686149597,0.6654576063156128
0,23,post_rope,16,128,0.12890625,0.7070357799530029,0.8051902651786804,1.2023801803588867,0.4909493625164032
0,23,pre_rope,32,128,0.2578125,0.17768923938274384,0.9717192649841309,0.08636301010847092,0.7954276204109192
0,23,post_rope,32,128,0.2578125,0.5362457633018494,0.8730551600456238,0.42950502038002014,0.6282261610031128
0,23,pre_rope,64,128,0.515625,0.03955497592687607,0.9987689256668091,0.009542711079120636,0.9236885905265808
0,23,post_rope,64,128,0.515625,0.14846095442771912,0.9795762300491333,0.07359148561954498,0.8178536295890808
0,23,pre_rope,96,128,0.7734375,0.015299251303076744,0.9998345971107483,0.0014735279837623239,0.9700753092765808
0,23,post_rope,96,128,0.7734375,0.04382128641009331,0.9982461929321289,0.012048528529703617,0.9209507703781128
1,0,pre_rope,8,128,0.064453125,0.18480156362056732,0.9783347845077515,0.1122593805193901,0.8366350531578064
1,0,post_rope,8,128,0.064453125,0.8720581531524658,0.5471486449241638,3.71114182472229,0.1922607421875
1,0,pre_rope,16,128,0.12890625,0.12334631383419037,0.9898191690444946,0.05856325849890709,0.8831089735031128
1,0,post_rope,16,128,0.12890625,0.8054137825965881,0.6423563957214355,2.406787633895874,0.396484375
1,0,pre_rope,32,128,0.2578125,0.06435413658618927,0.9973082542419434,0.02126484550535679,0.9275774359703064
1,0,post_rope,32,128,0.2578125,0.31238865852355957,0.936088502407074,0.32856544852256775,0.7285504937171936
1,0,pre_rope,64,128,0.515625,0.03194316104054451,0.999471127986908,0.0033323783427476883,0.9695870280265808
1,0,post_rope,64,128,0.515625,0.17429719865322113,0.9796886444091797,0.12652572989463806,0.8178536295890808
1,0,pre_rope,96,128,0.7734375,0.00932976882904768,0.9999526739120483,0.0003233404422644526,0.9892926812171936
1,0,post_rope,96,128,0.7734375,0.06797976046800613,0.9969748258590698,0.024275455623865128,0.9218401312828064
1,1,pre_rope,8,128,0.064453125,0.17495398223400116,0.9535083174705505,0.23887433111667633,0.7455182671546936
1,1,post_rope,8,128,0.064453125,0.4534277021884918,0.7114790678024292,2.500566244125366,0.2030552476644516
1,1,pre_rope,16,128,0.12890625,0.12419731914997101,0.9754279255867004,0.13963249325752258,0.7913643717765808
1,1,post_rope,16,128,0.12890625,0.3928086459636688,0.7516907453536987,1.3213603496551514,0.3984723687171936
1,1,pre_rope,32,128,0.2578125,0.08578816801309586,0.9889476895332336,0.08341621607542038,0.8385358452796936
1,1,post_rope,32,128,0.2578125,0.2918497920036316,0.8885616064071655,0.5962322950363159,0.5691789984703064
1,1,pre_rope,64,128,0.515625,0.05293773114681244,0.9968003034591675,0.03208291903138161,0.8972342610359192
1,1,post_rope,64,128,0.515625,0.2053373157978058,0.9633058905601501,0.2245849072933197,0.7615618109703064
1,1,pre_rope,96,128,0.7734375,0.03197339549660683,0.9987614750862122,0.00888446718454361,0.9453125
1,1,post_rope,96,128,0.7734375,0.09910169243812561,0.9891428351402283,0.07949596643447876,0.8434186577796936
1,2,pre_rope,8,128,0.064453125,0.4282646179199219,0.893415629863739,0.2559555172920227,0.7918352484703064
1,2,post_rope,8,128,0.064453125,1.0077009201049805,0.3964151442050934,2.091639995574951,0.4496023952960968
1,2,pre_rope,16,128,0.12890625,0.34110990166664124,0.9286646842956543,0.1776989847421646,0.8189348578453064
1,2,post_rope,16,128,0.12890625,0.8633173704147339,0.5946055054664612,1.2462882995605469,0.5400041937828064
1,2,pre_rope,32,128,0.2578125,0.26324349641799927,0.9567707180976868,0.10569757223129272,0.8546142578125
1,2,post_rope,32,128,0.2578125,0.6192295551300049,0.8062750101089478,0.447363942861557,0.7283760905265808
1,2,pre_rope,64,128,0.515625,0.14401505887508392,0.9874333143234253,0.03484603017568588,0.9032331109046936
1,2,post_rope,64,128,0.515625,0.4760802984237671,0.8907775282859802,0.2520603537559509,0.7886614203453064
1,2,pre_rope,96,128,0.7734375,0.0952971950173378,0.9954565763473511,0.011564686894416809,0.9508056640625
1,2,post_rope,96,128,0.7734375,0.3262746334075928,0.9413431286811829,0.11618660390377045,0.8552943468093872
1,3,pre_rope,8,128,0.064453125,0.8235297799110413,0.7479353547096252,3.113163471221924,0.5848737359046936
1,3,post_rope,8,128,0.064453125,0.9866675138473511,0.4814033508300781,3.9989912509918213,0.2181919664144516
1,3,pre_rope,16,128,0.12890625,0.7923339605331421,0.7930225133895874,2.7342917919158936,0.6715785264968872
1,3,post_rope,16,128,0.12890625,0.9538456797599792,0.5703628659248352,3.3204028606414795,0.3675362765789032
1,3,pre_rope,32,128,0.2578125,0.6864711046218872,0.8495856523513794,1.1247371435165405,0.8194231390953064
1,3,post_rope,32,128,0.2578125,0.9165606498718262,0.6845837831497192,3.0216901302337646,0.5105852484703064
1,3,pre_rope,64,128,0.515625,0.5401464104652405,0.8750983476638794,0.5254766941070557,0.8880789875984192
1,3,post_rope,64,128,0.515625,0.8051506280899048,0.8326442837715149,1.6674556732177734,0.7523018717765808
1,3,pre_rope,96,128,0.7734375,0.18665793538093567,0.9534350633621216,0.09513572603464127,0.9522530436515808
1,3,post_rope,96,128,0.7734375,0.7362880706787109,0.8618536591529846,0.9346989989280701,0.8261021375656128
1,4,pre_rope,8,128,0.064453125,0.5885051488876343,0.8244596719741821,2.8125298023223877,0.7274867296218872
1,4,post_rope,8,128,0.064453125,0.9345638155937195,0.481810599565506,3.516798734664917,0.3069894015789032
1,4,pre_rope,16,128,0.12890625,0.5615431666374207,0.8403974175453186,1.8890230655670166,0.7769775390625
1,4,post_rope,16,128,0.12890625,0.8711556792259216,0.6212811470031738,3.154942274093628,0.4305245578289032
1,4,pre_rope,32,128,0.2578125,0.540067732334137,0.8525016903877258,1.4601455926895142,0.8209403157234192
1,4,post_rope,32,128,0.2578125,0.7619431018829346,0.7522677779197693,2.8209550380706787,0.5687430500984192
1,4,pre_rope,64,128,0.515625,0.4832514226436615,0.8703233003616333,0.8238862156867981,0.8813825249671936
1,4,post_rope,64,128,0.515625,0.5789432525634766,0.8398952484130859,1.0366078615188599,0.7723912000656128
1,4,pre_rope,96,128,0.7734375,0.3307448625564575,0.9206962585449219,0.33355650305747986,0.9256940484046936
1,4,post_rope,96,128,0.7734375,0.5401819348335266,0.8522612452507019,0.8115460276603699,0.8235560655593872
1,5,pre_rope,8,128,0.064453125,0.37112653255462646,0.9281764626502991,0.28517410159111023,0.6507743000984192
1,5,post_rope,8,128,0.064453125,0.8223173022270203,0.5926513671875,1.6810728311538696,0.3395124077796936
1,5,pre_rope,16,128,0.12890625,0.29348012804985046,0.9487319588661194,0.1779438704252243,0.7232666015625
1,5,post_rope,16,128,0.12890625,0.7496770024299622,0.6884487867355347,1.1666427850723267,0.4118826687335968
1,5,pre_rope,32,128,0.2578125,0.25077202916145325,0.9577323198318481,0.11762259155511856,0.7874581217765808
1,5,post_rope,32,128,0.2578125,0.5094505548477173,0.888931930065155,0.46900299191474915,0.5303606390953064
1,5,pre_rope,64,128,0.515625,0.2118707299232483,0.9651862382888794,0.06701277941465378,0.8771100640296936
1,5,post_rope,64,128,0.515625,0.3464023172855377,0.9365156888961792,0.20563791692256927,0.7200404405593872
1,5,pre_rope,96,128,0.7734375,0.18796749413013458,0.9721314311027527,0.04722052067518234,0.9249267578125
1,5,post_rope,96,128,0.7734375,0.2561880052089691,0.9566491842269897,0.12222451716661453,0.7906842827796936
1,6,pre_rope,8,128,0.064453125,0.5013105273246765,0.9125014543533325,0.966548502445221,0.7155587077140808
1,6,post_rope,8,128,0.064453125,0.7340226173400879,0.6984898447990417,2.24164080619812,0.2919921875
1,6,pre_rope,16,128,0.12890625,0.4622499942779541,0.9274141192436218,0.7615876197814941,0.7685372233390808
1,6,post_rope,16,128,0.12890625,0.650549590587616,0.7815245389938354,1.667212724685669,0.3802141547203064
1,6,pre_rope,32,128,0.2578125,0.395038902759552,0.9454756379127502,0.5881587266921997,0.8175572156906128
1,6,post_rope,32,128,0.2578125,0.5588023662567139,0.8561886548995972,1.1740862131118774,0.5474504828453064
1,6,pre_rope,64,128,0.515625,0.41982632875442505,0.945228636264801,0.4250836968421936,0.8769356608390808
1,6,post_rope,64,128,0.515625,0.6574479341506958,0.9008598327636719,0.9005357623100281,0.7300850749015808
1,6,pre_rope,96,128,0.7734375,0.38073357939720154,0.9541415572166443,0.23801708221435547,0.9227294921875
1,6,post_rope,96,128,0.7734375,0.5309509634971619,0.9294012188911438,0.5749519467353821,0.8009556531906128
1,7,pre_rope,8,128,0.064453125,0.5311622619628906,0.8273511528968811,0.3641602396965027,0.6794084906578064
1,7,post_rope,8,128,0.064453125,1.0873372554779053,0.16012360155582428,2.56492018699646,0.3597237765789032
1,7,pre_rope,16,128,0.12890625,0.4345930218696594,0.879388689994812,0.21554537117481232,0.7363106608390808
1,7,post_rope,16,128,0.12890625,1.0129268169403076,0.3137194514274597,1.7276115417480469,0.422119140625
1,7,pre_rope,32,128,0.2578125,0.3383259177207947,0.9148181080818176,0.12036591023206711,0.808837890625
1,7,post_rope,32,128,0.2578125,0.6730374693870544,0.7471342086791992,0.5440293550491333,0.5848039984703064
1,7,pre_rope,64,128,0.515625,0.2725747227668762,0.92988121509552,0.07377418130636215,0.8780692219734192
1,7,post_rope,64,128,0.515625,0.47886866331100464,0.8494477272033691,0.2469014823436737,0.7341657280921936
1,7,pre_rope,96,128,0.7734375,0.2615714967250824,0.937754213809967,0.058738257735967636,0.9219970703125
1,7,post_rope,96,128,0.7734375,0.4181276857852936,0.8858002424240112,0.1687333583831787,0.8061174750328064
1,8,pre_rope,8,128,0.064453125,0.4112589955329895,0.9301153421401978,1.4710198640823364,0.7527030110359192
1,8,post_rope,8,128,0.064453125,1.0279964208602905,0.2813611328601837,4.271542549133301,0.2405657023191452
1,8,pre_rope,16,128,0.12890625,0.37258416414260864,0.943957507610321,1.224999189376831,0.81201171875
1,8,post_rope,16,128,0.12890625,0.8992636203765869,0.4720214903354645,3.1513431072235107,0.3490338921546936
1,8,pre_rope,32,128,0.2578125,0.34252557158470154,0.9550851583480835,0.747463583946228,0.85498046875
1,8,post_rope,32,128,0.2578125,0.5195329785346985,0.8482818603515625,1.4744430780410767,0.6341029405593872
1,8,pre_rope,64,128,0.515625,0.28405722975730896,0.9675151109695435,0.25213927030563354,0.9009312391281128
1,8,post_rope,64,128,0.515625,0.4091498553752899,0.9240666627883911,1.0154832601547241,0.7881208062171936
1,8,pre_rope,96,128,0.7734375,0.20269399881362915,0.9808420538902283,0.08077265322208405,0.9452950358390808
1,8,post_rope,96,128,0.7734375,0.37630537152290344,0.9473447203636169,0.8324404954910278,0.8631591796875
1,9,pre_rope,8,128,0.064453125,0.6659998297691345,0.7374046444892883,0.7322432398796082,0.48681640625
1,9,post_rope,8,128,0.064453125,1.1105684041976929,0.20322799682617188,2.9632811546325684,0.2331019788980484
1,9,pre_rope,16,128,0.12890625,0.5526179075241089,0.8615007400512695,0.3683006465435028,0.6257672905921936
1,9,post_rope,16,128,0.12890625,1.0338691473007202,0.3714688718318939,2.194089412689209,0.3638218343257904
1,9,pre_rope,32,128,0.2578125,0.40106669068336487,0.9259771704673767,0.1706465780735016,0.7876499891281128
1,9,post_rope,32,128,0.2578125,0.7787865996360779,0.7151493430137634,0.6257157921791077,0.6127581000328064
1,9,pre_rope,64,128,0.515625,0.33020132780075073,0.9440986514091492,0.09359463304281235,0.8660539984703064
1,9,post_rope,64,128,0.515625,0.4154132902622223,0.9220315217971802,0.1999894231557846,0.7700020670890808
1,9,pre_rope,96,128,0.7734375,0.29336559772491455,0.9508070349693298,0.06206304952502251,0.9202183485031128
1,9,post_rope,96,128,0.7734375,0.3834725022315979,0.936172366142273,0.14221502840518951,0.8214808702468872
1,10,pre_rope,8,128,0.064453125,0.2776036262512207,0.955887496471405,0.2045077085494995,0.7458321452140808
1,10,post_rope,8,128,0.064453125,0.9987680315971375,0.5151240229606628,2.3567936420440674,0.4205322265625
1,10,pre_rope,16,128,0.12890625,0.28812310099601746,0.9555490612983704,0.1723187267780304,0.8081229329109192
1,10,post_rope,16,128,0.12890625,0.8928523063659668,0.6798103451728821,1.4363991022109985,0.5706089735031128
1,10,pre_rope,32,128,0.2578125,0.24865801632404327,0.9646517634391785,0.10577794164419174,0.8643101453781128
1,10,post_rope,32,128,0.2578125,0.36107170581817627,0.9411324262619019,0.28565534949302673,0.6947196125984192
1,10,pre_rope,64,128,0.515625,0.210038959980011,0.9733223915100098,0.06365614384412766,0.9140625
1,10,post_rope,64,128,0.515625,0.34735625982284546,0.9485848546028137,0.21637603640556335,0.7855573296546936
1,10,pre_rope,96,128,0.7734375,0.20150360465049744,0.9763278961181641,0.05059005692601204,0.9411969780921936
1,10,post_rope,96,128,0.7734375,0.2576937675476074,0.9660676717758179,0.10733599215745926,0.8537772297859192
1,11,pre_rope,8,128,0.064453125,0.7547337412834167,0.737188994884491,1.007365345954895,0.3861432671546936
1,11,post_rope,8,128,0.064453125,1.0693752765655518,0.44981837272644043,1.9837963581085205,0.2529296875
1,11,pre_rope,16,128,0.12890625,0.9403712749481201,0.7022110819816589,1.0417550802230835,0.5277274250984192
1,11,post_rope,16,128,0.12890625,1.119329810142517,0.4976657032966614,1.7591241598129272,0.3848528265953064
1,11,pre_rope,32,128,0.2578125,0.7615182399749756,0.8226491212844849,0.566898763179779,0.7453438639640808
1,11,post_rope,32,128,0.2578125,0.9407802820205688,0.7132067680358887,1.0384975671768188,0.6128453016281128
1,11,pre_rope,64,128,0.515625,0.6531307101249695,0.8657447695732117,0.3304266333580017,0.8646937608718872
1,11,post_rope,64,128,0.515625,0.7083384990692139,0.8518058061599731,0.49216485023498535,0.75732421875
1,11,pre_rope,96,128,0.7734375,0.28090766072273254,0.9625285267829895,0.04896623641252518,0.9593505859375
1,11,post_rope,96,128,0.7734375,0.5606110095977783,0.8961502313613892,0.26775798201560974,0.8380998969078064
1,12,pre_rope,8,128,0.064453125,0.3499068021774292,0.9365888237953186,0.8947256803512573,0.7062813639640808
1,12,post_rope,8,128,0.064453125,0.958476185798645,0.47409436106681824,2.6030995845794678,0.271728515625
1,12,pre_rope,16,128,0.12890625,0.3191360533237457,0.9534444808959961,0.8332253098487854,0.7562604546546936
1,12,post_rope,16,128,0.12890625,0.8377878069877625,0.6660919785499573,1.7284584045410156,0.4568219780921936
1,12,pre_rope,32,128,0.2578125,0.28192251920700073,0.9673119783401489,0.7002772688865662,0.8147321343421936
1,12,post_rope,32,128,0.2578125,0.4757421016693115,0.8909102082252502,0.9703229069709778,0.6172747015953064
1,12,pre_rope,64,128,0.515625,0.23023657500743866,0.9769116640090942,0.5194486379623413,0.8921247124671936
1,12,post_rope,64,128,0.515625,0.33742669224739075,0.9556205868721008,0.7639466524124146,0.7664271593093872
1,12,pre_rope,96,128,0.7734375,0.18497927486896515,0.9825889468193054,0.33781081438064575,0.9387381672859192
1,12,post_rope,96,128,0.7734375,0.22318154573440552,0.9728910326957703,0.5423899292945862,0.8391287922859192
1,13,pre_rope,8,128,0.064453125,0.6331951022148132,0.7967457175254822,1.1816025972366333,0.5463692545890808
1,13,post_rope,8,128,0.064453125,1.1156305074691772,0.48962345719337463,2.7430107593536377,0.2211565226316452
1,13,pre_rope,16,128,0.12890625,0.6232815980911255,0.8282423615455627,1.0410677194595337,0.6476178765296936
1,13,post_rope,16,128,0.12890625,0.8223541378974915,0.6681939363479614,1.8077545166015625,0.4126150906085968
1,13,pre_rope,32,128,0.2578125,0.5808945298194885,0.8585944771766663,0.7782820463180542,0.7716239094734192
1,13,post_rope,32,128,0.2578125,0.7146909832954407,0.7823978066444397,1.2133148908615112,0.5669119954109192
1,13,pre_rope,64,128,0.515625,0.4685088098049164,0.8871431350708008,0.47000908851623535,0.8878697156906128
1,13,post_rope,64,128,0.515625,0.5537431240081787,0.8559774160385132,0.6015928983688354,0.7312709093093872
1,13,pre_rope,96,128,0.7734375,0.36678439378738403,0.915061354637146,0.2326054871082306,0.9395751953125
1,13,post_rope,96,128,0.7734375,0.38233041763305664,0.9175378084182739,0.27558693289756775,0.8389020562171936
1,14,pre_rope,8,128,0.064453125,0.36227893829345703,0.9303620457649231,0.5154328346252441,0.7115478515625
1,14,post_rope,8,128,0.064453125,0.7346705794334412,0.6105505228042603,2.114899158477783,0.3616420328617096
1,14,pre_rope,16,128,0.12890625,0.3054215908050537,0.9557434320449829,0.37769508361816406,0.7941545844078064
1,14,post_rope,16,128,0.12890625,0.6549593806266785,0.7719283103942871,1.2543513774871826,0.5804094672203064
1,14,pre_rope,32,128,0.2578125,0.2413325309753418,0.9720864295959473,0.2616058886051178,0.8434535264968872
1,14,post_rope,32,128,0.2578125,0.47147512435913086,0.9001163244247437,0.6117057800292969,0.6876744031906128
1,14,pre_rope,64,128,0.515625,0.19226336479187012,0.984512448310852,0.15100455284118652,0.9130510687828064
1,14,post_rope,64,128,0.515625,0.2678266167640686,0.966943085193634,0.30700916051864624,0.8023506999015808
1,14,pre_rope,96,128,0.7734375,0.1709849238395691,0.9888219833374023,0.1020069345831871,0.94580078125
1,14,post_rope,96,128,0.7734375,0.2134086936712265,0.9816126227378845,0.19903966784477234,0.8617118000984192
1,15,pre_rope,8,128,0.064453125,0.4622228443622589,0.910589337348938,0.4602709412574768,0.6680908203125
1,15,post_rope,8,128,0.064453125,0.8691681027412415,0.5554722547531128,2.1581225395202637,0.3627406656742096
1,15,pre_rope,16,128,0.12890625,0.3557693660259247,0.9464116096496582,0.28392285108566284,0.7588936686515808
1,15,post_rope,16,128,0.12890625,0.6973959803581238,0.7611870169639587,1.2390671968460083,0.5177873969078064
1,15,pre_rope,32,128,0.2578125,0.29418042302131653,0.9642912745475769,0.20216575264930725,0.8091517686843872
1,15,post_rope,32,128,0.2578125,0.4776420593261719,0.9027338027954102,0.5311506390571594,0.6602434515953064
1,15,pre_rope,64,128,0.515625,0.24103040993213654,0.9760035872459412,0.12756292521953583,0.8736746907234192
1,15,post_rope,64,128,0.515625,0.36035510897636414,0.9446035027503967,0.31463876366615295,0.7642647624015808
1,15,pre_rope,96,128,0.7734375,0.16102375090122223,0.9885730743408203,0.047930095344781876,0.9395751953125
1,15,post_rope,96,128,0.7734375,0.29325711727142334,0.9667009115219116,0.192988321185112,0.8216727375984192
1,16,pre_rope,8,128,0.064453125,0.9076327085494995,0.6353375315666199,1.6027330160140991,0.4719586968421936
1,16,post_rope,8,128,0.064453125,0.9540678858757019,0.48231443762779236,1.8711450099945068,0.2278180867433548
1,16,pre_rope,16,128,0.12890625,0.8926705121994019,0.7161992788314819,1.7172967195510864,0.6082414984703064
1,16,post_rope,16,128,0.12890625,0.961434543132782,0.6014760136604309,1.7438688278198242,0.4671456515789032
1,16,pre_rope,32,128,0.2578125,0.7114517092704773,0.8354832530021667,1.1351357698440552,0.8157435655593872
1,16,post_rope,32,128,0.2578125,0.9713538289070129,0.6660844683647156,1.7227132320404053,0.5753348469734192
1,16,pre_rope,64,128,0.515625,0.5825517177581787,0.8875540494918823,0.6762722730636597,0.9173409342765808
1,16,post_rope,64,128,0.515625,0.7085684537887573,0.8125653266906738,0.9488025307655334,0.7739606499671936
1,16,pre_rope,96,128,0.7734375,0.3301156759262085,0.9436885714530945,0.16611656546592712,0.956298828125
1,16,post_rope,96,128,0.7734375,0.43707039952278137,0.9113355278968811,0.3020966351032257,0.8671700358390808
1,17,pre_rope,8,128,0.064453125,0.33997759222984314,0.9280223846435547,0.3584963381290436,0.5486537218093872
1,17,post_rope,8,128,0.064453125,0.5888323783874512,0.6543660163879395,1.6177823543548584,0.1911969929933548
1,17,pre_rope,16,128,0.12890625,0.25808408856391907,0.9549174904823303,0.2260984182357788,0.653564453125
1,17,post_rope,16,128,0.12890625,0.5059449672698975,0.792357325553894,0.7127652168273926,0.4292166531085968
1,17,pre_rope,32,128,0.2578125,0.20352870225906372,0.9669357538223267,0.14328815042972565,0.7389090657234192
1,17,post_rope,32,128,0.2578125,0.3530925512313843,0.9146741032600403,0.3566349446773529,0.5622733235359192
1,17,pre_rope,64,128,0.515625,0.15968021750450134,0.9791968464851379,0.071046382188797,0.845703125
1,17,post_rope,64,128,0.515625,0.26300835609436035,0.9545913338661194,0.1851210743188858,0.7023402452468872
1,17,pre_rope,96,128,0.7734375,0.10732216387987137,0.9894334077835083,0.030703365802764893,0.9133998155593872
1,17,post_rope,96,128,0.7734375,0.22498537600040436,0.9690824151039124,0.11313287168741226,0.7843714952468872
1,18,pre_rope,8,128,0.064453125,0.5776723027229309,0.87901771068573,0.5456808805465698,0.6389508843421936
1,18,post_rope,8,128,0.064453125,0.8948062062263489,0.4546540081501007,2.2182881832122803,0.1972481906414032
1,18,pre_rope,16,128,0.12890625,0.5526487827301025,0.9105954766273499,0.4341405928134918,0.7185581922531128
1,18,post_rope,16,128,0.12890625,0.7927663922309875,0.6841530203819275,1.0435365438461304,0.4500383734703064
1,18,pre_rope,32,128,0.2578125,0.49738240242004395,0.9355353116989136,0.34859994053840637,0.7998046875
1,18,post_rope,32,128,0.2578125,0.688805878162384,0.8422917127609253,0.6626917123794556,0.5511823296546936
1,18,pre_rope,64,128,0.515625,0.4552612006664276,0.9488310217857361,0.30115562677383423,0.874755859375
1,18,post_rope,64,128,0.515625,0.631481409072876,0.912831723690033,0.45696738362312317,0.7243303656578064
1,18,pre_rope,96,128,0.7734375,0.4375847578048706,0.9545091986656189,0.27525824308395386,0.9123186469078064
1,18,post_rope,96,128,0.7734375,0.582103967666626,0.9283985495567322,0.39556601643562317,0.7890450358390808
1,19,pre_rope,8,128,0.064453125,0.32541048526763916,0.9307801127433777,0.30848100781440735,0.6597551703453064
1,19,post_rope,8,128,0.064453125,0.9071403741836548,0.45203718543052673,2.8924076557159424,0.2316371351480484
1,19,pre_rope,16,128,0.12890625,0.26432615518569946,0.9593234062194824,0.18576422333717346,0.7498081922531128
1,19,post_rope,16,128,0.12890625,0.758047878742218,0.6498088836669922,1.6032905578613281,0.4115338921546936
1,19,pre_rope,32,128,0.2578125,0.22956612706184387,0.9715197682380676,0.11474750936031342,0.8204345703125
1,19,post_rope,32,128,0.2578125,0.5320723056793213,0.8505828976631165,0.641665518283844,0.5474330186843872
1,19,pre_rope,64,128,0.515625,0.1841755211353302,0.9824283719062805,0.06143799051642418,0.903076171875
1,19,post_rope,64,128,0.515625,0.3840343952178955,0.9374803900718689,0.2787236273288727,0.7233538031578064
1,19,pre_rope,96,128,0.7734375,0.17013677954673767,0.986059308052063,0.0465882383286953,0.9436558485031128
1,19,post_rope,96,128,0.7734375,0.3324434757232666,0.9507903456687927,0.19260790944099426,0.7900913953781128
1,20,pre_rope,8,128,0.064453125,0.3484911024570465,0.9400110244750977,0.6280028223991394,0.5340750813484192
1,20,post_rope,8,128,0.064453125,0.4555264115333557,0.8804275393486023,1.411636471748352,0.3053850531578064
1,20,pre_rope,16,128,0.12890625,0.2816154658794403,0.9661866426467896,0.32622745633125305,0.7095598578453064
1,20,post_rope,16,128,0.12890625,0.41968461871147156,0.9023628830909729,0.916939377784729,0.4688546359539032
1,20,pre_rope,32,128,0.2578125,0.19971062242984772,0.9847410321235657,0.16663675010204315,0.8452497124671936
1,20,post_rope,32,128,0.2578125,0.35940608382225037,0.9426148533821106,0.5083152651786804,0.6266043782234192
1,20,pre_rope,64,128,0.515625,0.16247180104255676,0.9904288649559021,0.11265052109956741,0.9146903157234192
1,20,post_rope,64,128,0.515625,0.29421043395996094,0.9681906700134277,0.2640025317668915,0.7635672688484192
1,20,pre_rope,96,128,0.7734375,0.10399285703897476,0.9959586262702942,0.043989866971969604,0.9548514485359192
1,20,post_rope,96,128,0.7734375,0.17203225195407867,0.9889498949050903,0.11701943725347519,0.8619210124015808
1,21,pre_rope,8,128,0.064453125,0.35449033975601196,0.8305451273918152,0.6261439919471741,0.4508405327796936
1,21,post_rope,8,128,0.064453125,0.5870943665504456,0.7370696663856506,1.37289559841156,0.2745710015296936
1,21,pre_rope,16,128,0.12890625,0.3001980781555176,0.8825598955154419,0.35874420404434204,0.6104387640953064
1,21,post_rope,16,128,0.12890625,0.5646367073059082,0.7670420408248901,1.047780990600586,0.4196603000164032
1,21,pre_rope,32,128,0.2578125,0.17830640077590942,0.9347344636917114,0.11859939247369766,0.8448486328125
1,21,post_rope,32,128,0.2578125,0.4757338762283325,0.8427548408508301,0.5720205307006836,0.5368303656578064
1,21,pre_rope,64,128,0.515625,0.1393936425447464,0.9508918523788452,0.06440774351358414,0.9347272515296936
1,21,post_rope,64,128,0.515625,0.1430332064628601,0.9554100036621094,0.0794345960021019,0.8353794813156128
1,21,pre_rope,96,128,0.7734375,0.08655937761068344,0.9792812466621399,0.02108687162399292,0.9658203125
1,21,post_rope,96,128,0.7734375,0.08865748345851898,0.9787907600402832,0.023763516917824745,0.9286586046218872
1,22,pre_rope,8,128,0.064453125,0.7575877904891968,0.7371163964271545,0.8453466296195984,0.4390346109867096
1,22,post_rope,8,128,0.064453125,0.7959339618682861,0.6655539870262146,1.5034128427505493,0.2229701429605484
1,22,pre_rope,16,128,0.12890625,0.5089408159255981,0.8699818849563599,0.36398744583129883,0.6547154188156128
1,22,post_rope,16,128,0.12890625,0.7323920130729675,0.7517635226249695,0.9286395907402039,0.4401332437992096
1,22,pre_rope,32,128,0.2578125,0.25190335512161255,0.9850401878356934,0.04556634649634361,0.8709716796875
1,22,post_rope,32,128,0.2578125,0.4893362820148468,0.8949767351150513,0.30758363008499146,0.6962715983390808
1,22,pre_rope,64,128,0.515625,0.07262707501649857,0.9974561333656311,0.0075705526396632195,0.9442313313484192
1,22,post_rope,64,128,0.515625,0.25631722807884216,0.9874613881111145,0.043904151767492294,0.8799351453781128
1,22,pre_rope,96,128,0.7734375,0.024942610412836075,0.9995958209037781,0.001575759262777865,0.9722900390625
1,22,post_rope,96,128,0.7734375,0.07032063603401184,0.9969932436943054,0.00938961748033762,0.9389125108718872
1,23,pre_rope,8,128,0.064453125,0.4478185176849365,0.847531795501709,0.6491977572441101,0.4879673421382904
1,23,post_rope,8,128,0.064453125,0.7816064357757568,0.7393119931221008,1.9243208169937134,0.2696358859539032
1,23,pre_rope,16,128,0.12890625,0.3572838604450226,0.9096189737319946,0.3016836941242218,0.6677071452140808
1,23,post_rope,16,128,0.12890625,0.6936154961585999,0.8156364560127258,1.1200332641601562,0.4908970296382904
1,23,pre_rope,32,128,0.2578125,0.20627765357494354,0.9705998301506042,0.1028955951333046,0.7934395670890808
1,23,post_rope,32,128,0.2578125,0.5376356244087219,0.8760713338851929,0.5234182476997375,0.6030098795890808
1,23,pre_rope,64,128,0.515625,0.06385454535484314,0.9980713725090027,0.011662582866847515,0.9225202202796936
1,23,post_rope,64,128,0.515625,0.21959468722343445,0.9714118242263794,0.0941438153386116,0.8196846842765808
1,23,pre_rope,96,128,0.7734375,0.023674417287111282,0.9997633695602417,0.0014884581323713064,0.9718192219734192
1,23,post_rope,96,128,0.7734375,0.07021783292293549,0.9968319535255432,0.015748420730233192,0.9198172688484192
