prompt,config,mode,rank,budget,stream_tokens,nll,ppl,kl,top1_agree,gpu_mem,decode_s
0,full,full,128,0,0,2.912019729614258,18.393911361694336,0.0,1.0,1.0,35.444434799999726
0,lowrank r=1/4,lowrank,32,0,0,3.0633389949798584,21.398889541625977,0.1632726788520813,0.765625,0.6290322580645161,37.03929980000248
0,lowrank+outliers r=1/4,lowrank_outliers,32,0,0,2.9366238117218018,18.85209083557129,0.04566050320863724,0.8984375,0.6340725806451613,39.42737490000218
0,sparse B=512,sparse,128,512,0,2.9401297569274902,18.91830062866211,0.02575516328215599,0.890625,0.5675403225806451,23.03101289999904
0,streaming 552 tok,streaming,128,0,552,3.0166664123535156,20.423095703125,0.13796502351760864,0.828125,0.13911290322580644,22.708389300001727
0,streaming 800 tok,streaming,128,0,800,3.0171010494232178,20.431974411010742,0.13069738447666168,0.8359375,0.20161290322580644,22.870057000000088
0,shadowkv r=1/4 B=256,shadowkv,32,256,0,2.9927074909210205,19.93959617614746,0.07893871515989304,0.8671875,0.20161290322580644,23.44306929999948
0,shadowkv r=1/4 B=512,shadowkv,32,512,0,2.956120491027832,19.223249435424805,0.06232374161481857,0.875,0.20161290322580644,25.65506159999859
0,shadowkv r=1/2 B=512,shadowkv,64,512,0,2.9489147663116455,19.085229873657227,0.03817451745271683,0.8828125,0.33064516129032256,25.848161300000356
1,full,full,128,0,0,2.469283103942871,11.813974380493164,0.0,1.0,1.0,38.06783170000199
1,lowrank r=1/4,lowrank,32,0,0,2.659882068634033,14.29460334777832,0.19803567230701447,0.71875,0.6290322580645161,51.654799800002365
1,lowrank+outliers r=1/4,lowrank_outliers,32,0,0,2.5117270946502686,12.326200485229492,0.07341268658638,0.8828125,0.6340725806451613,47.78370369999902
1,sparse B=512,sparse,128,512,0,2.506204605102539,12.258316993713379,0.05781804025173187,0.8515625,0.5675403225806451,29.941761199999746
1,streaming 552 tok,streaming,128,0,552,2.5962672233581543,13.41357421875,0.19146567583084106,0.7578125,0.13911290322580644,23.93220989999827
1,streaming 800 tok,streaming,128,0,800,2.6036014556884766,13.512314796447754,0.1750251054763794,0.7734375,0.20161290322580644,24.75246689999767
1,shadowkv r=1/4 B=256,shadowkv,32,256,0,2.5271475315093994,12.517748832702637,0.13286642730236053,0.828125,0.20161290322580644,24.365360600000713
1,shadowkv r=1/4 B=512,shadowkv,32,512,0,2.5356130599975586,12.624167442321777,0.10072384774684906,0.859375,0.20161290322580644,24.917649200000596
1,shadowkv r=1/2 B=512,shadowkv,64,512,0,2.5173816680908203,12.396097183227539,0.07088816165924072,0.828125,0.33064516129032256,25.28914789999908
2,full,full,128,0,0,2.4260733127593994,11.314366340637207,0.0,1.0,1.0,34.51577299999917
2,lowrank r=1/4,lowrank,32,0,0,2.6847641468048096,14.654744148254395,0.2572275400161743,0.7734375,0.6290322580645161,37.28751419999753
2,lowrank+outliers r=1/4,lowrank_outliers,32,0,0,2.4515819549560547,11.606693267822266,0.017132407054305077,0.9609375,0.6340725806451613,39.13298139999824
2,sparse B=512,sparse,128,512,0,2.4272170066833496,11.327314376831055,0.010519753210246563,0.9921875,0.5675403225806451,23.300218000000314
2,streaming 552 tok,streaming,128,0,552,2.4748077392578125,11.879423141479492,0.044102948158979416,0.953125,0.13911290322580644,22.904950399999507
2,streaming 800 tok,streaming,128,0,800,2.473855495452881,11.86811637878418,0.03368918597698212,0.984375,0.20161290322580644,25.076334999997925
2,shadowkv r=1/4 B=256,shadowkv,32,256,0,2.444673538208008,11.526785850524902,0.04247314855456352,0.953125,0.20161290322580644,23.316351799996482
2,shadowkv r=1/4 B=512,shadowkv,32,512,0,2.4399237632751465,11.472166061401367,0.02935034967958927,0.9609375,0.20161290322580644,27.933248000001186
2,shadowkv r=1/2 B=512,shadowkv,64,512,0,2.3975155353546143,10.995823860168457,0.0214425977319479,0.9921875,0.33064516129032256,25.35073360000024
3,full,full,128,0,0,2.376213550567627,10.764067649841309,0.0,1.0,1.0,34.777490399999806
3,lowrank r=1/4,lowrank,32,0,0,2.5117297172546387,12.32623291015625,0.1420058012008667,0.796875,0.6290322580645161,37.471279200002755
3,lowrank+outliers r=1/4,lowrank_outliers,32,0,0,2.417754888534546,11.2206392288208,0.03855167329311371,0.9140625,0.6340725806451613,39.52737740000157
3,sparse B=512,sparse,128,512,0,2.3722567558288574,10.721561431884766,0.010922516696155071,0.9140625,0.5675403225806451,24.035944199997175
3,streaming 552 tok,streaming,128,0,552,2.4472060203552246,11.556014060974121,0.06620316952466965,0.875,0.13911290322580644,23.705311099998653
3,streaming 800 tok,streaming,128,0,800,2.3759679794311523,10.761425018310547,0.019402001053094864,0.9375,0.20161290322580644,24.753067999998166
3,shadowkv r=1/4 B=256,shadowkv,32,256,0,2.3953635692596436,10.972186088562012,0.05663832277059555,0.890625,0.20161290322580644,23.330070300002262
3,shadowkv r=1/4 B=512,shadowkv,32,512,0,2.408353090286255,11.115639686584473,0.046770788729190826,0.8984375,0.20161290322580644,25.745439900001656
3,shadowkv r=1/2 B=512,shadowkv,64,512,0,2.3881616592407227,10.893449783325195,0.017749786376953125,0.921875,0.33064516129032256,25.62764220000099
