prompt,config,mode,rank,budget,nll,ppl,kl,top1_agree,gpu_mem,decode_s
0,full,full,256,0,8.285467147827148,3965.81689453125,0.0,1.0,1.0,71.55953659999977
0,lowrank r=1/4,lowrank,64,0,8.107307434082031,3318.63037109375,0.3329889476299286,0.4609375,0.6330645161290323,81.9668072000004
0,lowrank r=1/2,lowrank,128,0,8.260847091674805,3869.370361328125,0.08297031372785568,0.6875,0.7661290322580645,106.59753359999922
0,sparse B=256,sparse,256,256,8.512551307678223,4976.84423828125,0.08525258302688599,0.765625,0.5675403225806451,64.53008530000079
0,sparse B=512,sparse,256,512,8.343192100524902,4201.47998046875,0.018063347786664963,0.890625,0.5675403225806451,67.7481972000005
0,shadowkv r=1/4 B=256,shadowkv,64,256,8.357046127319336,4260.09228515625,0.4282996952533722,0.53125,0.2056451612903226,70.99528219999956
0,shadowkv r=1/4 B=512,shadowkv,64,512,8.214315414428711,3693.44677734375,0.37106311321258545,0.484375,0.2056451612903226,75.87320030000046
0,shadowkv r=1/2 B=512,shadowkv,128,512,8.33113956451416,4151.1455078125,0.09598541259765625,0.6796875,0.3387096774193548,76.8501995000006
1,full,full,256,0,9.152939796447754,9442.1572265625,0.0,1.0,1.0,92.93313520000083
1,lowrank r=1/4,lowrank,64,0,9.119685173034668,9133.326171875,0.20275063812732697,0.71875,0.6330645161290323,87.044832399999
1,lowrank r=1/2,lowrank,128,0,9.096885681152344,8927.4462890625,0.031670648604631424,0.890625,0.7661290322580645,87.18083619999925
1,sparse B=256,sparse,256,256,9.266722679138184,10580.0205078125,0.10388115793466568,0.40625,0.5675403225806451,54.614048499999626
1,sparse B=512,sparse,256,512,9.213129043579102,10027.92578125,0.040313512086868286,0.640625,0.5675403225806451,71.26296419999926
1,shadowkv r=1/4 B=256,shadowkv,64,256,9.070055961608887,8691.1103515625,0.2095584273338318,0.6015625,0.2056451612903226,51.23621909999929
1,shadowkv r=1/4 B=512,shadowkv,64,512,9.093381881713867,8896.220703125,0.1884966641664505,0.7421875,0.2056451612903226,55.645384399998875
1,shadowkv r=1/2 B=512,shadowkv,128,512,9.114557266235352,9086.6103515625,0.0646735355257988,0.6875,0.3387096774193548,56.978753600000346
