prompt,layer,kind,tokens,rank_90,rank_99,energy_r4,relerr_r4,energy_r8,relerr_r8,energy_r16,relerr_r16,energy_r32,relerr_r32,energy_r64,relerr_r64,energy_r96,relerr_r96,energy_r128,relerr_r128
0,0,pre_rope,1024,1,1,0.999947726726532,0.007230025827617601,0.9999846816062927,0.003913871958467138,0.9999967217445374,0.0018105953337635896,0.9999992847442627,0.0008457279333832408,0.9999998807907104,0.00034526698300124393,0.9999998807907104,0.00034526698300124393,0.9999998807907104,0.00034526698300124393
0,0,pre_rope,2048,1,1,0.9999478459358215,0.007221777078979023,0.9999843239784241,0.003959295590875697,0.9999966621398926,0.0018269811458857135,0.9999994039535522,0.0007720404443770458,1.0000001192092896,0.0,1.000000238418579,0.0,1.000000238418579,0.0
0,0,pre_rope,4096,1,1,0.9999492764472961,0.007122046946198644,0.9999843239784241,0.003959295590875697,0.9999964237213135,0.0018911051495153403,0.9999991655349731,0.0009134905729428568,0.9999998807907104,0.00034526698300124393,1.0,0.0,1.0,0.0
0,0,post_rope,1024,1,6,0.9865589737892151,0.11593543983952842,0.9933679699897766,0.08143727653982166,0.9979405999183655,0.045380613499979496,0.9999615550041199,0.006200402880468894,0.999998152256012,0.0013593174713940482,0.9999997615814209,0.00048828125,0.9999998807907104,0.00034526698300124393
0,0,post_rope,2048,1,8,0.9823205471038818,0.1329641037878952,0.9909644722938538,0.09505539283042409,0.9973647594451904,0.05133459413309479,0.9999532103538513,0.006840295764707959,0.9999971985816956,0.0016737437989260361,0.9999996423721313,0.0005980199567341743,0.9999998807907104,0.00034526698300124393
0,0,post_rope,4096,1,9,0.9766852855682373,0.15269156634131006,0.9885643124580383,0.1069377741584407,0.9965542554855347,0.058700464346249696,0.9999437928199768,0.0074971447913984805,0.9999960660934448,0.0019834078136318264,0.9999996423721313,0.0005980199567341743,1.0,0.0
0,1,pre_rope,1024,1,1,0.9981641173362732,0.04284720135232646,0.9987566471099854,0.035261209423595334,0.9992551207542419,0.027292475991709815,0.9996585845947266,0.018477429617602053,0.9999281167984009,0.008478396169035809,0.9999883770942688,0.0034092382919357765,0.9999998211860657,0.0004228639666916204
0,1,pre_rope,2048,1,1,0.9980818033218384,0.043797222265363145,0.9986600875854492,0.036604814089826784,0.9991666674613953,0.028867499694374923,0.999588131904602,0.020294533633418366,0.9999029040336609,0.009853728550102815,0.9999830722808838,0.004114330943933769,1.000000238418579,0.0
0,1,pre_rope,4096,1,1,0.9980846643447876,0.04376454792651699,0.9986383318901062,0.03690078738853412,0.9991409182548523,0.029310096300553246,0.9995638132095337,0.02088508535932541,0.999891459941864,0.010418256002613218,0.9999803900718689,0.0044283098503947885,1.0,0.0
0,1,post_rope,1024,1,1,0.9936985969543457,0.07938137719676006,0.9949384331703186,0.07114468939900853,0.9965826272964478,0.05845829884244192,0.9985827207565308,0.03764676936297773,0.9995254278182983,0.021784677681840055,0.999898374080658,0.010080968174835243,0.9999998807907104,0.00034526698300124393
0,1,post_rope,2048,1,1,0.9930010437965393,0.0836597645434213,0.9942950010299683,0.07553144358498477,0.9960241317749023,0.0630544861615544,0.9982357621192932,0.042002831817709474,0.9994047284126282,0.024398188198549213,0.9998526573181152,0.012138479389312552,1.0000001192092896,0.0
0,1,post_rope,4096,1,1,0.9922387599945068,0.08809790011965758,0.9936150908470154,0.0799056265414684,0.9954892992973328,0.06716175029484592,0.9978697299957275,0.04615484811233226,0.9993140697479248,0.026190270179499778,0.9998090267181396,0.01381930829891104,1.0,0.0
0,2,pre_rope,1024,1,1,0.9939305186271667,0.07790687628722674,0.9954777956008911,0.06724733748713689,0.99697345495224,0.05501404409566715,0.9984820485115051,0.038960896915944745,0.9996216297149658,0.01945174246781454,0.9999434351921082,0.00752095791052215,1.000000238418579,0.0
0,2,pre_rope,2048,1,1,0.993720293045044,0.07924460205563566,0.9950996041297913,0.07000282758723922,0.9965204000473022,0.05898813399911675,0.9981039762496948,0.04354335483521195,0.9994825720787048,0.022747042033969295,0.9999209046363831,0.008893557421917473,1.0,0.0
0,2,pre_rope,4096,1,1,0.9937238097190857,0.07922241021904286,0.9949749112129211,0.07088786064679098,0.9963574409484863,0.06035361672272567,0.9979468584060669,0.045311605510433034,0.99942547082901,0.023969338142510115,0.9999119639396667,0.009382753345007634,1.0,0.0
0,2,post_rope,1024,1,17,0.9802008271217346,0.14070953371490286,0.9840367436408997,0.12634578093114285,0.9897511601448059,0.1012365539476433,0.9951756000518799,0.06945790054500724,0.9982305765151978,0.042064515744297426,0.999522864818573,0.02184342421478377,0.9999998807907104,0.00034526698300124393
0,2,post_rope,2048,1,19,0.9791340231895447,0.14445060335787913,0.9829259514808655,0.13066770266264927,0.9887288212776184,0.10616580768958334,0.9944522380828857,0.07448329958530474,0.99776691198349,0.04725556069406023,0.9993212819099426,0.026052218524674115,1.0,0.0
0,2,post_rope,4096,1,21,0.9779939651489258,0.1483443118258136,0.9817145466804504,0.13522371581771284,0.9876171350479126,0.11127832202224924,0.9939278960227966,0.07792370613108292,0.9974523186683655,0.05047456123270931,0.999175488948822,0.02871430046471581,0.9999998807907104,0.00034526698300124393
0,3,pre_rope,1024,4,41,0.9092013239860535,0.301328186557359,0.9326406717300415,0.25953675706912593,0.9611687064170837,0.1970565745741975,0.98520827293396,0.12162124430394568,0.9969148635864258,0.055544004299062005,0.9997048377990723,0.0171802852399992,1.0,0.0
0,3,pre_rope,2048,4,45,0.9046948552131653,0.3087153134958399,0.9269515872001648,0.27027469877854865,0.9563514590263367,0.2089223323957095,0.982530951499939,0.13217052810691585,0.9959470629692078,0.06366268161797958,0.9996140599250793,0.019645357592078957,1.0,0.0
0,3,pre_rope,4096,4,47,0.9040359258651733,0.30978068715597273,0.9255365133285522,0.27287998583891737,0.9550067186355591,0.2121161977889499,0.981623113155365,0.1355613766698871,0.9955438375473022,0.06675449387642568,0.9995895624160767,0.020259259214574946,1.0,0.0
0,3,post_rope,1024,22,73,0.7811213135719299,0.4678447246983448,0.8181614279747009,0.4264253416781173,0.8707302212715149,0.3595410668178047,0.9370859861373901,0.2508266609884401,0.9858877658843994,0.11879492462054339,0.9967891573905945,0.056664297484443564,0.9999999403953552,0.000244140625
0,3,post_rope,2048,26,80,0.7640748620033264,0.48572125545077144,0.7982586622238159,0.44915625095971234,0.8511843681335449,0.38576629177061994,0.9225788116455078,0.27824663224285784,0.9813752174377441,0.13647264400697987,0.9953567981719971,0.06814104363746515,1.0000001192092896,0.0
0,3,post_rope,4096,30,85,0.7503118515014648,0.4996880511864729,0.7834400534629822,0.4653600181977582,0.8354515433311462,0.4056457280298336,0.9089013934135437,0.30182545715438963,0.9777750968933105,0.1490801901886681,0.9942817687988281,0.07561898704142946,1.0,0.0
0,4,pre_rope,1024,1,36,0.9421921372413635,0.24043265742955236,0.9603420495986938,0.19914304005238584,0.9757764339447021,0.1556392176005066,0.9882872104644775,0.10822564176535272,0.9971868991851807,0.053038672822944354,0.999518632888794,0.021940080018223604,0.9999998807907104,0.00034526698300124393
0,4,pre_rope,2048,1,41,0.9393011927604675,0.24637127925050936,0.9567016363143921,0.20808258861713516,0.9723410606384277,0.16630976929083952,0.9859486222267151,0.11853850755465463,0.9964669942855835,0.05943909247638715,0.9993594884872437,0.02530832892066064,1.0,0.0
0,4,pre_rope,4096,1,43,0.9399374723434448,0.24507657508736974,0.9557284116744995,0.21040814700362837,0.9711979031562805,0.1697118052573818,0.9849121570587158,0.12283258094367382,0.9961144924163818,0.062333839795236136,0.9992860555648804,0.02671973867985293,0.9999998807907104,0.00034526698300124393
0,4,post_rope,1024,16,74,0.8102225661277771,0.4356345186876528,0.8496361970901489,0.3877677177252525,0.905042827129364,0.30815121753878566,0.9570184350013733,0.2073199580325703,0.9856588840484619,0.11975439846426554,0.996618390083313,0.058151611471110684,0.9999998807907104,0.00034526698300124393
0,4,post_rope,2048,18,82,0.7915492653846741,0.4565640531352922,0.8331426978111267,0.4084817036158086,0.8886105418205261,0.3337505927777116,0.9479631185531616,0.2281159386076264,0.9816824197769165,0.13534245536077547,0.9950790405273438,0.07014955076589051,0.9999998807907104,0.00034526698300124393
0,4,post_rope,4096,21,87,0.7741811871528625,0.475203969729986,0.8191670179367065,0.42524461438481903,0.8769845366477966,0.3507356032001932,0.9399726986885071,0.2450046965090525,0.9787160754203796,0.14589011131540192,0.9936130046844482,0.07991867939068913,1.0000001192092896,0.0
0,5,pre_rope,1024,8,54,0.8520712852478027,0.38461502148537735,0.9013031125068665,0.3141606077997901,0.9383811354637146,0.24823147370203763,0.9724941849708557,0.16584877156356717,0.993992269039154,0.07750955399720699,0.9989807605743408,0.03192552937163579,1.0,0.0
0,5,pre_rope,2048,10,60,0.8395249843597412,0.40059332950045334,0.8881502747535706,0.3344394193967413,0.9281600117683411,0.2680298271305993,0.9659081697463989,0.18463973097251055,0.9920066595077515,0.0894054835692338,0.9985719919204712,0.037788994158733685,0.9999998807907104,0.00034526698300124393
0,5,pre_rope,4096,11,62,0.840785026550293,0.3990175102043857,0.8845504522323608,0.3397786746805031,0.9243891835212708,0.2749742105702447,0.9634585976600647,0.19115805591168608,0.9910973310470581,0.09435395568253561,0.9983977675437927,0.04002789597527299,1.0,0.0
0,5,post_rope,1024,33,93,0.6273003816604614,0.610491292599279,0.6960046291351318,0.5513577521581321,0.7878896594047546,0.460554383971367,0.8994925618171692,0.31702908097338767,0.9670534729957581,0.18151178199842,0.9917843341827393,0.09064031011233767,1.0000001192092896,0.0
0,5,post_rope,2048,38,100,0.5879754424095154,0.6418913908057068,0.6588995456695557,0.5840380589742799,0.7515489459037781,0.49844864740133654,0.8757883906364441,0.3524366742601512,0.9572617411613464,0.2067323362192126,0.9877386689186096,0.11073089488209865,1.0000001192092896,0.0
0,5,post_rope,4096,42,104,0.5594438314437866,0.6637440534997006,0.6284919381141663,0.6095146117082295,0.7235887050628662,0.5257483190055235,0.85292649269104,0.38350163925198544,0.9500921964645386,0.2234005450652738,0.9843433499336243,0.1251265362198432,0.9999998807907104,0.00034526698300124393
0,6,pre_rope,1024,6,56,0.8811590671539307,0.3447331327941504,0.9173325300216675,0.28751951234365386,0.9484902620315552,0.22695756865203862,0.9743913412094116,0.16002705643293066,0.9930263161659241,0.08350858539141906,0.9988483786582947,0.033935546875,1.0,0.0
0,6,pre_rope,2048,9,64,0.8595012426376343,0.37483163868911296,0.8994654417037964,0.31707185036865637,0.9335252046585083,0.25782706479633144,0.9650563597679138,0.186932180835955,0.9900699853897095,0.09964945865528085,0.9983628988265991,0.04046110692258528,1.0000001192092896,0.0
0,6,pre_rope,4096,10,67,0.8553870320320129,0.3802801177658215,0.8935179710388184,0.3263158423386484,0.928393542766571,0.2675938288403321,0.9615992903709412,0.19596099006960246,0.9889204502105713,0.10525944038151025,0.9981493353843689,0.04301935164122193,1.0,0.0
0,6,post_rope,1024,31,92,0.5389957427978516,0.6789729429087351,0.6281307339668274,0.6098108444699656,0.7571699619293213,0.49277787903951076,0.9104500412940979,0.29924899115268894,0.9707156419754028,0.17112673088853525,0.9920221567153931,0.0893187734163817,1.0,0.0
0,6,post_rope,2048,36,100,0.48830875754356384,0.7153259693709129,0.5732765793800354,0.6532407064933757,0.7039592266082764,0.5440962905513358,0.876829206943512,0.3509569675280547,0.9592766761779785,0.20180020768577392,0.9878053665161133,0.11042931442278685,1.0,0.0
0,6,post_rope,4096,41,104,0.45256346464157104,0.7398895426740595,0.5329750776290894,0.6833922170839456,0.6631534695625305,0.5803848123766416,0.8509408831596375,0.3860817489086509,0.9514501690864563,0.2203402616716784,0.9845309257507324,0.12437473316259849,1.0,0.0
0,7,pre_rope,1024,12,55,0.8283531069755554,0.41430290009176207,0.8763480186462402,0.3516418367512031,0.9257957935333252,0.2724044905405834,0.9694873690605164,0.17467865049708747,0.9936575889587402,0.07963925565485758,0.9991381764411926,0.029356831552593905,1.0,0.0
0,7,pre_rope,2048,14,62,0.8161236643791199,0.42880804052732047,0.8639315962791443,0.3688745094484786,0.9134537577629089,0.29418742705474527,0.9607079029083252,0.19822234256429017,0.9910308122634888,0.09470579568596227,0.9987443089485168,0.035435731281901806,1.0,0.0
0,7,pre_rope,4096,15,65,0.8151337504386902,0.4299607535128175,0.8614458441734314,0.3722286338079979,0.9089879393577576,0.30168205223752115,0.9571661353111267,0.20696343804854347,0.9898986220359802,0.10050561160462522,0.9985547065734863,0.03801701496058932,0.9999999403953552,0.000244140625
0,7,post_rope,1024,38,93,0.5073208808898926,0.7019110478615559,0.604496955871582,0.6288903275837672,0.7369060516357422,0.5129268450415301,0.8722400069236755,0.3574352991470267,0.9660533666610718,0.18424612163876944,0.9919478893280029,0.08973355376890559,0.9999999403953552,0.000244140625
0,7,post_rope,2048,44,100,0.4481384754180908,0.7428738281713182,0.543849527835846,0.6753891264775841,0.6824080348014832,0.563552983488258,0.8396949172019958,0.40038117188250016,0.9538767337799072,0.2147632794965023,0.9878695011138916,0.11013854405297174,1.0000001192092896,0.0
0,7,post_rope,4096,48,104,0.4095551371574402,0.768404101266098,0.5003457069396973,0.7068622871962421,0.6426340341567993,0.597800941654662,0.8138628005981445,0.43143620548333156,0.9426952004432678,0.23938420907973895,0.9847517013549805,0.12348400157518193,0.9999999403953552,0.000244140625
0,8,pre_rope,1024,1,1,0.9990209341049194,0.03129002868455966,0.9993701577186584,0.02509665876848057,0.9996522068977356,0.018649211840300498,0.9998412132263184,0.012601062402894473,0.9999604225158691,0.006291063831408753,0.9999932646751404,0.0025952504425621704,1.0,0.0
0,8,pre_rope,2048,1,1,0.9989021420478821,0.033133939580404864,0.9992512464523315,0.027363361410259104,0.9995489716529846,0.02123742797551956,0.9997786283493042,0.014878563462102139,0.9999402761459351,0.007728120991867389,0.9999896883964539,0.00321116856395652,1.0,0.0
0,8,pre_rope,4096,1,1,0.998870849609375,0.03360283307438526,0.999208927154541,0.028126017234208336,0.9995045065879822,0.022259681309889014,0.9997456073760986,0.015949690401426832,0.9999306797981262,0.008325875441884734,0.9999880194664001,0.0034612907418842347,1.000000238418579,0.0
0,8,post_rope,1024,1,1,0.9962476491928101,0.06125643482271835,0.9969188570976257,0.05550804358265807,0.9979836344718933,0.04490395893578527,0.9993175864219666,0.026123046875,0.9998025298118591,0.01405240862417789,0.9999517798423767,0.00694407356119526,1.000000238418579,0.0
0,8,post_rope,2048,1,1,0.9958266019821167,0.06460184221741126,0.9965314269065857,0.05889459307452855,0.9976130127906799,0.04885680310171828,0.9990672469139099,0.03054100663190537,0.9997121691703796,0.016965577786222354,0.9999208450317383,0.008896907792133105,1.0000001192092896,0.0
0,8,post_rope,4096,1,1,0.995441198348999,0.06751889847295331,0.9961479306221008,0.06206504151210382,0.9972664713859558,0.052283158034343996,0.998811662197113,0.034472275858825493,0.9996269941329956,0.0193133598062169,0.9998931884765625,0.010334966058846057,1.0000001192092896,0.0
0,9,pre_rope,1024,16,49,0.6723105311393738,0.5724416728895846,0.7773707509040833,0.4718360404800769,0.9099639654159546,0.3000600516297453,0.9737145900726318,0.1621277580408986,0.9956351518630981,0.06606699733529484,0.9994285106658936,0.023905843095495406,1.0000001192092896,0.0
0,9,pre_rope,2048,17,57,0.648246169090271,0.5930883837251654,0.7489205002784729,0.5010783369110334,0.8931902050971985,0.32681767838169573,0.9654619693756104,0.18584410301214738,0.9936391711235046,0.07975480472357362,0.9991583228111267,0.029011673320808142,1.0,0.0
0,9,pre_rope,4096,17,59,0.6450592279434204,0.595769059331365,0.7428136467933655,0.5071354387208948,0.8887611627578735,0.3335248675018498,0.9618371725082397,0.1953530841623962,0.9926972389221191,0.08545619391173971,0.9989984035491943,0.03164800863886485,1.0000001192092896,0.0
0,9,post_rope,1024,30,77,0.5355728268623352,0.6814889383824692,0.6427597403526306,0.5976957918936433,0.7898303866386414,0.4584425954919096,0.9108530282974243,0.2985749013272477,0.9825637936592102,0.13204622804453672,0.9960867166519165,0.06255624147983553,1.0000001192092896,0.0
0,9,post_rope,2048,36,85,0.4921269118785858,0.7126521508572147,0.5967803001403809,0.6349958266474034,0.7453898787498474,0.5045890617622945,0.883801281452179,0.3408793313590911,0.9740259051322937,0.1611648065419566,0.994401752948761,0.07482143443719196,1.0,0.0
0,9,post_rope,4096,40,90,0.45957937836647034,0.7351330638962783,0.5612025260925293,0.6624178997486939,0.713655412197113,0.5351117526301277,0.8619484901428223,0.3715528358890263,0.9660773277282715,0.18418108554281168,0.9930311441421509,0.08347967332140874,1.0,0.0
0,10,pre_rope,1024,5,37,0.8984028100967407,0.31874314095092193,0.9395262002944946,0.24591421208524197,0.9681882858276367,0.1783583868854035,0.987637460231781,0.11118695862473707,0.9972267150878906,0.05266198735434673,0.9994975328445435,0.022415779162378965,1.0,0.0
0,10,pre_rope,2048,6,42,0.8830422759056091,0.3419908245763194,0.9260132908821106,0.2720049799505322,0.9607231616973877,0.19818384975222453,0.9838408827781677,0.12711851643970784,0.9962265491485596,0.06142842055140625,0.9992836713790894,0.026764316186120737,1.0000001192092896,0.0
0,10,pre_rope,4096,6,44,0.8837853670120239,0.3409026737765136,0.9231129288673401,0.27728518015332143,0.9587728381156921,0.20304472877744908,0.9826495051383972,0.13172127717875645,0.9958608746528625,0.06433603459288932,0.9991957545280457,0.028359221991344292,1.0,0.0
0,10,post_rope,1024,23,76,0.7026222348213196,0.5453235417425882,0.7751304507255554,0.47420412195007816,0.8558599352836609,0.3796578258331298,0.9414755702018738,0.2419182295696755,0.9834474325180054,0.1286567817178505,0.9967848658561707,0.05670215290294845,1.0,0.0
0,10,post_rope,2048,28,85,0.6513897776603699,0.590432233486308,0.7289596796035767,0.5206153286222212,0.8210126161575317,0.423069006005484,0.9214337468147278,0.28029672346510265,0.9768553376197815,0.15213369902890847,0.9946862459182739,0.07289550110758601,1.0,0.0
0,10,post_rope,4096,32,90,0.6143996715545654,0.6209672523132235,0.6872673630714417,0.5592250324588112,0.7892983555793762,0.4590224879247462,0.9022377133369446,0.3126696126313771,0.9720346927642822,0.1672283087151149,0.9932059049606323,0.08242630065317548,1.0,0.0
0,11,pre_rope,1024,17,49,0.608747661113739,0.6255016697709616,0.7322180271148682,0.5174765433187594,0.8888603448867798,0.33337614658703496,0.9710078835487366,0.1702707151898512,0.9968441724777222,0.05617675250740142,0.9997848272323608,0.014668768443163869,1.0000001192092896,0.0
0,11,pre_rope,2048,20,54,0.5762186050415039,0.6509849421902907,0.6955406665802002,0.5517783372150449,0.865497887134552,0.36674529699158787,0.9612038135528564,0.1969674756073793,0.9956217408180237,0.06616841528989732,0.9997036457061768,0.017214943909965034,0.9999999403953552,0.000244140625
0,11,pre_rope,4096,20,55,0.5754274129867554,0.6515923472641807,0.6919488906860352,0.5550235214060435,0.8597251772880554,0.3745328059221843,0.9560575485229492,0.20962454884161535,0.9950387477874756,0.07043615699713049,0.9996618032455444,0.0183901265481118,1.0,0.0
0,11,post_rope,1024,28,75,0.49625396728515625,0.7097506834902265,0.6266698837280273,0.6110074600788215,0.8011147975921631,0.44596547221487554,0.9222486615180969,0.2788392699780701,0.9827861189842224,0.13120168068960697,0.9969955086708069,0.054813240455141084,1.0,0.0
0,11,post_rope,2048,34,83,0.4421151280403137,0.7469169110146632,0.5669404864311218,0.65807257469741,0.750358521938324,0.4996413494314457,0.8943553566932678,0.32503021906698487,0.9742853045463562,0.1603580227292785,0.9956693649291992,0.06580756089387284,1.0000001192092896,0.0
0,11,post_rope,4096,39,87,0.40412411093711853,0.7719299767873259,0.525529682636261,0.6888180582445114,0.7091646194458008,0.5392915543138046,0.864885151386261,0.3675797173590227,0.9661396145820618,0.18401191651069296,0.9944507479667664,0.07449330193536625,1.0,0.0
0,12,pre_rope,1024,7,46,0.8675069808959961,0.3639959053396122,0.915122926235199,0.29133670171264214,0.9541555643081665,0.2141131375974709,0.9806614518165588,0.1390631086357599,0.995837926864624,0.06451413128436263,0.9993583559989929,0.025330692864725987,1.0000001192092896,0.0
0,12,pre_rope,2048,8,51,0.8607163429260254,0.3732072575312203,0.9044843316078186,0.3090560926307414,0.9461894631385803,0.23197098280047804,0.9761579632759094,0.15440866790465677,0.9947525858879089,0.0724390372112376,0.9991467595100403,0.029210280552567736,1.0000001192092896,0.0
0,12,pre_rope,4096,8,53,0.8651952147483826,0.36715771168752187,0.9043764472007751,0.30923058192750735,0.9443462491035461,0.23591047220599143,0.9748187065124512,0.15868614774941392,0.9943001866340637,0.07549710832830804,0.9990586042404175,0.030682173319087413,0.9999998807907104,0.00034526698300124393
0,12,post_rope,1024,27,81,0.6668728590011597,0.5771716737668614,0.7434478998184204,0.5065097236792,0.8285516500473022,0.4140632197535755,0.9269673228263855,0.2702455867791637,0.9810279011726379,0.13773924214747973,0.9955915808677673,0.06639592707563217,0.9999998807907104,0.00034526698300124393
0,12,post_rope,2048,32,87,0.6185527443885803,0.6176141640307642,0.7001892924308777,0.5475497306812618,0.7923827171325684,0.4556503954430761,0.9027959704399109,0.3117756077054283,0.9751160144805908,0.15774658639542466,0.9939290285110474,0.07791643914446192,0.9999998807907104,0.00034526698300124393
0,12,post_rope,4096,36,91,0.5763817429542542,0.6508596292947857,0.6559320688247681,0.58657303993214,0.7589647769927979,0.49095338170461983,0.8808678388595581,0.34515527105991284,0.9696523547172546,0.17420575559591986,0.9924767017364502,0.08673694866404862,1.000000238418579,0.0
0,13,pre_rope,1024,14,51,0.785145103931427,0.46352442877217703,0.8513997197151184,0.3854870688945112,0.9131325483322144,0.29473284796199023,0.9714212417602539,0.16905253100662554,0.9952987432479858,0.06856571119746488,0.9993526339530945,0.02544338906092342,0.9999999403953552,0.000244140625
0,13,pre_rope,2048,17,56,0.7692922949790955,0.48032041911718115,0.8346830606460571,0.4065918584452262,0.8984056711196899,0.3187386529436147,0.9641202688217163,0.18941945828843373,0.9937295317649841,0.07918628817551603,0.9990937113761902,0.030104627946709695,0.9999998211860657,0.0004228639666916204
0,13,pre_rope,4096,17,58,0.7782270312309265,0.4709277744719178,0.8353766202926636,0.4057380678557737,0.8960860967636108,0.32235679492821173,0.9610371589660645,0.19739007329127659,0.9929856657981873,0.08375162208466619,0.9989734292030334,0.032040143522876936,1.0000001192092896,0.0
0,13,post_rope,1024,30,81,0.6402401924133301,0.5997998062576129,0.7303138375282288,0.5193131641618295,0.8190874457359314,0.42533816459855633,0.9090712070465088,0.3015440149521977,0.979859471321106,0.14191733043886515,0.9952865839004517,0.06865432324004322,1.0,0.0
0,13,post_rope,2048,38,89,0.587756335735321,0.6420620408221304,0.6745564341545105,0.5704766128821492,0.7733485698699951,0.4760792267364802,0.8770753145217896,0.35060616862544,0.9707403182983398,0.17105461613666015,0.9930407404899597,0.08342217636839909,1.0,0.0
0,13,post_rope,4096,43,94,0.5538683533668518,0.6679308696513047,0.6388766169548035,0.6009354233569498,0.7368469834327698,0.512984421368944,0.8533912897109985,0.3828951687981992,0.9633383750915527,0.19147225623689523,0.9912349581718445,0.09362180209841892,1.0,0.0
0,14,pre_rope,1024,5,38,0.8909561634063721,0.33021786231763406,0.9332934021949768,0.258276204488573,0.9654581546783447,0.185854365893447,0.9868028163909912,0.11487899550835562,0.9970710277557373,0.054119980083724116,0.9994776248931885,0.022855526832946192,0.9999999403953552,0.000244140625
0,14,pre_rope,2048,6,43,0.877034604549408,0.35066422037412376,0.9215074181556702,0.2801652759432008,0.9581388831138611,0.204599894638631,0.9833407998085022,0.1290705241001903,0.9961469769477844,0.062072723898791295,0.9993022084236145,0.026415744857669603,1.0,0.0
0,14,pre_rope,4096,6,45,0.8826637268066406,0.34254382667530203,0.9225894808769226,0.2782274593261373,0.9570631980895996,0.20721197337605854,0.9825170636177063,0.13222305541127727,0.9958631992340088,0.06431796612138176,0.9992377758026123,0.027608408092240584,1.0,0.0
0,14,post_rope,1024,20,73,0.7424216866493225,0.5075217368258009,0.8145753145217896,0.4306096671908452,0.8829360604286194,0.34214607928687507,0.9468526840209961,0.23053701650495068,0.9861628413200378,0.11763145276652057,0.9971822500228882,0.05308248277079564,1.0000001192092896,0.0
0,14,post_rope,2048,25,82,0.6944032907485962,0.5528080220577518,0.7676360011100769,0.48204149083862385,0.8522112369537354,0.38443304104390486,0.9293690919876099,0.26576476066700444,0.9812837243080139,0.13680744019235974,0.9954603910446167,0.06737662024310288,1.0,0.0
0,14,post_rope,4096,29,86,0.6698684096336365,0.5745707879507654,0.7392469048500061,0.5106398879347303,0.8266971707344055,0.41629656408093796,0.9161445498466492,0.28957805537255554,0.9775949716567993,0.14968309304393962,0.994144082069397,0.07652396964744464,1.0,0.0
0,15,pre_rope,1024,9,52,0.8357155323028564,0.40532020390938267,0.8929660320281982,0.3271604621157663,0.9415995478630066,0.24166185494817632,0.9753821492195129,0.15690076730369124,0.994392454624176,0.07488354542771045,0.9992197751998901,0.027932504365163237,1.0000001192092896,0.0
0,15,pre_rope,2048,11,58,0.8096538782119751,0.43628674262235484,0.8724653720855713,0.35711990691423057,0.9287629127502441,0.26690276740745095,0.968505859375,0.17746588580625855,0.9925989508628845,0.08602935043992532,0.9989333152770996,0.03266013966443485,1.0,0.0
0,15,pre_rope,4096,12,60,0.8096909523010254,0.4362442523391851,0.8703933954238892,0.360009172905512,0.9228278398513794,0.27779877636271294,0.9657758474349976,0.1849977096209638,0.991980254650116,0.08955303093633421,0.9988082647323608,0.03452151890689574,1.0,0.0
0,15,post_rope,1024,29,86,0.6644530296325684,0.5792641628544197,0.7443143725395203,0.5056536635489549,0.8275380730628967,0.41528535603498384,0.9160799980163574,0.2896894923597378,0.9767107963562012,0.15260800648654982,0.9940147995948792,0.07736407696806606,0.9999998807907104,0.00034526698300124393
0,15,post_rope,2048,35,94,0.6188815832138062,0.6173478895940229,0.6996589303016663,0.5480338216737483,0.7895060181617737,0.45879623128162933,0.8904847502708435,0.3309308836134163,0.9683321714401245,0.17795456880865826,0.9912574887275696,0.09350139716833337,0.9999998807907104,0.00034526698300124393
0,15,post_rope,4096,39,98,0.5778452157974243,0.6497343951204797,0.6616951823234558,0.5816397662441455,0.7598075866699219,0.4900942902443142,0.8687303066253662,0.3623115970744433,0.9612154960632324,0.19693781743679292,0.9890066385269165,0.10484923210535925,1.0,0.0
0,16,pre_rope,1024,14,35,0.714257001876831,0.5345493411493171,0.8214542269706726,0.42254677022706894,0.9256502985954285,0.2726714165521783,0.98766028881073,0.11108425266107712,0.9983671307563782,0.04040877681422473,0.9997458457946777,0.01594221456768995,0.9999999403953552,0.000244140625
0,16,pre_rope,2048,15,38,0.6766344308853149,0.5686524150258091,0.7942476868629456,0.4535992869670922,0.9122404456138611,0.29624239127130153,0.9851953387260437,0.12167440681571576,0.9978346824645996,0.04653297256140414,0.9996291399002075,0.019257728313393573,0.9999999403953552,0.000244140625
0,16,pre_rope,4096,16,39,0.6879053711891174,0.5586543017026563,0.7958114147186279,0.45187231081509305,0.91097491979599,0.29837070936003424,0.9839887619018555,0.12653552109247637,0.9975528717041016,0.049468457585601325,0.9995580911636353,0.0210216278238567,1.0,0.0
0,16,post_rope,1024,23,66,0.5908557772636414,0.6396438249028584,0.7163564562797546,0.5325819596271032,0.845761239528656,0.39273242859654967,0.9442209005355835,0.23617599256574853,0.9892030954360962,0.10390815446298625,0.9984153509140015,0.03980765109873396,1.0000001192092896,0.0
0,16,post_rope,2048,28,73,0.5316693782806396,0.6843468577551594,0.65687096118927,0.5857721731276845,0.7995414137840271,0.4477260169076317,0.923692524433136,0.2762380776918056,0.9846555590629578,0.12387268034979398,0.9976428747177124,0.0485502346264938,0.9999999403953552,0.000244140625
0,16,post_rope,4096,32,78,0.4940218925476074,0.7113213812703738,0.6194115877151489,0.616918481069299,0.7618396282196045,0.4880167740768708,0.902046263217926,0.3129756169130017,0.9805526733398438,0.13945367209276438,0.9970496296882629,0.05431731134488397,1.0000001192092896,0.0
0,17,pre_rope,1024,9,50,0.8489418625831604,0.3886619834983087,0.8983339667320251,0.31885111457853627,0.9458958506584167,0.2326029865276524,0.9773567914962769,0.15047660450622596,0.9949727058410645,0.07090341429674277,0.9991785883903503,0.02866027930166868,1.0,0.0
0,17,pre_rope,2048,10,56,0.8311437964439392,0.41092116464847706,0.8831563591957092,0.34182399097238736,0.9350338578224182,0.25488456637776596,0.971261739730835,0.16952362746580502,0.9933596253395081,0.08148849403745258,0.9988642334938049,0.03370113508763568,0.9999998807907104,0.00034526698300124393
0,17,pre_rope,4096,11,58,0.830390453338623,0.41183679614791213,0.878230094909668,0.3489554485752186,0.9290148615837097,0.26643036316510604,0.9678515195846558,0.17929997327201205,0.9924083352088928,0.08713016005441042,0.9986863732337952,0.03624398938037635,1.0,0.0
0,17,post_rope,1024,26,83,0.6932896971702576,0.5538143216184848,0.763804018497467,0.4859999809696837,0.8455334305763245,0.3930223523206734,0.9246281981468201,0.27453925375650734,0.979975163936615,0.14150913773811574,0.9946755766868591,0.0729686460963945,1.0,0.0
0,17,post_rope,2048,32,91,0.6455735564231873,0.5953372519646429,0.7177204489707947,0.5312998692162509,0.808940052986145,0.43710404598202357,0.903056263923645,0.3113578906601774,0.9729689359664917,0.16441126492277924,0.9924278259277344,0.08701823988259946,1.0,0.0
0,17,post_rope,4096,37,95,0.6099935173988342,0.6245049900530546,0.6785390973091125,0.5669752222900816,0.7739802598953247,0.47541533431797856,0.8798279166221619,0.346658453492538,0.9660557508468628,0.18423965141395923,0.9906579256057739,0.09665440700881711,1.0000001192092896,0.0
0,18,pre_rope,1024,9,60,0.8369491696357727,0.4037955303915922,0.8911110162734985,0.3299833082543744,0.9367968440055847,0.25140237865703513,0.9704487919807434,0.1719046480443638,0.9919009804725647,0.08999455276534965,0.9985220432281494,0.03844420335825137,0.9999998807907104,0.00034526698300124393
0,18,pre_rope,2048,12,65,0.813602089881897,0.4317382425939391,0.872161865234375,0.3575445912968409,0.9259272813796997,0.2721630368369303,0.9648609161376953,0.1874542180435124,0.989732563495636,0.1013283598227269,0.9980031251907349,0.04468640519515009,1.0000001192092896,0.0
0,18,pre_rope,4096,12,66,0.8171325325965881,0.42763005905035706,0.8720857501029968,0.357651016910344,0.9242512583732605,0.27522489281810886,0.9641067385673523,0.18945516998131168,0.9893677830696106,0.10311264195233,0.9978366494178772,0.0465118327108576,0.9999998211860657,0.0004228639666916204
0,18,post_rope,1024,31,87,0.5984522104263306,0.6336779857101471,0.682316780090332,0.5636339414102631,0.7837026715278625,0.46507776604793466,0.9056774377822876,0.3071197848034418,0.9725251197814941,0.16575548322304715,0.9942259192466736,0.07598737232808103,0.9999998807907104,0.00034526698300124393
0,18,post_rope,2048,37,94,0.5546978116035461,0.6673096645459692,0.6332422494888306,0.6056052761586291,0.7406207919120789,0.5092928510080631,0.8775687217712402,0.3499018122684702,0.9634327292442322,0.19122570631525412,0.9915958642959595,0.09167407323796913,0.9999998807907104,0.00034526698300124393
0,18,post_rope,4096,42,97,0.5189028978347778,0.6936116364113438,0.5927709341049194,0.6381450194862298,0.7035032510757446,0.5445151503165503,0.8520350456237793,0.38466213015608997,0.9567474126815796,0.20797256385980437,0.9896202087402344,0.10188126059175763,1.0,0.0
0,19,pre_rope,1024,7,48,0.8687408566474915,0.36229703746029795,0.9120579957962036,0.2965501714782785,0.9521249532699585,0.2188036716557597,0.9799293875694275,0.14167078891067314,0.9953872561454773,0.06791718379410844,0.9991703033447266,0.028804455476079346,0.9999999403953552,0.000244140625
0,19,pre_rope,2048,9,54,0.8522723317146301,0.38435357196905284,0.8965538740158081,0.3216304183129946,0.9420142769813538,0.24080224878236964,0.9744868278503418,0.15972843250235133,0.99366694688797,0.07958048197912619,0.9988163709640503,0.03440391018401407,1.0000001192092896,0.0
0,19,pre_rope,4096,9,57,0.852571964263916,0.38396358647153506,0.8950309753417969,0.32398923540482505,0.9383569359779358,0.24828021270746528,0.9721953272819519,0.1667473319668057,0.9928781986236572,0.08439076594238716,0.9986539483070374,0.036688577145518285,1.0000001192092896,0.0
0,19,post_rope,1024,30,87,0.6556666493415833,0.5867992422101589,0.7196156978607178,0.5295132690870761,0.8089430332183838,0.43710063690369544,0.9130371809005737,0.2948945898103698,0.9740033745765686,0.16123469050868489,0.9942867755889893,0.07558587441454086,1.0000001192092896,0.0
0,19,post_rope,2048,35,95,0.6112910509109497,0.6234652749664975,0.6732362508773804,0.5716325297974387,0.7660884261131287,0.4836440570159746,0.8881205320358276,0.33448388296623854,0.9645965695381165,0.18815799335102282,0.9910686016082764,0.09450607595135686,0.9999999403953552,0.000244140625
0,19,post_rope,4096,40,99,0.5776539444923401,0.6498815703708329,0.6364234089851379,0.6029731262791586,0.729803740978241,0.5198040582967384,0.8627980351448059,0.37040783584475384,0.9565083980560303,0.20854640237599337,0.988247275352478,0.10840998407675362,1.0000001192092896,0.0
0,20,pre_rope,1024,7,35,0.8662453293800354,0.3657248564426058,0.9196723103523254,0.28342139941732447,0.9615529775619507,0.19607912290208082,0.9881702065467834,0.10876485394288245,0.9976680278778076,0.048290497224530445,0.9995662569999695,0.02082649754592734,1.0000001192092896,0.0
0,20,pre_rope,2048,8,39,0.8499826788902283,0.38732069543179815,0.9050255417823792,0.3081792631207052,0.9541162848472595,0.21420484390587546,0.9853277802467346,0.121128938545937,0.9968739748001099,0.05591086835213827,0.9993852376937866,0.024794400702847788,0.9999998211860657,0.0004228639666916204
0,20,pre_rope,4096,8,41,0.8507706522941589,0.3863021456138201,0.9022029042243958,0.312725272044976,0.9520711302757263,0.21892663091609865,0.9839398860931396,0.12672850471326627,0.9964930415153503,0.059219578558527906,0.9992871284484863,0.026699654520492805,1.0000001192092896,0.0
0,20,post_rope,1024,17,72,0.7662694454193115,0.483456879753188,0.8336151838302612,0.40790294944966843,0.8979731202125549,0.3194164676209495,0.950416088104248,0.22267445272359368,0.9863901734352112,0.11666116133824837,0.9971222281455994,0.05364486792229649,0.9999999403953552,0.000244140625
0,20,post_rope,2048,22,80,0.7274030447006226,0.5221081835207886,0.7945694327354431,0.45324448950269314,0.8709309101104736,0.359261868126199,0.9367172718048096,0.25156058553595084,0.9812607765197754,0.13689128343406168,0.9957870244979858,0.06490743795601672,0.9999999403953552,0.000244140625
0,20,post_rope,4096,27,85,0.6999393701553345,0.547777901931673,0.7615479230880737,0.4883155505530479,0.8409814834594727,0.39877125841831595,0.9235538244247437,0.276489015288594,0.9767364859580994,0.15252381467135104,0.9945572018623352,0.07377532200990243,1.0,0.0
0,21,pre_rope,1024,7,30,0.8660309314727783,0.3660178527438541,0.9223503470420837,0.2786568731575022,0.9663077592849731,0.18355446253095253,0.992067277431488,0.08906583277841151,0.9988170266151428,0.03439438013480077,0.9998156428337097,0.013577818907699542,1.0000001192092896,0.0
0,21,pre_rope,2048,8,32,0.8485980033874512,0.38910409482881164,0.9061744213104248,0.30630961246682287,0.9602720141410828,0.1993188045792901,0.9904100298881531,0.09792839277679852,0.9983870387077332,0.040161689360220465,0.9997326731681824,0.01635013247095041,1.0,0.0
0,21,pre_rope,4096,8,33,0.847576916217804,0.39041399024906376,0.903355598449707,0.3108768269754003,0.9584484100341797,0.2038420711379776,0.9895812273025513,0.1020723894961254,0.9981409311294556,0.043116920930702296,0.9996822476387024,0.01782560970339044,1.0000001192092896,0.0
0,21,post_rope,1024,16,60,0.7724560499191284,0.4770156706868985,0.8404988050460815,0.39937600698329195,0.9036697745323181,0.3103711092670867,0.9540397524833679,0.2143834124101771,0.9920098781585693,0.08938748145814751,0.999018669128418,0.03132620103973719,0.9999999403953552,0.000244140625
0,21,post_rope,2048,20,67,0.7371753454208374,0.5126642708236674,0.8054634928703308,0.441062928763764,0.878803551197052,0.34813280339971986,0.9400549530982971,0.24483677604008527,0.9887939691543579,0.10585854167539854,0.9985652565956116,0.0378780068692695,0.9999999403953552,0.000244140625
0,21,post_rope,4096,25,72,0.7098237872123718,0.5386800653334298,0.7792347073554993,0.46985667244863166,0.854949414730072,0.38085507121466555,0.9277960062026978,0.26870800843536885,0.9856060743331909,0.11997468760871638,0.9980453848838806,0.044211029349240274,0.9999999403953552,0.000244140625
0,22,pre_rope,1024,9,36,0.8150464296340942,0.43006228661195783,0.8914808630943298,0.3294224292692745,0.951235294342041,0.22082732090472634,0.9868205785751343,0.1148016612461062,0.998324990272522,0.04092688269924827,0.999788224697113,0.014552501602369363,1.0,0.0
0,22,pre_rope,2048,11,39,0.7918012738227844,0.45628798601016834,0.8709331750869751,0.35925871584837704,0.9446350932121277,0.2352974857236522,0.984686553478241,0.12374751117399911,0.9978224635124207,0.046664081342927405,0.9996926188468933,0.017532288872440172,1.0,0.0
0,22,pre_rope,4096,11,40,0.7912871241569519,0.4568510433861874,0.8685887455940247,0.3625069025632137,0.9439014792442322,0.23685126293893352,0.9837290048599243,0.1275578109724202,0.9975681304931641,0.049313988956846085,0.9996432065963745,0.018888975716684277,1.0000001192092896,0.0
0,22,post_rope,1024,17,64,0.7244385480880737,0.5249394745224694,0.8186231255531311,0.42588363956234443,0.8983810544013977,0.3187772664394409,0.9540387988090515,0.21438563662463136,0.9900869727134705,0.09956418676677645,0.9983494877815247,0.04062649650751762,0.9999998807907104,0.00034526698300124393
0,22,post_rope,2048,21,70,0.6760679483413696,0.5691502891667809,0.7728267312049866,0.47662697027656065,0.8720879554748535,0.35764793376328413,0.9436122179031372,0.23746111702100367,0.9872123599052429,0.11308244821702916,0.9977318048477173,0.047625572461469846,0.9999998807907104,0.00034526698300124393
0,22,post_rope,4096,24,74,0.6468871235847473,0.5942330152518056,0.7386786341667175,0.5111960150796194,0.842848002910614,0.39642401174674824,0.9322606325149536,0.26026787639861815,0.9845239520072937,0.12440276521326324,0.9971370100975037,0.05350691452977211,1.0,0.0
0,23,pre_rope,1024,8,44,0.8548315167427063,0.38100982042106696,0.9091638922691345,0.30139029136796275,0.9510080218315125,0.2213413159997192,0.9801936745643616,0.14073494745669402,0.9974801540374756,0.0501980673186171,0.9998242259025574,0.013257982404673305,0.9999999403953552,0.000244140625
0,23,pre_rope,2048,9,47,0.8412706255912781,0.39840855212799076,0.8964662551879883,0.32176659990125095,0.9473522901535034,0.22945088765680682,0.9770099520683289,0.1516246943333148,0.9966827630996704,0.05759545902525293,0.9997502565383911,0.01580327376238502,0.9999998211860657,0.0004228639666916204
0,23,pre_rope,4096,9,48,0.844695508480072,0.3940869085873419,0.8960553407669067,0.3224044962978855,0.9470473527908325,0.23011442199298912,0.975838840007782,0.15543860521832412,0.9963552355766296,0.06037188437816366,0.9997066855430603,0.017126425690718344,0.9999998807907104,0.00034526698300124393
0,23,post_rope,1024,19,68,0.7679110765457153,0.4817560829447664,0.8332070112228394,0.40840297351655097,0.8911811113357544,0.3298770811442432,0.9422192573547363,0.24037625224897669,0.9874988198280334,0.11180867663990372,0.9983249306678772,0.04092761087728922,1.0,0.0
0,23,post_rope,2048,23,74,0.7343296408653259,0.5154322061480773,0.8027669787406921,0.4441092447352429,0.8702640533447266,0.36018876530962685,0.9293370842933655,0.2658249719394973,0.9830753207206726,0.13009488567706032,0.9976078867912292,0.04890923439158246,0.9999998807907104,0.00034526698300124393
0,23,post_rope,4096,27,77,0.713580846786499,0.5351814208411022,0.776258111000061,0.4730136245394407,0.8475745320320129,0.3904170436443407,0.9176799058914185,0.2869147854478426,0.9791902899742126,0.1442557105482738,0.996927797794342,0.055427449929235956,1.0000001192092896,0.0
1,0,pre_rope,1024,1,1,0.9999537467956543,0.006800970838468808,0.9999881386756897,0.0034440273387856164,0.9999969601631165,0.0017435127999372193,0.9999994039535522,0.0007720404443770458,1.0,0.0,1.0000001192092896,0.0,1.0000001192092896,0.0
1,0,pre_rope,2048,1,1,0.9999499917030334,0.007071654471660273,0.999985933303833,0.0037505594472014687,0.9999964833259583,0.0018752797236007343,0.9999992847442627,0.0008457279333832408,1.0,0.0,1.0000001192092896,0.0,1.0000001192092896,0.0
1,0,pre_rope,4096,1,1,0.99994957447052,0.0071010935411372,0.9999853372573853,0.0038291960794331354,0.9999963045120239,0.0019223652036161648,0.9999991655349731,0.0009134905729428568,0.9999998807907104,0.00034526698300124393,1.0,0.0,1.0,0.0
1,0,post_rope,1024,1,6,0.9866715669631958,0.11544883298156028,0.9934695959091187,0.08081091566664338,0.9980164766311646,0.04453676423849682,0.999968945980072,0.00557261338403971,0.9999982714653015,0.0013147375017418222,0.9999996423721313,0.0005980199567341743,0.9999997615814209,0.00048828125
1,0,post_rope,2048,1,8,0.9823816418647766,0.1327341634064998,0.9910215735435486,0.09475455902726483,0.9974145889282227,0.050846937683378175,0.9999564290046692,0.006600832927048718,0.9999974370002747,0.001600937139722168,0.9999997615814209,0.00048828125,0.9999998807907104,0.00034526698300124393
1,0,post_rope,4096,1,9,0.976786732673645,0.15235900802497693,0.9886611104011536,0.10648422230004986,0.9965953230857849,0.058349609375,0.9999455809593201,0.007376926235223695,0.9999963045120239,0.0019223652036161648,0.9999996423721313,0.0005980199567341743,1.0,0.0
1,1,pre_rope,1024,1,1,0.9983773231506348,0.040282463298130546,0.9988461136817932,0.03396890222257391,0.9992638826370239,0.027131482874625083,0.9996370077133179,0.01905235646008464,0.9999092817306519,0.009524613868716387,0.9999848008155823,0.003898613140300613,1.0000001192092896,0.0
1,1,pre_rope,2048,1,1,0.9983027577400208,0.04119760017257374,0.9987483620643616,0.03537849538403842,0.9991742372512817,0.02873608791603794,0.9995841383934021,0.020392685124767173,0.9998889565467834,0.010537715749466424,0.9999807476997375,0.004387744325100446,0.9999998211860657,0.0004228639666916204
1,1,pre_rope,4096,1,1,0.9982718825340271,0.04157063225370647,0.9987326264381409,0.03560019047504003,0.999155580997467,0.029058888528864263,0.999569833278656,0.020740460972311924,0.9998830556869507,0.010814079389819386,0.9999796748161316,0.004508346023588718,1.0000001192092896,0.0
1,1,post_rope,1024,1,1,0.9940520524978638,0.07712293758757008,0.9953055381774902,0.06851614278773846,0.9968136548995972,0.056447720063815085,0.9986526966094971,0.03670563159111868,0.9995397925376892,0.021452446534388356,0.999895453453064,0.010224800581724572,1.0,0.0
1,1,post_rope,2048,1,1,0.9933851957321167,0.08133144698013986,0.994667112827301,0.07302661961708877,0.9963001012802124,0.06082679277906733,0.9983567595481873,0.04053690234604445,0.9994196891784668,0.024089641374109395,0.9998494982719421,0.012267914576563586,1.0,0.0
1,1,post_rope,4096,1,1,0.9925275444984436,0.08644336586202782,0.9938750863075256,0.07826182781199507,0.9956918954849243,0.06563615250055173,0.9979805946350098,0.04493779439392007,0.9993255138397217,0.025970871380805078,0.9998111724853516,0.013741452421357703,1.0,0.0
1,2,pre_rope,1024,1,1,0.993962824344635,0.07769926418805387,0.9952640533447266,0.06881821456034323,0.9966974854469299,0.05746750867290201,0.9982234239578247,0.04214944889527374,0.9995306134223938,0.02166533123693707,0.999932587146759,0.00821053306679699,0.9999998807907104,0.00034526698300124393
1,2,pre_rope,2048,1,1,0.9937741160392761,0.07890427086491501,0.9950236082077026,0.07054354536240268,0.9964234232902527,0.05980448737132787,0.9979876279830933,0.04485946964584778,0.9994454383850098,0.02354913193708495,0.9999168515205383,0.009118578807120654,1.0000001192092896,0.0
1,2,pre_rope,4096,1,1,0.9937924742698669,0.07878785268131792,0.9949948191642761,0.07074730267454638,0.9963708519935608,0.06024241036378947,0.9979261159896851,0.04553991667004828,0.9994187951087952,0.024108191371499315,0.9999116659164429,0.009398621364707108,1.0000001192092896,0.0
1,2,post_rope,1024,1,17,0.9803480505943298,0.14018541081606947,0.9841304421424866,0.12597443334864986,0.9897518157958984,0.10123331568264256,0.9950114488601685,0.07062967605639674,0.998161256313324,0.04288057470085989,0.9994948506355286,0.022475528124416465,1.0,0.0
1,2,post_rope,2048,1,19,0.9790142178535461,0.14486470290051284,0.9828819036483765,0.13083614313951453,0.9886408448219299,0.10657933748184996,0.994379460811615,0.07497025535760839,0.9977239370346069,0.04770810167459052,0.9993144869804382,0.026182303557207635,1.0,0.0
1,2,post_rope,4096,1,21,0.9778497219085693,0.14882969492487266,0.9818217754364014,0.13482664634113922,0.9877001643180847,0.11090462425848294,0.993975043296814,0.07762059458150289,0.997427761554718,0.05071724011893769,0.9991870522499084,0.02851223860189783,1.0000001192092896,0.0
1,3,pre_rope,1024,3,43,0.9106637239456177,0.2988917463804953,0.9314795732498169,0.2617640669576004,0.959540843963623,0.20114461473372075,0.9841437339782715,0.12592166621248513,0.9964298605918884,0.05975064357905756,0.9996715784072876,0.01812240582021058,1.0000001192092896,0.0
1,3,pre_rope,2048,3,46,0.9068493843078613,0.30520585789289606,0.9276645183563232,0.268952563928431,0.9563199281692505,0.20899777948760487,0.9824573993682861,0.13244848293473907,0.9957771897315979,0.06498315372773239,0.99960857629776,0.019784430804043626,1.0000001192092896,0.0
1,3,pre_rope,4096,3,47,0.9067646861076355,0.30534458222206023,0.9269832372665405,0.2702161407715303,0.9557837247848511,0.21027666350584157,0.9820072054862976,0.134137222700123,0.9955811500549316,0.06647443076152183,0.9995892643928528,0.0202666131148551,1.0000001192092896,0.0
1,3,post_rope,1024,22,74,0.7871271371841431,0.46138147212025854,0.8208521008491516,0.42325866695302106,0.8728863000869751,0.35653008276024184,0.9375229477882385,0.2499541002099415,0.9856572151184082,0.11976136639831643,0.9968867897987366,0.05579614862392769,1.0000001192092896,0.0
1,3,post_rope,2048,26,81,0.7687925100326538,0.48084039968304054,0.802237331867218,0.44470514740981126,0.8539933562278748,0.3821081571651216,0.9229112863540649,0.2776485433888229,0.9813888669013977,0.1364226267838378,0.9954730272293091,0.06728278212656577,1.0,0.0
1,3,post_rope,4096,30,86,0.754723072052002,0.4952544072979039,0.787859320640564,0.4605873200159076,0.8390434980392456,0.40119384586600326,0.910538375377655,0.299101361786176,0.978229820728302,0.1475472103148616,0.9942137002944946,0.07606773103955035,0.9999999403953552,0.000244140625
1,4,pre_rope,1024,1,37,0.9501197338104248,0.22333890433503786,0.9645161628723145,0.18837154012133983,0.9768674969673157,0.15209373107621604,0.9881598949432373,0.10881224681423822,0.9968695044517517,0.055950831524189976,0.9994477033615112,0.02350099228732203,0.9999998807907104,0.00034526698300124393
1,4,pre_rope,2048,1,40,0.9462233185768127,0.23189799788524967,0.961408257484436,0.196447811175294,0.9744629263877869,0.1598032340480415,0.9866002202033997,0.11575741789017385,0.9962929487228394,0.06088555885561571,0.9993360042572021,0.025768114847575706,1.000000238418579,0.0
1,4,pre_rope,4096,1,41,0.9468581080436707,0.2305252523181123,0.9614617824554443,0.19631153186849637,0.9744376540184021,0.15988228789205483,0.9863336086273193,0.11690334200817641,0.9962148666381836,0.0615234375,0.99930739402771,0.02631740816057005,0.9999998807907104,0.00034526698300124393
1,4,post_rope,1024,15,74,0.8166545033454895,0.42818862275229885,0.8562107086181641,0.37919558460224184,0.912325382232666,0.29609899994315075,0.9605771899223328,0.19855178185467698,0.9861627221107483,0.11763195947212521,0.9966660141944885,0.05774067721729175,0.9999998807907104,0.00034526698300124393
1,4,post_rope,2048,17,81,0.7986267805099487,0.4487462751823699,0.8399299383163452,0.4000875675194804,0.89451664686203,0.324782008642674,0.9520052671432495,0.21907700211740733,0.9823383092880249,0.13289729384744858,0.9951976537704468,0.06929896268742572,1.0000001192092896,0.0
1,4,post_rope,4096,20,86,0.7794299721717834,0.46964883458624335,0.8244864344596863,0.4189433918088621,0.8810684084892273,0.3448645988076664,0.9437201619148254,0.2372337203796597,0.9796398878097534,0.14268886498338468,0.9939699769020081,0.0776532233586729,0.9999998807907104,0.00034526698300124393
1,5,pre_rope,1024,9,58,0.8603830337524414,0.37365353771583454,0.8983753323554993,0.3187862413036371,0.9357496500015259,0.25347652750989413,0.9696648120880127,0.17416999716365417,0.9926870465278625,0.08551580831716117,0.9987356066703796,0.035558308868960026,1.0000001192092896,0.0
1,5,pre_rope,2048,10,60,0.8517978191375732,0.3849703636157292,0.892131507396698,0.3284333914255705,0.9299860000610352,0.26460158718149224,0.9668410420417786,0.18209601302121206,0.991753339767456,0.09081112394714617,0.998502254486084,0.03870071722741086,0.9999998807907104,0.00034526698300124393
1,5,pre_rope,4096,10,61,0.8524710536003113,0.3840949705472446,0.8921146392822266,0.32845907007993164,0.9304641485214233,0.26369651396743315,0.9669660329818726,0.18175248834095076,0.9916982054710388,0.09111418401632745,0.9984700679779053,0.03911434547700788,1.0,0.0
1,5,post_rope,1024,34,94,0.6221176981925964,0.6147213204431774,0.6891823410987854,0.557510232104501,0.7808670401573181,0.46811639561404156,0.8950350284576416,0.32398298032822404,0.9654372334480286,0.1859106413091285,0.9911434650421143,0.09410916511098025,1.0,0.0
1,5,post_rope,2048,38,100,0.587562620639801,0.6422128769809891,0.6562793254852295,0.5862769605866928,0.7484264373779297,0.5015710942848185,0.8750740885734558,0.3534485979977063,0.9572951197624207,0.20665159142280842,0.9877580404281616,0.11064338919175595,1.0,0.0
1,5,post_rope,4096,41,104,0.5628544092178345,0.6611698653010174,0.6263407468795776,0.6112767402089028,0.721308171749115,0.5279127089310173,0.8577172160148621,0.37720390239913737,0.9520843029022217,0.2188965442801195,0.9851548671722412,0.12184060418332958,1.0,0.0
1,6,pre_rope,1024,7,60,0.8773211240768433,0.35025544381659046,0.9093359708786011,0.30110468133424784,0.9400027394294739,0.24494338237749172,0.9696338176727295,0.17425895192864702,0.9918131232261658,0.09048136147204146,0.9986540675163269,0.03668695249912557,1.0,0.0
1,6,pre_rope,2048,7,63,0.8711344003677368,0.3589785503790765,0.9070104360580444,0.30494190256826886,0.9377112984657288,0.24957704528716426,0.9668725728988647,0.1820094148694931,0.9904617071151733,0.09766418424799676,0.9983970522880554,0.04003682944420774,1.0,0.0
1,6,pre_rope,4096,7,64,0.8745667338371277,0.3541655914439915,0.9099220633506775,0.3001298663067748,0.9395202994346619,0.24592620959413442,0.9671826362609863,0.18115563402503845,0.9903748631477356,0.09810778181298568,0.9983584880828857,0.04051557622833788,0.9999999403953552,0.000244140625
1,6,post_rope,1024,31,95,0.5317976474761963,0.6842531348293581,0.6193395853042603,0.6169768348128961,0.7489356398582458,0.5010632296843924,0.905099630355835,0.30805903597227113,0.967674970626831,0.17979162765036905,0.990899384021759,0.09539714869030923,0.9999999403953552,0.000244140625
1,6,post_rope,2048,35,100,0.4967522919178009,0.7093995405145108,0.5837486982345581,0.6451754038751337,0.7086093425750732,0.5398061294806931,0.8834736347198486,0.34135958354812795,0.9605906009674072,0.19851800682203308,0.9878408908843994,0.11026835047102403,1.0,0.0
1,6,post_rope,4096,38,103,0.46301349997520447,0.7327936271726136,0.5485726594924927,0.6718834277666829,0.6783807873725891,0.5671148143254687,0.8614646792411804,0.3722033325466331,0.956213653087616,0.2092518743342196,0.986018180847168,0.11824474260123378,1.0,0.0
1,7,pre_rope,1024,12,59,0.8309176564216614,0.41119623487860224,0.8729340434074402,0.3564631209431907,0.9194848537445068,0.28375190969488323,0.9652644395828247,0.1863747848212716,0.9922130107879639,0.08824391883884199,0.9989172220230103,0.032905591880252605,0.9999998807907104,0.00034526698300124393
1,7,pre_rope,2048,14,63,0.8227317333221436,0.4210323819824984,0.8649897575378418,0.3674373993786672,0.9123887419700623,0.2959919898070516,0.9607208371162415,0.19818971437427962,0.9909219741821289,0.09527867451781166,0.9987045526504517,0.03599232348082491,0.9999999403953552,0.000244140625
1,7,pre_rope,4096,14,63,0.822642982006073,0.4211377660504066,0.8644574880599976,0.36816098644479217,0.9116219282150269,0.29728449637506016,0.9605645537376404,0.19858360018480786,0.9907082915306091,0.09639350844009606,0.9986616373062134,0.036583639701191856,0.9999999403953552,0.000244140625
1,7,post_rope,1024,39,95,0.4983491003513336,0.7082731815116724,0.6025944948196411,0.6304010669251432,0.73148512840271,0.5181842062406862,0.869170606136322,0.361703461227119,0.9631376266479492,0.19199576389090145,0.9907386302947998,0.09623601043892144,1.0,0.0
1,7,post_rope,2048,44,101,0.4518514573574066,0.740370544148397,0.5475074648857117,0.6726756537249496,0.6831443309783936,0.562899341820193,0.8395730257034302,0.4005333622765647,0.9525394439697266,0.21785443771076465,0.9872259497642517,0.11302234396679398,1.0,0.0
1,7,post_rope,4096,48,103,0.4227890968322754,0.7597439721167418,0.5097772479057312,0.7001590905603303,0.6467254757881165,0.5943690135024567,0.8184814453125,0.4260499438886244,0.9447293877601624,0.23509702728838927,0.9852091670036316,0.12161756861723724,1.0000001192092896,0.0
1,8,pre_rope,1024,1,1,0.9990159869194031,0.03136898277912314,0.999329149723053,0.025900777535568725,0.9995980262756348,0.020049282390281063,0.999808669090271,0.013832241674038374,0.9999505281448364,0.007033623188910124,0.9999917149543762,0.002878375518201073,1.000000238418579,0.0
1,8,pre_rope,2048,1,1,0.9989621043205261,0.032216388367939025,0.9992798566818237,0.026835486173652036,0.9995620846748352,0.02092642647861299,0.9997836947441101,0.014707319806473666,0.9999409914016724,0.0076817054309337275,0.9999896883964539,0.00321116856395652,1.0,0.0
1,8,pre_rope,4096,1,1,0.9989731311798096,0.0320447939639254,0.999285101890564,0.026737578600838842,0.9995645880699158,0.02086652654574375,0.9997819662094116,0.014765967309606876,0.9999396800994873,0.007766588730755306,0.9999893307685852,0.0032663789453758916,1.0,0.0
1,8,post_rope,1024,1,1,0.996237576007843,0.061338601159114985,0.9969001412391663,0.05567637524869718,0.9979449510574341,0.045332647645663915,0.9992652535438538,0.02710620696715496,0.9997704029083252,0.015152461571467676,0.9999424815177917,0.007584094026859896,0.9999998807907104,0.00034526698300124393
1,8,post_rope,2048,1,1,0.9959503412246704,0.06363692933611419,0.9965967535972595,0.05833734998044116,0.9976490139961243,0.048486967361093355,0.9990788102149963,0.030351108464167532,0.9997071027755737,0.01711424039875184,0.9999193549156189,0.008980260819213633,0.9999998807907104,0.00034526698300124393
1,8,post_rope,4096,1,1,0.9956868886947632,0.06567428191641547,0.9963204860687256,0.0606589971172819,0.9973970651626587,0.05101896546718003,0.9989048838615417,0.033092539014984206,0.9996604323387146,0.018427361755970397,0.999900221824646,0.009988902610097062,0.9999998807907104,0.00034526698300124393
1,9,pre_rope,1024,16,54,0.676037609577179,0.5691769412255042,0.7770122289657593,0.47221580980971056,0.9040970802307129,0.30968196552154453,0.9686242341995239,0.17713205751776293,0.9943591952323914,0.07510529120913281,0.9992935061454773,0.026579952116636798,1.0,0.0
1,9,pre_rope,2048,17,57,0.6583914160728455,0.5844729112004717,0.7624127864837646,0.4874291882071029,0.8957295417785645,0.3229093653355931,0.9645599722862244,0.18825521961894082,0.9934495091438293,0.08093510274393093,0.9991583228111267,0.029011673320808142,0.9999999403953552,0.000244140625
1,9,pre_rope,4096,17,57,0.6503776907920837,0.591288685168181,0.7579559683799744,0.49197970651239836,0.897253155708313,0.32054148606956795,0.9649572968482971,0.18719696352158835,0.9933910965919495,0.08129516226720097,0.9991316795349121,0.02946727787034104,1.0,0.0
1,9,post_rope,1024,32,81,0.5287602543830872,0.6864690419945483,0.6349300146102905,0.6042102162242123,0.7766113877296448,0.47264004514043795,0.9020860195159912,0.3129120970560403,0.9794180989265442,0.143463936490868,0.9953334927558899,0.06831183824279732,1.0000001192092896,0.0
1,9,post_rope,2048,36,86,0.49615979194641113,0.7098170243475348,0.60155189037323,0.6312274626683871,0.7447908520698547,0.5051822917820311,0.8815816044807434,0.34411974008948776,0.9732289910316467,0.16361848602267798,0.9941034913063049,0.07678872764732508,1.0,0.0
1,9,post_rope,4096,39,89,0.46458470821380615,0.7317207744667319,0.5742034316062927,0.6525308945894495,0.7233781218528748,0.5259485508556186,0.8653209209442139,0.36698648347832397,0.9676361083984375,0.17989967093233522,0.9930520057678223,0.08335462933861403,0.9999999403953552,0.000244140625
1,10,pre_rope,1024,4,41,0.9021568894386292,0.3127988340153634,0.9355266094207764,0.2539161093338184,0.9650682210922241,0.18690045186616291,0.9848605394363403,0.12304251526874631,0.9965376257896423,0.05884194261203199,0.9993637204170227,0.025224582909877717,0.9999998807907104,0.00034526698300124393
1,10,pre_rope,2048,5,43,0.8928511142730713,0.32733604403873506,0.929381787776947,0.2657408742046526,0.9612630009651184,0.19681717159557394,0.9834529161453247,0.1286354688827125,0.9960736036300659,0.06266096368500952,0.9992621541023254,0.027163318973839713,1.0,0.0
1,10,pre_rope,4096,5,44,0.8933497667312622,0.32657347300222933,0.9287766814231873,0.26687697273615185,0.9613671898841858,0.19655230885393896,0.9833138585090637,0.1291748485229856,0.9959338903427124,0.06376605411414131,0.9992251396179199,0.027836314089334423,0.9999999403953552,0.000244140625
1,10,post_rope,1024,24,80,0.6865275502204895,0.5598861042922127,0.7657516002655029,0.4839921484223655,0.8457069396972656,0.3928015533354398,0.934505045413971,0.2559198206197188,0.9808285236358643,0.13846110054501135,0.9961928129196167,0.06170240741156945,1.0,0.0
1,10,post_rope,2048,28,86,0.6439265608787537,0.5967188945569315,0.724606454372406,0.5247795209681815,0.8191003799438477,0.42532295970962153,0.9179311394691467,0.2864766317360864,0.9751242399215698,0.15772051254808353,0.9945113658905029,0.074085316423007,1.0,0.0
1,10,post_rope,4096,32,90,0.6188701391220093,0.6173571582787315,0.691146969795227,0.555745472500472,0.7926409244537354,0.4553669680008253,0.9030113816261292,0.3114299574123704,0.9708892703056335,0.17061866748502771,0.9930674433708191,0.08326197589044418,0.9999999403953552,0.000244140625
1,11,pre_rope,1024,18,52,0.614510715007782,0.6208778341930222,0.7363608479499817,0.513458033387363,0.8851134181022644,0.3389492320359136,0.9647204279899597,0.18782857080337986,0.9961927533149719,0.06170289041064508,0.9997381567955017,0.01618156990215384,1.0,0.0
1,11,pre_rope,2048,19,54,0.6000786423683167,0.6323933567263996,0.719907820224762,0.5292373567457592,0.877152144908905,0.3504965835655106,0.961211621761322,0.19694765354956117,0.9956007599830627,0.0663267669718437,0.9997028112411499,0.017239163519443094,0.9999999403953552,0.000244140625
1,11,pre_rope,4096,19,54,0.5932646989822388,0.6377580270116255,0.7165677547454834,0.5323835508864981,0.8793087601661682,0.3474064475996837,0.9620418548583984,0.19482850187177841,0.9955435395240784,0.0667567260725212,0.9996938109397888,0.017498258776552072,0.9999999403953552,0.000244140625
1,11,post_rope,1024,29,78,0.5037918090820312,0.7044204645791948,0.63283771276474,0.605939177834921,0.7974247336387634,0.45008362152075315,0.9137009382247925,0.29376701954985945,0.9801186919212341,0.14100109247366088,0.9965896606445312,0.0583981108895549,1.0,0.0
1,11,post_rope,2048,33,83,0.4684973955154419,0.7290422515084829,0.5910465121269226,0.6394947129359846,0.7629370093345642,0.4868911486825734,0.897221028804779,0.3205915956403426,0.9744725227355957,0.15977320571486414,0.9954835772514343,0.06720433578695406,1.0,0.0
1,11,post_rope,4096,36,87,0.4315471351146698,0.7539581320506664,0.5622274875640869,0.6616437957359784,0.7401499152183533,0.5097549261965466,0.8830313682556152,0.34200677148908143,0.9698808789253235,0.17354861300130436,0.994446873664856,0.07451930176232224,1.0,0.0
1,12,pre_rope,1024,6,47,0.8790330290794373,0.3478030634145748,0.9205898642539978,0.28179804070646447,0.9534139633178711,0.21583798711563473,0.9801580309867859,0.14086152424709208,0.9957084655761719,0.06550980402831415,0.9992813467979431,0.026807707885175204,1.0,0.0
1,12,pre_rope,2048,7,50,0.8679794073104858,0.3633463811427247,0.9089439511299133,0.3017549483771338,0.9470193982124329,0.23017515458356302,0.977046549320221,0.1515039625877127,0.9949502944946289,0.07106127993057185,0.9991608262062073,0.028968496574601946,0.9999998807907104,0.00034526698300124393
1,12,pre_rope,4096,8,52,0.8668484687805176,0.36489934395594964,0.9063447713851929,0.3060314176923786,0.9453524947166443,0.2337680587320597,0.9752065539360046,0.1574593473376394,0.9945175051689148,0.07404387098933446,0.9990997314453125,0.03000447557761175,1.0,0.0
1,12,post_rope,1024,27,81,0.6615986227989197,0.5817227666174672,0.7400935292243958,0.5098102301598156,0.82524174451828,0.41804097344844077,0.9260708689689636,0.27189911921710297,0.9804800748825073,0.1397137255873333,0.9957224726676941,0.06540280829066829,1.0,0.0
1,12,post_rope,2048,32,87,0.617920458316803,0.6181258299757396,0.6996479034423828,0.548043881963495,0.7933733463287354,0.45456204600831407,0.9031159281730652,0.31126206294204056,0.9749972820281982,0.15812247775633215,0.9941433072090149,0.07652903234057717,1.0000001192092896,0.0
1,12,post_rope,4096,36,91,0.5805415511131287,0.6476561193155449,0.6616262197494507,0.5816990461145259,0.7638587355613708,0.4859436844312612,0.882534384727478,0.34273257107039296,0.9693595767021179,0.17504406101859635,0.992544949054718,0.08634263689094734,1.0,0.0
1,13,pre_rope,1024,14,54,0.7988113760948181,0.4485405487859285,0.8541843295097351,0.3818581811226059,0.9117245078086853,0.29711191862884717,0.9671007990837097,0.18138136871324542,0.9943192005157471,0.0753710785663369,0.9992164373397827,0.0279921892716037,1.0000001192092896,0.0
1,13,pre_rope,2048,16,57,0.7779253721237183,0.4712479473443696,0.8404296040534973,0.3994626339803295,0.9007869362831116,0.31498105294904394,0.962792158126831,0.1928933432577935,0.9932548999786377,0.08212855789165122,0.9990407824516296,0.030971237436860047,1.0,0.0
1,13,pre_rope,4096,17,57,0.7786662578582764,0.4704612015264634,0.8366780877113342,0.4041310583074082,0.8978784680366516,0.3195645974812423,0.9620843529701233,0.19471940588928652,0.9930867552757263,0.08314592427938775,0.9990068078041077,0.031514951941774144,0.9999999403953552,0.000244140625
1,13,post_rope,1024,32,84,0.6307998299598694,0.6076184411619933,0.7148434519767761,0.5340005131301129,0.805898904800415,0.4405690583774409,0.9003020524978638,0.31574981789723366,0.9772619009017944,0.1507915750239567,0.9946705102920532,0.07300335408696491,1.0,0.0
1,13,post_rope,2048,39,90,0.5841928124427795,0.644831131039143,0.6692207455635071,0.5751341186510264,0.7683932185173035,0.481255422289138,0.8727157115936279,0.3567692369114412,0.9693242311477661,0.17514499379723614,0.9928103685379028,0.08479169453488454,1.0,0.0
1,13,post_rope,4096,42,94,0.5537059307098389,0.6680524450147317,0.6440058350563049,0.596652465798722,0.7382989525794983,0.5115672462350397,0.8561314344406128,0.3793000996037138,0.9639478921890259,0.1898739260956441,0.991377055644989,0.09285981022493524,1.0000001192092896,0.0
1,14,pre_rope,1024,5,40,0.8959094285964966,0.3226307043718924,0.9320068359375,0.2607549885668537,0.9635118842124939,0.19101862680771764,0.9853304624557495,0.12111786632966455,0.9967123866081238,0.057337713521522816,0.9994199275970459,0.02408469229519243,1.0000001192092896,0.0
1,14,pre_rope,2048,5,43,0.8881679177284241,0.3344130414197029,0.9259669780731201,0.2720900989137236,0.9595314860343933,0.20116787508349013,0.9831212759017944,0.12991814383759323,0.9960679411888123,0.06270613057100353,0.9992907047271729,0.02663259793612235,1.0,0.0
1,14,pre_rope,4096,6,44,0.8875538110733032,0.3353299702184354,0.9235220551490784,0.2765464605648057,0.9585314989089966,0.2036381621676139,0.9826768040657043,0.13161761255354715,0.9958739280700684,0.06423450731446176,0.999238133430481,0.02760193053971122,0.9999999403953552,0.000244140625
1,14,post_rope,1024,21,75,0.7363792061805725,0.5134401560254394,0.8060373067855835,0.44041195852794063,0.875597357749939,0.35270758745745895,0.9433475136756897,0.2380178277447097,0.9848877191543579,0.12293201717063822,0.9967666268348694,0.056862757276890954,0.9999999403953552,0.000244140625
1,14,post_rope,2048,25,82,0.6979031562805176,0.5496333720940555,0.7693105936050415,0.4803013703863008,0.8531717658042908,0.3831817247673866,0.9293031096458435,0.2658888684284404,0.980929434299469,0.13809621899433383,0.9952857494354248,0.06866040026518339,1.0,0.0
1,14,post_rope,4096,29,86,0.6742691397666931,0.5707283594086655,0.7438676953315735,0.5060951537689593,0.8296132683753967,0.41277927712592755,0.9166511297225952,0.28870204411712225,0.9774314761161804,0.15022823930213514,0.9940319657325745,0.07725305345049824,1.0,0.0
1,15,pre_rope,1024,8,53,0.856698751449585,0.37855151373414825,0.9007902145385742,0.3149758490129454,0.9410133957862854,0.2428715796747627,0.9742370843887329,0.16050830387013343,0.9944012761116028,0.07482462087038742,0.9991984963417053,0.028310839943291647,1.0,0.0
1,15,pre_rope,2048,10,56,0.8403261303901672,0.39959212906391534,0.8895700573921204,0.3323100097918804,0.93366539478302,0.25755505278868046,0.9705063104629517,0.17173726892275987,0.9932485222816467,0.0821673762411413,0.9990065693855286,0.03151873434120468,1.0000001192092896,0.0
1,15,pre_rope,4096,10,58,0.8374332189559937,0.40319571059723136,0.8872519731521606,0.3357797296559745,0.9319127798080444,0.2609352796996902,0.9690437316894531,0.17594393513431167,0.9928140044212341,0.0847702517323493,0.9989263415336609,0.03276672803834877,1.0000001192092896,0.0
1,15,post_rope,1024,29,87,0.6818175911903381,0.5640765983531508,0.7450704574584961,0.5049054788190597,0.8252210021018982,0.41806578178332393,0.9141641855239868,0.29297749824178165,0.9749412536621094,0.15829954623400103,0.9938393235206604,0.07848997693552726,1.000000238418579,0.0
1,15,post_rope,2048,34,93,0.6448693871498108,0.595928362179708,0.7162505984306335,0.5326813321014418,0.8011226058006287,0.4459567178542906,0.8945575952529907,0.3247189627154677,0.9684114456176758,0.17773169211574005,0.9915359616279602,0.09200020854345818,0.9999998807907104,0.00034526698300124393
1,15,post_rope,4096,38,97,0.6105046272277832,0.6240956439298522,0.6862256526947021,0.5601556456069133,0.7795661091804504,0.4695038773211032,0.8784441947937012,0.34864854109303084,0.9631379246711731,0.19199498777006369,0.9894750118255615,0.10259136500913942,1.0000001192092896,0.0
1,16,pre_rope,1024,13,36,0.7430403828620911,0.5069118435565586,0.8353877067565918,0.4057244055309074,0.9274576902389526,0.2693367961513008,0.9864454865455627,0.11642385260090501,0.9981720447540283,0.0427545932733745,0.999711811542511,0.01697611432245358,1.0,0.0
1,16,pre_rope,2048,14,38,0.7244830131530762,0.5248971202501723,0.8165046572685242,0.4283635637300117,0.9209534525871277,0.2811521783889862,0.9854083061218262,0.12079608386936154,0.997872531414032,0.0461244900889757,0.9996455311775208,0.018827342416794995,1.0,0.0
1,16,pre_rope,4096,15,38,0.7218447327613831,0.5274042730568429,0.8136636018753052,0.43166699911470513,0.9205154776573181,0.28192999546462216,0.9853320121765137,0.12111146858776971,0.9978631138801575,0.046226465578092055,0.9996393918991089,0.018989684065068416,0.9999999403953552,0.000244140625
1,16,post_rope,1024,25,67,0.6049434542655945,0.6285352382598811,0.7160637974739075,0.5328566435037594,0.8333567380905151,0.40821962460112676,0.9342762231826782,0.25636648926355754,0.9884209036827087,0.1076062094736696,0.9983572363853455,0.040531020399868306,1.0000001192092896,0.0
1,16,post_rope,2048,29,73,0.562066912651062,0.661765130049127,0.675390362739563,0.5697452389098455,0.8018816709518433,0.44510485174636855,0.9183645844459534,0.2857191200358258,0.984815776348114,0.1232242819085832,0.9978033304214478,0.04686864173999761,1.0,0.0
1,16,post_rope,4096,32,77,0.5282678604125977,0.6868275908751791,0.6468949913978577,0.59422639507358,0.779963493347168,0.4690804905907216,0.904089093208313,0.3096948607770026,0.9815652966499329,0.13577445764968882,0.9973267316818237,0.0517036586536801,0.9999999403953552,0.000244140625
1,17,pre_rope,1024,8,53,0.8619909882545471,0.3714956416237651,0.903980016708374,0.3098709139167889,0.9435202479362488,0.23765469080948354,0.9743176698684692,0.16025707513720186,0.9943655729293823,0.07506282082774185,0.999078631401062,0.03035405407747025,0.9999997615814209,0.00048828125
1,17,pre_rope,2048,9,56,0.849788248538971,0.38757160817199837,0.8937316536903381,0.3259882609997818,0.9365363121032715,0.2519200029706425,0.971216082572937,0.16965823713295794,0.9933678507804871,0.08143800844515378,0.9988842606544495,0.03340268470573192,1.0000001192092896,0.0
1,17,pre_rope,4096,9,56,0.8487582802772522,0.3888980839792706,0.8940173983573914,0.32554969151054136,0.936985194683075,0.25102749912494654,0.9711053967475891,0.1699841264718882,0.9931932687759399,0.08250291645790504,0.9988523721694946,0.033876656129337365,1.0,0.0
1,17,post_rope,1024,27,84,0.6900666952133179,0.556716538991507,0.7598251700401306,0.49007635115343956,0.8378748893737793,0.4026476258792801,0.9204224348068237,0.2820949577592203,0.9783598780632019,0.14710581884071783,0.9945285320281982,0.07396937184944696,1.0000001192092896,0.0
1,17,post_rope,2048,32,91,0.654166579246521,0.5880760331398305,0.7208079099655151,0.5283863075766487,0.8083248734474182,0.4378071796494226,0.9006669521331787,0.3151714578873241,0.9725390672683716,0.1657134054071318,0.9925480484962463,0.08632468652566114,0.9999997615814209,0.00048828125
1,17,post_rope,4096,36,95,0.6289334297180176,0.6091523375002204,0.6945492625236511,0.5526759787401194,0.7834468483924866,0.46535271741713663,0.8845763802528381,0.33974051825939433,0.9678525924682617,0.17929698137932573,0.9909570217132568,0.09509457548537227,1.0000001192092896,0.0
1,18,pre_rope,1024,9,57,0.8421900272369385,0.3972530336738305,0.8939175009727478,0.3257030841537307,0.9375211000442505,0.24995779634920273,0.9717012047767639,0.16822245754724927,0.9927699565887451,0.08502966194955078,0.9986389875411987,0.036891902347280355,1.0000001192092896,0.0
1,18,pre_rope,2048,11,62,0.8266884088516235,0.4163070875548199,0.8803162574768066,0.34595338200860726,0.9299619197845459,0.26464708616467725,0.9672281742095947,0.18102990302821595,0.9909218549728394,0.0952793000979785,0.9982126951217651,0.04227652869187421,0.9999998807907104,0.00034526698300124393
1,18,pre_rope,4096,11,64,0.827435314655304,0.41540905785104887,0.8795150518417358,0.3471094181353542,0.9292125701904297,0.2660590720301984,0.9659219980239868,0.18460228052766084,0.9902358651161194,0.09881363713516782,0.9980899095535278,0.04370458152725144,1.0,0.0
1,18,post_rope,1024,32,88,0.6057970523834229,0.6278558334654358,0.6807801127433777,0.5649954754302218,0.7827175259590149,0.4661356820079161,0.9000155925750732,0.3162031110298043,0.9707462191581726,0.17103736679985282,0.9941639304161072,0.0763941724472019,0.9999998807907104,0.00034526698300124393
1,18,post_rope,2048,38,93,0.559886634349823,0.6634104051416265,0.6376065015792847,0.601991277694881,0.7405669093132019,0.5093457476869696,0.8761219382286072,0.3519631539968251,0.962492823600769,0.1936676958070988,0.9917588233947754,0.09078092643955893,0.9999998211860657,0.0004228639666916204
1,18,post_rope,4096,42,97,0.530835747718811,0.684955657164162,0.6050612926483154,0.6284414907942382,0.709395170211792,0.5390777585731098,0.8565818071365356,0.3787059451123845,0.9557396769523621,0.21038137523943973,0.9899696707725525,0.10015153132851994,1.0,0.0
1,19,pre_rope,1024,7,50,0.8716363310813904,0.35827875867627096,0.9102848172187805,0.2995249284804513,0.9480911493301392,0.22783513923418583,0.9771977066993713,0.15100428239168803,0.9947702288627625,0.07231715658982693,0.9990756511688232,0.03040310561730097,0.9999998807907104,0.00034526698300124393
1,19,pre_rope,2048,8,54,0.8597951531410217,0.37443937674739586,0.9022769927978516,0.3126067932757515,0.9431827068328857,0.23836378325390428,0.9747534990310669,0.15889147544450932,0.9937489628791809,0.07906350056011366,0.9988405704498291,0.03405039721017801,0.9999998807907104,0.00034526698300124393
1,19,pre_rope,4096,8,54,0.8589933514595032,0.37550851993063594,0.9019484519958496,0.31313183805571476,0.9434184432029724,0.23786878062710876,0.9747766852378845,0.158818496284644,0.9935964941978455,0.08002190826364078,0.9987754225730896,0.03499396272088087,1.0000001192092896,0.0
1,19,post_rope,1024,31,88,0.6430407762527466,0.5974606461912395,0.7051908373832703,0.5429633160874957,0.7939037084579468,0.4539782941309565,0.9077728390693665,0.3036892506010602,0.9715955853462219,0.16853609302988506,0.9936205148696899,0.07987167915043517,1.0,0.0
1,19,post_rope,2048,36,95,0.6045141816139221,0.6288766320877871,0.6726483702659607,0.5721465107243418,0.7613871097564697,0.4884801840848104,0.8846730589866638,0.3395982052563532,0.963357150554657,0.19142322075793997,0.9909668564796448,0.09504285096920875,1.0,0.0
1,19,post_rope,4096,39,98,0.5758452415466309,0.6512716472051959,0.6443641781806946,0.596352095510115,0.7355197072029114,0.5142764750570344,0.8667156100273132,0.36508134706211265,0.9574921727180481,0.20617426435409417,0.9888479113578796,0.10560344995368456,1.0,0.0
1,20,pre_rope,1024,6,38,0.8753593564033508,0.35304481811329447,0.9197163581848145,0.2833436814456704,0.9594036936759949,0.20148525088453775,0.9864670634269714,0.11633115048441911,0.9973698258399963,0.051285223602941056,0.9994953274726868,0.02246491770101178,0.9999998807907104,0.00034526698300124393
1,20,pre_rope,2048,7,40,0.8601587414741516,0.37395355129460717,0.9094629287719727,0.3008937872871877,0.9548113942146301,0.21257611762700407,0.9847545027732849,0.12347265781020139,0.9968507885932922,0.05611783501443871,0.9993674159049988,0.0251512245228979,1.0,0.0
1,20,pre_rope,4096,7,40,0.8604500889778137,0.3735637977938792,0.9094362258911133,0.3009381566184101,0.9555774331092834,0.21076661711646025,0.9849454164505005,0.12269712119483289,0.9968647360801697,0.05599342746993009,0.9993523955345154,0.025448073905201925,1.0,0.0
1,20,post_rope,1024,18,74,0.7721332907676697,0.47735386165017074,0.8304321765899658,0.41178613795274144,0.8912666440010071,0.32974741242198236,0.9456363916397095,0.23316004880830363,0.9850334525108337,0.12233784160743666,0.9967867732048035,0.05668533139354954,1.0,0.0
1,20,post_rope,2048,22,81,0.7380361557006836,0.5118240364610834,0.8010664582252502,0.4460196652332156,0.8708925843238831,0.35931520379204235,0.9333035945892334,0.25825647215658815,0.9802802801132202,0.14042692009290736,0.9955583810806274,0.06664547185947864,0.9999999403953552,0.000244140625
1,20,post_rope,4096,26,84,0.7140046954154968,0.5347852883022337,0.7789790630340576,0.47012863874257055,0.8529984951019287,0.38340775278816586,0.9239969253540039,0.27568655144202464,0.9767422676086426,0.15250486022208415,0.9947335124015808,0.07257056978155256,1.0,0.0
1,21,pre_rope,1024,6,32,0.871036946773529,0.3591142620761127,0.918599009513855,0.2853085881745326,0.9624654054641724,0.19373846942677037,0.9900128841400146,0.09993555853641561,0.998551607131958,0.03805775700224584,0.9997733235359192,0.015055778428258386,1.0,0.0
1,21,pre_rope,2048,7,34,0.857859194278717,0.3770156571301555,0.912649393081665,0.29555136088053285,0.9596036672592163,0.20098838956711826,0.9892408847808838,0.10372615494231052,0.998323380947113,0.04094653896102774,0.9997233152389526,0.016633843844624827,0.9999998807907104,0.00034526698300124393
1,21,pre_rope,4096,7,33,0.8573815822601318,0.37764853731991094,0.9129732847213745,0.29500290723758216,0.9606148600578308,0.19845689693777133,0.989545464515686,0.1022474228737036,0.9983453750610352,0.040677081249333065,0.9997247457504272,0.016590788093781256,1.0000001192092896,0.0
1,21,post_rope,1024,18,63,0.7733442187309265,0.47608379647817617,0.835414469242096,0.40569142307658423,0.8951402902603149,0.32382048999358437,0.9488368034362793,0.22619283048699998,0.9908050298690796,0.09589040687639411,0.9988651275634766,0.033687867794258475,0.9999998807907104,0.00034526698300124393
1,21,post_rope,2048,21,68,0.7455941438674927,0.5043866137522955,0.8089879155158997,0.4370492929683108,0.8767163753509521,0.35111767920320935,0.9379663467407227,0.24906556016293652,0.9877203106880188,0.11081375957876892,0.9984447956085205,0.03943607981885994,0.9999998807907104,0.00034526698300124393
1,21,post_rope,4096,24,73,0.717176616191864,0.5318114175232946,0.789156973361969,0.45917646568397974,0.8606886863708496,0.37324430823409804,0.9285913705825806,0.26722393122139987,0.9849233031272888,0.12278720158351676,0.9980676770210266,0.04395819581117256,1.0,0.0
1,22,pre_rope,1024,10,38,0.8287522792816162,0.4138208799932451,0.889933705329895,0.3317624069573058,0.9480814337730408,0.22785645969987164,0.9856144189834595,0.11993990585514284,0.998151421546936,0.042995098012028825,0.9997314810752869,0.016386547064990074,0.9999999403953552,0.000244140625
1,22,pre_rope,2048,10,40,0.8095853924751282,0.43636522263451727,0.879239559173584,0.34750602991374985,0.9431952238082886,0.23833752577324333,0.9836097955703735,0.1280242337591851,0.9977660179138184,0.0472650196887893,0.9996654987335205,0.018289375781570354,1.0,0.0
1,22,pre_rope,4096,10,40,0.808283805847168,0.4378540786070538,0.8787312507629395,0.3482366282243448,0.9442163705825806,0.23618558257738645,0.9840021133422852,0.12648275241199822,0.9977900981903076,0.04700959274118829,0.9996686577796936,0.018202808033553407,1.0,0.0
1,22,post_rope,1024,17,65,0.7479091882705688,0.5020864584206899,0.8253014087677002,0.41796960563215574,0.8991135358810425,0.31762629632786626,0.9564652442932129,0.2086498399395195,0.9899359941482544,0.1003195187974185,0.99833083152771,0.04085545829249795,0.9999999403953552,0.000244140625
1,22,post_rope,2048,21,71,0.7042167782783508,0.5438595606603318,0.7861713171005249,0.46241613607169363,0.8721243739128113,0.3575970163287003,0.9428521990776062,0.23905606230002577,0.9862930178642273,0.11707682151379369,0.997499942779541,0.0500005722013157,1.0000001192092896,0.0
1,22,post_rope,4096,24,74,0.6643665432929993,0.5793388099437157,0.7548847198486328,0.49509118367364124,0.8486812710762024,0.38899708086796436,0.9333481192588806,0.25817025533767324,0.9842183589935303,0.12562500151828745,0.9971513748168945,0.053372513366951986,1.0,0.0
1,23,pre_rope,1024,7,45,0.8669404983520508,0.3647732194774573,0.9101365804672241,0.2997722794602194,0.9495970606803894,0.22450598949607245,0.9793401956558228,0.14373518826013776,0.9971965551376343,0.052947567105257276,0.9998001456260681,0.014136986027151783,0.9999998807907104,0.00034526698300124393
1,23,pre_rope,2048,8,47,0.8533929586410522,0.38289298943562255,0.9044930338859558,0.30904201350956184,0.9456146955490112,0.23320657034266587,0.9762448668479919,0.15412700331871784,0.9966380596160889,0.057982241970375145,0.9997513294219971,0.01576929224800307,1.0,0.0
1,23,pre_rope,4096,8,48,0.8529456853866577,0.3834766154713248,0.9020328521728516,0.3129970412434412,0.9458279609680176,0.23274887546878165,0.9759601354598999,0.15504794271482641,0.9965646862983704,0.05861154921710941,0.9997470378875732,0.015904782690334306,1.0,0.0
1,23,post_rope,1024,20,69,0.7836439609527588,0.4651408808600263,0.8355898261070251,0.40547524448845806,0.8876591324806213,0.33517289198170347,0.9395455718040466,0.24587482220828014,0.9869094491004944,0.11441394538912472,0.9982345104217529,0.04201772933235529,1.0000001192092896,0.0
1,23,post_rope,2048,24,74,0.7514036893844604,0.498594334720662,0.8089945316314697,0.43704172383026574,0.8689655065536499,0.3619868691628884,0.9269914031028748,0.2702010305256537,0.982078492641449,0.13387123424601352,0.9974715113639832,0.0502840793494009,0.9999998807907104,0.00034526698300124393
1,23,post_rope,4096,28,79,0.72232985496521,0.5269441574159354,0.7852410674095154,0.4634209021941982,0.8516183495521545,0.3852033884168797,0.9165431261062622,0.28888903387587733,0.9784324169158936,0.14685905857013534,0.9968441724777222,0.05617675250740142,0.9999998807907104,0.00034526698300124393
