prompt,layer,kind,tokens,dim,rank_90,rank_99,rank_99_centered,relerr_r4,relerr_c_r4,relerr_r8,relerr_c_r8,relerr_r16,relerr_c_r16,relerr_r32,relerr_c_r32,relerr_r64,relerr_c_r64,relerr_r96,relerr_c_r96,relerr_r128,relerr_c_r128
0,0,pre_rope,1024,128,1,1,14,0.007230025827617601,0.3054610970945831,0.003913871958467138,0.1776656133084923,0.0018105953337635896,0.08555552817697899,0.0008457279333832408,0.039569614777057616,0.00034526698300124393,0.01252039199702938,0.00034526698300124393,0.004085254035810916,0.00034526698300124393,0.000244140625
0,0,pre_rope,2048,128,1,1,15,0.007221777078979023,0.3176594159765506,0.003959295590875697,0.18603035027010686,0.0018269811458857135,0.09211092856199518,0.0007720404443770458,0.0448362114182231,0.0,0.015134749745926629,0.0,0.005320921561939299,0.0,0.0
0,0,pre_rope,4096,128,1,1,16,0.007122046946198644,0.3231205552937269,0.003959295590875697,0.187918513839451,0.0018911051495153403,0.09545367682255783,0.0009134905729428568,0.046938535229356475,0.00034526698300124393,0.016242233768046774,0.0,0.005772260946062934,0.0,0.0
0,0,post_rope,1024,128,1,6,21,0.11593543983952842,0.5188195653024635,0.08143727653982166,0.3652706026275874,0.045380613499979496,0.20454337017846866,0.006200402880468894,0.02957529648336357,0.0013593174713940482,0.006514484406311687,0.00048828125,0.0016194456984157226,0.00034526698300124393,0.00034526698300124393
0,0,post_rope,2048,128,1,8,22,0.1329641037878952,0.5786110664679395,0.09505539283042409,0.41071172974069564,0.05133459413309479,0.22215066360316132,0.006840295764707959,0.03094620861440382,0.0016737437989260361,0.007461282612273499,0.0005980199567341743,0.0019834078136318264,0.00034526698300124393,0.0
0,0,post_rope,4096,128,1,9,23,0.15269156634131006,0.6208540255876653,0.1069377741584407,0.44220283670417027,0.058700464346249696,0.24169909544662257,0.0074971447913984805,0.03214878754176079,0.0019834078136318264,0.008460802466388407,0.0005980199567341743,0.0025135815773894045,0.0,0.000244140625
0,1,pre_rope,1024,128,1,1,80,0.04284720135232646,0.7226723746485468,0.035261209423595334,0.6099576854099985,0.027292475991709815,0.47836101914851725,0.018477429617602053,0.324729241780324,0.008478396169035809,0.14918270774275158,0.0034092382919357765,0.05952326683523654,0.0004228639666916204,0.0
0,1,pre_rope,2048,128,1,1,86,0.043797222265363145,0.7334157685163567,0.036604814089826784,0.6293784317786745,0.028867499694374923,0.5018113823043343,0.020294533633418366,0.35394977024101626,0.009853728550102815,0.17227992130391998,0.004114330943933769,0.07186075152268809,0.0,0.0
0,1,pre_rope,4096,128,1,1,89,0.04376454792651699,0.7386458974836525,0.03690078738853412,0.6369656511205274,0.029310096300553246,0.512489437366589,0.02088508535932541,0.3664226276178021,0.010418256002613218,0.1832118831403693,0.0044283098503947885,0.07739180796146759,0.0,0.0
0,1,post_rope,1024,128,1,1,99,0.07938137719676006,0.8696612738144441,0.07114468939900853,0.7796979555640645,0.05845829884244192,0.6423665541913706,0.03764676936297773,0.41439820122530935,0.021784677681840055,0.24137545392286625,0.010080968174835243,0.11046790008002143,0.00034526698300124393,0.0
0,1,post_rope,2048,128,1,1,103,0.0836597645434213,0.8712452299187227,0.07553144358498477,0.7857339356491915,0.0630544861615544,0.6585428510118418,0.042002831817709474,0.4365471272366289,0.024398188198549213,0.25682386942892843,0.012138479389312552,0.12639341951757208,0.0,0.0
0,1,post_rope,4096,128,1,1,106,0.08809790011965758,0.8854555299121053,0.0799056265414684,0.8046376666591645,0.06716175029484592,0.677979922267401,0.04615484811233226,0.4636681059223785,0.026190270179499778,0.26634835875535245,0.01381930829891104,0.13906117985130928,0.0,0.0
0,2,pre_rope,1024,128,1,1,88,0.07790687628722674,0.7557225066473641,0.06724733748713689,0.6600356132840278,0.05501404409566715,0.5410834314704703,0.038960896915944745,0.3848731186100023,0.01945174246781454,0.19213929230760693,0.00752095791052215,0.0742444445654227,0.0,0.0
0,2,pre_rope,2048,128,1,1,93,0.07924460205563566,0.7798738757585633,0.07000282758723922,0.695637787583984,0.05898813399911675,0.5885095221819456,0.04354335483521195,0.43460549201444454,0.022747042033969295,0.22676774298110475,0.008893557421917473,0.08842981042220645,0.0,0.0
0,2,pre_rope,4096,128,1,1,95,0.07922241021904286,0.7835833418545683,0.07088786064679098,0.7042799471038982,0.06035361672272567,0.6035958641068547,0.045311605510433034,0.45319063434771667,0.023969338142510115,0.23933116800378898,0.009382753345007634,0.09342040297845793,0.0,0.0004228639666916204
0,2,post_rope,1024,128,1,17,107,0.14070953371490286,0.8854871506779156,0.12634578093114285,0.7948943749622165,0.1012365539476433,0.6379150666263114,0.06945790054500724,0.44109536084520473,0.042064515744297426,0.26800514174268897,0.02184342421478377,0.1383799313956161,0.00034526698300124393,0.0
0,2,post_rope,2048,128,1,19,111,0.14445060335787913,0.8904563760910121,0.13066770266264927,0.8038028187104611,0.10616580768958334,0.6544179775840693,0.07448329958530474,0.46225047210619735,0.04725556069406023,0.29426987684426387,0.026052218524674115,0.16170073330535412,0.0,0.0
0,2,post_rope,4096,128,1,21,113,0.1483443118258136,0.8960310261332662,0.13522371581771284,0.8152044110716017,0.11127832202224924,0.6702813610322422,0.07792370613108292,0.47289484480647215,0.05047456123270931,0.3070561212070845,0.02871430046471581,0.17395734805743696,0.00034526698300124393,0.0
0,3,pre_rope,1024,128,4,41,78,0.301328186557359,0.8105661412902269,0.25953675706912593,0.7001673481356834,0.1970565745741975,0.5331787550949902,0.12162124430394568,0.3320552144097688,0.055544004299062005,0.15126949972764359,0.0171802852399992,0.04594127198387722,0.0,0.0
0,3,pre_rope,2048,128,4,45,82,0.3087153134958399,0.8379616873957615,0.27027469877854865,0.7346941072011932,0.2089223323957095,0.5697469127683535,0.13217052810691585,0.36365276741287117,0.06366268161797958,0.17492927075622156,0.019645357592078957,0.052821899119407004,0.0,0.0
0,3,pre_rope,4096,128,4,47,83,0.30978068715597273,0.8475192262499848,0.27287998583891737,0.7477551481553738,0.2121161977889499,0.5823090677499008,0.1355613766698871,0.37610273349684503,0.06675449387642568,0.18477074775288077,0.020259259214574946,0.05482900568031123,0.0,0.000244140625
0,3,post_rope,1024,128,22,73,99,0.4678447246983448,0.8927047940113201,0.4264253416781173,0.8161137070425908,0.3595410668178047,0.688479592607472,0.2508266609884401,0.4799238386925936,0.11879492462054339,0.22892633031058846,0.056664297484443564,0.10890341318559717,0.000244140625,0.0
0,3,post_rope,2048,128,26,80,104,0.48572125545077144,0.9056863511801954,0.44915625095971234,0.8389792495146136,0.38576629177061994,0.7209806450681048,0.27824663224285784,0.5194056653129124,0.13647264400697987,0.256846148501869,0.06814104363746515,0.12792852270163907,0.0,0.0
0,3,post_rope,4096,128,30,85,107,0.4996880511864729,0.9074577143829751,0.4653600181977582,0.8466697437094044,0.4056457280298336,0.7386543501818094,0.30182545715438963,0.5488968124034393,0.1490801901886681,0.2731759046172152,0.07561898704142946,0.13824828018857108,0.0,0.0
0,4,pre_rope,1024,128,1,36,84,0.24043265742955236,0.7278542060089545,0.19914304005238584,0.609655755730478,0.1556392176005066,0.48215134174208096,0.10822564176535272,0.3363307159713916,0.053038672822944354,0.16498542229960989,0.021940080018223604,0.0676639607112389,0.00034526698300124393,0.0
0,4,pre_rope,2048,128,1,41,88,0.24637127925050936,0.7447361002825781,0.20808258861713516,0.6358641054882292,0.16630976929083952,0.5134676102894965,0.11853850755465463,0.36746773273214645,0.05943909247638715,0.18407668857258486,0.02530832892066064,0.07765706113702538,0.0,0.0
0,4,pre_rope,4096,128,1,43,91,0.24507657508736974,0.7536657473541529,0.21040814700362837,0.6533022480336086,0.1697118052573818,0.530794060220953,0.12283258094367382,0.3860462390747589,0.062333839795236136,0.19564699140770656,0.02671973867985293,0.08301283877245744,0.00034526698300124393,0.0
0,4,post_rope,1024,128,16,74,101,0.4356345186876528,0.8630856426140963,0.3877677177252525,0.7725050536240391,0.30815121753878566,0.6111485519162324,0.2073199580325703,0.4144958531594459,0.11975439846426554,0.2405963434767552,0.058151611471110684,0.11597039468103212,0.00034526698300124393,0.0
0,4,post_rope,2048,128,18,82,105,0.4565640531352922,0.8631028383684564,0.4084817036158086,0.7779616195863738,0.3337505927777116,0.634446283854802,0.2281159386076264,0.43514188403757964,0.13534245536077547,0.2601433782285752,0.07014955076589051,0.1340140796353011,0.00034526698300124393,0.0
0,4,post_rope,4096,128,21,87,109,0.475203969729986,0.8827681825704986,0.42524461438481903,0.7951236065854003,0.3507356032001932,0.6565058527334766,0.2450046965090525,0.45861158450018974,0.14589011131540192,0.275337917613766,0.07991867939068913,0.15032878446498762,0.0,0.0
0,5,pre_rope,1024,128,8,54,82,0.38461502148537735,0.7490910744498526,0.3141606077997901,0.6227338716186434,0.24823147370203763,0.49398626396835205,0.16584877156356717,0.3321061891247285,0.07750955399720699,0.1565198475497659,0.03192552937163579,0.06455430845010607,0.0,0.0
0,5,pre_rope,2048,128,10,60,87,0.40059332950045334,0.775738693253254,0.3344394193967413,0.6562984085393858,0.2680298271305993,0.5294181994361892,0.18463973097251055,0.36436522181168063,0.0894054835692338,0.17807494012204242,0.037788994158733685,0.0754576232163374,0.00034526698300124393,0.0
0,5,pre_rope,4096,128,11,62,90,0.3990175102043857,0.7815844964154564,0.3397786746805031,0.6747376868278875,0.2749742105702447,0.5482043865831375,0.19115805591168608,0.3815094705858532,0.09435395568253561,0.18984174688090913,0.04002789597527299,0.08071645000753469,0.0,0.0
0,5,post_rope,1024,128,33,93,105,0.610491292599279,0.8621248465957273,0.5513577521581321,0.782809189353536,0.460554383971367,0.6545879570570864,0.31702908097338767,0.45192150905480755,0.18151178199842,0.2599233277684148,0.09064031011233767,0.13006876777237109,0.0,0.0
0,5,post_rope,2048,128,38,100,110,0.6418913908057068,0.8797312530830219,0.5840380589742799,0.8049507081003864,0.49844864740133654,0.6865125413792365,0.3524366742601512,0.4861677280637192,0.2067323362192126,0.2866027930166868,0.11073089488209865,0.15388743484045772,0.0,0.0
0,5,post_rope,4096,128,42,104,112,0.6637440534997006,0.8891430538403411,0.6095146117082295,0.8202535153935381,0.5257483190055235,0.7087537952772246,0.38350163925198544,0.5149013180305235,0.2234005450652738,0.3025629358002838,0.1251265362198432,0.1696863405528773,0.00034526698300124393,0.0
0,6,pre_rope,1024,128,6,56,87,0.3447331327941504,0.738042257873365,0.28751951234365386,0.6180452591208652,0.22695756865203862,0.4894945862327508,0.16002705643293066,0.3473149885658568,0.08350858539141906,0.18034772241316013,0.033935546875,0.0723447624119224,0.0,0.0
0,6,pre_rope,2048,128,9,64,91,0.37483163868911296,0.7718006885912004,0.31707185036865637,0.6635573766057327,0.25782706479633144,0.5398503503244134,0.186932180835955,0.39364812229308993,0.09964945865528085,0.20916497813704626,0.04046110692258528,0.08393965129126357,0.0,0.0
0,6,pre_rope,4096,128,10,67,93,0.3802801177658215,0.7878802857219412,0.3263158423386484,0.6846757881002061,0.2675938288403321,0.5623122537732579,0.19596099006960246,0.4130381022142725,0.10525944038151025,0.2213651467386246,0.04301935164122193,0.08948877948347705,0.0,0.00034526698300124393
0,6,post_rope,1024,128,31,92,102,0.6789729429087351,0.87469327182644,0.6098108444699656,0.7893869091956842,0.49277787903951076,0.6367881128641768,0.29924899115268894,0.3887473181727105,0.17112673088853525,0.22358030010852623,0.0893187734163817,0.1162232464594675,0.0,0.0
0,6,post_rope,2048,128,36,100,108,0.7153259693709129,0.8899258998498194,0.6532407064933757,0.8164248487188368,0.5440962905513358,0.6795250709517655,0.3509569675280547,0.43757676404793466,0.20180020768577392,0.254230585555449,0.11042931442278685,0.1387359041494259,0.0,0.0
0,6,post_rope,4096,128,41,104,110,0.7398895426740595,0.9027131963314654,0.6833922170839456,0.8353893764696644,0.5803848123766416,0.7085472840338184,0.3860817489086509,0.47128968473947475,0.2203402616716784,0.2713822646185626,0.12437473316259849,0.15258886718437503,0.0,0.00034526698300124393
0,7,pre_rope,1024,128,12,55,80,0.41430290009176207,0.7702945660714547,0.3516418367512031,0.6590827927194307,0.2724044905405834,0.5159772190121874,0.17467865049708747,0.3322277609541692,0.07963925565485758,0.15250290602119576,0.029356831552593905,0.056277988676123915,0.0,0.0
0,7,pre_rope,2048,128,14,62,86,0.42880804052732047,0.7932676118554088,0.3688745094484786,0.6883185455574956,0.29418742705474527,0.5531679750978528,0.19822234256429017,0.3748616122163565,0.09470579568596227,0.1800021857552804,0.035435731281901806,0.06750035745031585,0.0,0.0
0,7,pre_rope,4096,128,15,65,88,0.4299607535128175,0.803174847046714,0.3722286338079979,0.7019525713698168,0.30168205223752115,0.5732493619453616,0.20696343804854347,0.39473394342663215,0.10050561160462522,0.19257821166247416,0.03801701496058932,0.07282269189583734,0.000244140625,0.0
0,7,post_rope,1024,128,38,93,101,0.7019110478615559,0.8741848333084496,0.6288903275837672,0.7852208125201633,0.5129268450415301,0.6438585412083027,0.3574352991470267,0.44935128288658943,0.18424612163876944,0.23386199756812814,0.08973355376890559,0.11428676140680173,0.000244140625,0.0
0,7,post_rope,2048,128,44,100,106,0.7428738281713182,0.9030397546525263,0.6753891264775841,0.8219907577568201,0.563552983488258,0.6862572795711119,0.40038117188250016,0.48960325187042614,0.2147632794965023,0.2644024934293297,0.11013854405297174,0.13595805396424349,0.0,0.0
0,7,post_rope,4096,128,48,104,109,0.768404101266098,0.92152066614115,0.7068622871962421,0.8467973321582085,0.597800941654662,0.7159387508732739,0.43143620548333156,0.5186881775383316,0.23938420907973895,0.2896773526452475,0.12348400157518193,0.14966557097228625,0.000244140625,0.0
0,8,pre_rope,1024,128,1,1,81,0.03129002868455966,0.7146528228767001,0.02509665876848057,0.5865385914209518,0.018649211840300498,0.44193067877016284,0.012601062402894473,0.3015371954386419,0.006291063831408753,0.15108064170553664,0.0025952504425621704,0.06284617873344794,0.0,0.00034526698300124393
0,8,pre_rope,2048,128,1,1,88,0.033133939580404864,0.7459977372789711,0.027363361410259104,0.6249511699675023,0.02123742797551956,0.49090560615230694,0.014878563462102139,0.3472647015759921,0.007728120991867389,0.18111334943980908,0.00321116856395652,0.07574106311012703,0.0,0.00034526698300124393
0,8,pre_rope,4096,128,1,1,90,0.03360283307438526,0.7523661284322161,0.028126017234208336,0.6407729652537086,0.022259681309889014,0.5136249941475173,0.015949690401426832,0.3707838671978108,0.008325875441884734,0.19445107274641152,0.0034612907418842347,0.08175029780249059,0.0,0.0
0,8,post_rope,1024,128,1,1,97,0.06125643482271835,0.886828655204115,0.05550804358265807,0.8048509598418135,0.04490395893578527,0.648479919884477,0.026123046875,0.3783807945450482,0.01405240862417789,0.20636050414036933,0.00694407356119526,0.10195085661838339,0.0,0.0
0,8,post_rope,2048,128,1,1,104,0.06460184221741126,0.8993388754433773,0.05889459307452855,0.8222406705209325,0.04885680310171828,0.6801074254507138,0.03054100663190537,0.4254575426276585,0.016965577786222354,0.23923887839621572,0.008896907792133105,0.12547783121615141,0.0,0.0
0,8,post_rope,4096,128,1,1,108,0.06751889847295331,0.919340431813458,0.06206504151210382,0.8450549242689972,0.052283158034343996,0.7100679508453637,0.034472275858825493,0.4682474621461118,0.0193133598062169,0.2655802296326566,0.010334966058846057,0.1423193268074595,0.0,0.0
0,9,pre_rope,1024,128,16,49,64,0.5724416728895846,0.8193514871315273,0.4718360404800769,0.6765549040405405,0.3000600516297453,0.43573985934864506,0.1621277580408986,0.23780136563556237,0.06606699733529484,0.09804184129415433,0.023905843095495406,0.035572554147566396,0.0,0.0
0,9,pre_rope,2048,128,17,57,70,0.5930883837251654,0.8438336189655552,0.5010783369110334,0.7107461525098079,0.32681767838169573,0.46348302091590976,0.18584410301214738,0.2702663183728825,0.07975480472357362,0.11655305144031548,0.029011673320808142,0.04265060555138867,0.0,0.000244140625
0,9,pre_rope,4096,128,17,59,72,0.595769059331365,0.8542573093763611,0.5071354387208948,0.7225747964679028,0.3335248675018498,0.4730337857767319,0.1953530841623962,0.28576563688732143,0.08545619391173971,0.12541701374871944,0.03164800863886485,0.04673874443133947,0.0,0.0
0,9,post_rope,1024,128,30,77,88,0.6814889383824692,0.8645624001201726,0.5976957918936433,0.7591110783403898,0.4584425954919096,0.5843934632510827,0.2985749013272477,0.3840065065915482,0.13204622804453672,0.17117757616250903,0.06255624147983553,0.08137540675939106,0.0,0.0
0,9,post_rope,2048,128,36,85,94,0.7126521508572147,0.881412662211605,0.6349958266474034,0.7870944000409874,0.5045890617622945,0.6266647103292622,0.3408793313590911,0.42563731709273833,0.1611648065419566,0.20316563713286453,0.07482143443719196,0.09439374522807957,0.0,0.0
0,9,post_rope,4096,128,40,90,98,0.7351330638962783,0.894300181100399,0.6624178997486939,0.8071493433530157,0.5351117526301277,0.6542428521016198,0.3715528358890263,0.45648565085547943,0.18418108554281168,0.22757036378553386,0.08347967332140874,0.10329485689637542,0.0,0.0
0,10,pre_rope,1024,128,5,37,73,0.31874314095092193,0.7109037118784519,0.24591421208524197,0.5508720377233678,0.1783583868854035,0.40485803847603735,0.11118695862473707,0.25502366891107286,0.05266198735434673,0.1214147435657596,0.022415779162378965,0.05169212923918652,0.0,0.0
0,10,pre_rope,2048,128,6,42,78,0.3419908245763194,0.7341136873277435,0.2720049799505322,0.5917998461758902,0.19818384975222453,0.4344373178033031,0.12711851643970784,0.2806547010714777,0.06142842055140625,0.13659313425707706,0.026764316186120737,0.05945413235225761,0.0,0.0
0,10,pre_rope,4096,128,6,44,81,0.3409026737765136,0.7413135603274893,0.27728518015332143,0.6085354817498507,0.20304472877744908,0.4502479373518207,0.13172127717875645,0.29378639563866743,0.06433603459288932,0.14471032673196588,0.028359221991344292,0.06369450640861395,0.0,0.0
0,10,post_rope,1024,128,23,76,93,0.5453235417425882,0.83103213072309,0.47420412195007816,0.7250295896082415,0.3796578258331298,0.5807521000141432,0.2419182295696755,0.3715723264532198,0.1286567817178505,0.19933256002529184,0.05670215290294845,0.08833303367515935,0.0,0.0
0,10,post_rope,2048,128,28,85,98,0.590432233486308,0.8536551424783096,0.5206153286222212,0.7574981548740085,0.423069006005484,0.6179492450630792,0.28029672346510265,0.4092361302014994,0.15213369902890847,0.22362268416611322,0.07289550110758601,0.10674474754186784,0.0,0.0
0,10,post_rope,4096,128,32,90,101,0.6209672523132235,0.8656258655364739,0.5592250324588112,0.7806317362559595,0.4590224879247462,0.643016769822324,0.3126696126313771,0.4362545678847795,0.1672283087151149,0.23548954761092175,0.08242630065317548,0.11523359912675772,0.0,0.0
0,11,pre_rope,1024,128,17,49,58,0.6255016697709616,0.8237377227481889,0.5174765433187594,0.682990849158561,0.33337614658703496,0.4430694976826592,0.1702707151898512,0.22840135113505214,0.05617675250740142,0.07617930840632749,0.014668768443163869,0.019977805220194125,0.0,0.0
0,11,pre_rope,2048,128,20,54,61,0.6509849421902907,0.8496902251962758,0.5517783372150449,0.7193748411813091,0.36674529699158787,0.47892096342849017,0.1969674756073793,0.2617957158576715,0.06616841528989732,0.0884490182877095,0.017214943909965034,0.023144479743481716,0.000244140625,0.0
0,11,pre_rope,4096,128,20,55,63,0.6515923472641807,0.8592952691285234,0.5550235214060435,0.7300959569101443,0.3745328059221843,0.4949179103484775,0.20962454884161535,0.28203050608021696,0.07043615699713049,0.09457133050344665,0.0183901265481118,0.024966885569911102,0.0,0.0
0,11,post_rope,1024,128,28,75,83,0.7097506834902265,0.8531870089342234,0.6110074600788215,0.7348644978966258,0.44596547221487554,0.5369661452314525,0.2788392699780701,0.339970269165516,0.13120168068960697,0.16081863754545467,0.054813240455141084,0.06749991593532273,0.0,0.0
0,11,post_rope,2048,128,34,83,89,0.7469169110146632,0.8723625641737344,0.65807257469741,0.769402275314715,0.4996413494314457,0.5830371025050562,0.32503021906698487,0.3843624112928764,0.1603580227292785,0.1904058979531406,0.06580756089387284,0.07845047862367036,0.0,0.0
0,11,post_rope,4096,128,39,87,92,0.7719299767873259,0.8856839094578461,0.6888180582445114,0.7902511481759776,0.5392915543138046,0.6192747626622448,0.3675797173590227,0.42581918529938356,0.18401191651069296,0.21391846203270418,0.07449330193536625,0.08718965534567788,0.0,0.0
0,12,pre_rope,1024,128,7,46,77,0.3639959053396122,0.7659963174474955,0.29133670171264214,0.6245429275027956,0.2141131375974709,0.46280614669529324,0.1390631086357599,0.302287306926126,0.06451413128436263,0.1402138952745771,0.025330692864725987,0.05440119320738926,0.0,0.000244140625
0,12,pre_rope,2048,128,8,51,81,0.3732072575312203,0.7744050572606538,0.3090560926307414,0.6451212638890189,0.23197098280047804,0.48943881343489465,0.15440866790465677,0.3274423673748197,0.0724390372112376,0.1541484650185597,0.029210280552567736,0.06155539999359587,0.0,0.0
0,12,pre_rope,4096,128,8,53,84,0.36715771168752187,0.7827394973003975,0.30923058192750735,0.6568974979079468,0.23591047220599143,0.5098624301940561,0.15868614774941392,0.3443835229390152,0.07549710832830804,0.16385201166784646,0.030682173319087413,0.06622559151765119,0.00034526698300124393,0.0
0,12,post_rope,1024,128,27,81,96,0.5771716737668614,0.8305233468225379,0.5065097236792,0.7355627843237333,0.4140632197535755,0.6050555880679495,0.2702455867791637,0.3948746499219733,0.13773924214747973,0.2031475934888115,0.06639592707563217,0.09778830183232677,0.00034526698300124393,0.0
0,12,post_rope,2048,128,32,87,99,0.6176141640307642,0.8458782657815613,0.5475497306812618,0.7544044864331009,0.4556503954430761,0.6320254765306983,0.3117756077054283,0.4321805589053701,0.15774658639542466,0.2202682937749398,0.07791643914446192,0.10843142445718609,0.00034526698300124393,0.0
0,12,post_rope,4096,128,36,91,101,0.6508596292947857,0.871465603614725,0.58657303993214,0.7856072226723069,0.49095338170461983,0.6622794953946117,0.34515527105991284,0.4646402763172713,0.17420575559591986,0.2360163121243437,0.08673694866404862,0.11699533601577705,0.0,0.0
0,13,pre_rope,1024,128,14,51,71,0.46352442877217703,0.790656189435252,0.3854870688945112,0.6632988072600123,0.29473284796199023,0.5081780511767952,0.16905253100662554,0.2940860044063146,0.06856571119746488,0.1201382750322147,0.02544338906092342,0.04447917905475286,0.000244140625,0.0
0,13,pre_rope,2048,128,17,56,75,0.48032041911718115,0.7935466445789419,0.4065918584452262,0.6793729558526163,0.3187386529436147,0.5353682717544692,0.18941945828843373,0.3188636390220352,0.07918628817551603,0.1344835951489875,0.030104627946709695,0.05108901442300835,0.0004228639666916204,0.000244140625
0,13,pre_rope,4096,128,17,58,79,0.4709277744719178,0.8096185722737889,0.4057380678557737,0.702905832677117,0.32235679492821173,0.5623660987849931,0.19739007329127659,0.34427775704505176,0.08375162208466619,0.14759749600940753,0.032040143522876936,0.05651684093142864,0.0,0.0
0,13,post_rope,1024,128,30,81,95,0.5997998062576129,0.8295188006718751,0.5193131641618295,0.7218279241099234,0.42533816459855633,0.5941616939944733,0.3015440149521977,0.4225652487442129,0.14191733043886515,0.20014439377224502,0.06865432324004322,0.0971572333304826,0.0,0.0
0,13,post_rope,2048,128,38,89,100,0.6420620408221304,0.8308995748747673,0.5704766128821492,0.7407465146974419,0.4760792267364802,0.6213118931815615,0.35060616862544,0.45815230898368425,0.17105461613666015,0.22444412123097648,0.08342217636839909,0.11005787887273374,0.0,0.000244140625
0,13,post_rope,4096,128,43,94,103,0.6679308696513047,0.837590072542354,0.6009354233569498,0.7570318153150907,0.512984421368944,0.6482294047475413,0.3828951687981992,0.48497974422275203,0.19147225623689523,0.2425266475390705,0.09362180209841892,0.11924114052033523,0.0,0.0
0,14,pre_rope,1024,128,5,38,73,0.33021786231763406,0.7242260970614361,0.258276204488573,0.5750710526394119,0.185854365893447,0.41916705756551564,0.11487899550835562,0.26146503505755353,0.054119980083724116,0.12359231825046281,0.022855526832946192,0.05199679496864897,0.000244140625,0.0
0,14,pre_rope,2048,128,6,43,78,0.35066422037412376,0.7529969537870943,0.2801652759432008,0.6076313405854792,0.204599894638631,0.44645651048699647,0.1290705241001903,0.28311124166107693,0.062072723898791295,0.13705881604881046,0.026415744857669603,0.05828828661782778,0.0,0.0
0,14,pre_rope,4096,128,6,45,81,0.34254382667530203,0.7578538509767113,0.2782274593261373,0.627053226073483,0.20721197337605854,0.46976634152559354,0.13222305541127727,0.3014503072651347,0.06431796612138176,0.14759911132999845,0.027608408092240584,0.06326776054623819,0.0,0.0
0,14,post_rope,1024,128,20,73,92,0.5075217368258009,0.8015909334906355,0.4306096671908452,0.6858645406863727,0.34214607928687507,0.5472482769739901,0.23053701650495068,0.3701456104325916,0.11763145276652057,0.1901023202745487,0.05308248277079564,0.08602657903204844,0.0,0.0
0,14,post_rope,2048,128,25,82,97,0.5528080220577518,0.8163093618915739,0.48204149083862385,0.7154365749584758,0.38443304104390486,0.5731574910645817,0.26576476066700444,0.3970596574741324,0.13680744019235974,0.20589697709757052,0.06737662024310288,0.10131277045955717,0.0,0.0
0,14,post_rope,4096,128,29,86,99,0.5745707879507654,0.8130518433063599,0.5106398879347303,0.7258322542827074,0.41629656408093796,0.5927103879476199,0.28957805537255554,0.4129857151387453,0.14968309304393962,0.21477604579517734,0.07652396964744464,0.10987006272472946,0.0,0.0
0,15,pre_rope,1024,128,9,52,79,0.40532020390938267,0.7645305674238216,0.3271604621157663,0.6249660482721601,0.24166185494817632,0.4671593699071976,0.15690076730369124,0.30539952735289727,0.07488354542771045,0.14635838494607906,0.027932504365163237,0.05472508909759309,0.0,0.0
0,15,pre_rope,2048,128,11,58,83,0.43628674262235484,0.793341544329869,0.35711990691423057,0.6610191168567189,0.26690276740745095,0.49907127195900736,0.17746588580625855,0.3334938596591988,0.08602935043992532,0.16239205956942585,0.03266013966443485,0.06182593201437242,0.0,0.0
0,15,pre_rope,4096,128,12,60,85,0.4362442523391851,0.812378562508558,0.360009172905512,0.6810655326625212,0.27779877636271294,0.5274104323436326,0.1849977096209638,0.3532163079967186,0.08955303093633421,0.1718123928831564,0.03452151890689574,0.06643227459947064,0.0,0.0
0,15,post_rope,1024,128,29,86,101,0.5792641628544197,0.8363459827952175,0.5056536635489549,0.7346166862327622,0.41528535603498384,0.6060187518142541,0.2896894923597378,0.4239835673827631,0.15260800648654982,0.22494627523092017,0.07736407696806606,0.11422885625670551,0.00034526698300124393,0.00034526698300124393
0,15,post_rope,2048,128,35,94,105,0.6173478895940229,0.8386815746156902,0.5480338216737483,0.7479263487448614,0.45879623128162933,0.629545325422258,0.3309308836134163,0.45573757345529153,0.17795456880865826,0.24590427431143563,0.09350139716833337,0.129232283302143,0.00034526698300124393,0.0
0,15,post_rope,4096,128,39,98,107,0.6497343951204797,0.862223862243829,0.5816397662441455,0.7754787135593831,0.4900942902443142,0.656593369162708,0.3623115970744433,0.4854337749276884,0.19693781743679292,0.26495714938799125,0.10484923210535925,0.14111623793939682,0.0,0.0
0,16,pre_rope,1024,128,14,35,48,0.5345493411493171,0.7829422742287423,0.42254677022706894,0.6176245867958069,0.2726714165521783,0.39912071741364996,0.11108425266107712,0.1669438163793467,0.04040877681422473,0.060982399074045714,0.01594221456768995,0.02399295019877136,0.000244140625,0.0
0,16,pre_rope,2048,128,15,38,51,0.5686524150258091,0.8037461450404245,0.4535992869670922,0.6472018314618578,0.29624239127130153,0.423852383670852,0.12167440681571576,0.17802656699809977,0.04653297256140414,0.06846262083211825,0.019257728313393573,0.028309787241339385,0.000244140625,0.0
0,16,pre_rope,4096,128,16,39,53,0.5586543017026563,0.8098165324026009,0.45187231081509305,0.6590865457922506,0.29837070936003424,0.43496857299406433,0.12653552109247637,0.1885053385375744,0.049468457585601325,0.07412070775591194,0.0210216278238567,0.03147994320254795,0.0,0.0
0,16,post_rope,1024,128,23,66,77,0.6396438249028584,0.8213210490889044,0.5325819596271032,0.685946790766958,0.39273242859654967,0.5110296020555889,0.23617599256574853,0.30861615449721747,0.10390815446298625,0.13672572526849258,0.03980765109873396,0.05255832248193885,0.0,0.0
0,16,post_rope,2048,128,28,73,82,0.6843468577551594,0.8346620615942834,0.5857721731276845,0.7148795613975298,0.4477260169076317,0.5506536998911629,0.2762380776918056,0.34165149321629645,0.12387268034979398,0.15393681101735818,0.0485502346264938,0.06053604521341451,0.000244140625,0.00034526698300124393
0,16,post_rope,4096,128,32,78,85,0.7113213812703738,0.846640738853059,0.616918481069299,0.7387684420560584,0.4880167740768708,0.5879324457748784,0.3129756169130017,0.37767852401861934,0.13945367209276438,0.16934122431508802,0.05431731134488397,0.06598936382478988,0.0,0.0
0,17,pre_rope,1024,128,9,50,79,0.3886619834983087,0.7685809197608364,0.31885111457853627,0.627644713003512,0.2326029865276524,0.46545235678292995,0.15047660450622596,0.3031192425053249,0.07090341429674277,0.1434157341293762,0.02866027930166868,0.05816237283869439,0.0,0.0
0,17,pre_rope,2048,128,10,56,83,0.41092116464847706,0.7960486147498377,0.34182399097238736,0.6655733312333924,0.25488456637776596,0.4986059304868184,0.16952362746580502,0.333512268120999,0.08148849403745258,0.1609347889495944,0.03370113508763568,0.06679421581306845,0.00034526698300124393,0.0
0,17,pre_rope,4096,128,11,58,86,0.41183679614791213,0.7961513000590744,0.3489554485752186,0.6774372251925178,0.26643036316510604,0.5221515630824126,0.17929997327201205,0.3521069020315016,0.08713016005441042,0.17187274584592496,0.03624398938037635,0.07171586706147327,0.0,0.0
0,17,post_rope,1024,128,26,83,101,0.5538143216184848,0.8394866716543508,0.4859999809696837,0.7388155784804188,0.3930223523206734,0.5999634532924152,0.27453925375650734,0.42037591562162896,0.14150913773811574,0.2176603699435934,0.0729686460963945,0.11242589629233564,0.0,0.0
0,17,post_rope,2048,128,32,91,105,0.5953372519646429,0.8546315629915502,0.5312998692162509,0.7665292693632002,0.43710404598202357,0.6317029574276838,0.3113578906601774,0.451260974887944,0.16441126492277924,0.23913209687473322,0.08701823988259946,0.126594859566366,0.0,0.0
0,17,post_rope,4096,128,37,95,107,0.6245049900530546,0.8694208614887181,0.5669752222900816,0.7905445155917065,0.47541533431797856,0.6630034585031145,0.346658453492538,0.48483783390075863,0.18423965141395923,0.25810467896356887,0.09665440700881711,0.13534685927637555,0.0,0.0
0,18,pre_rope,1024,128,9,60,87,0.4037955303915922,0.7659631682958233,0.3299833082543744,0.6316433219403859,0.25140237865703513,0.4849213625876152,0.1719046480443638,0.33261613380861066,0.08999455276534965,0.17512831751902916,0.03844420335825137,0.07480231298756607,0.00034526698300124393,0.0
0,18,pre_rope,2048,128,12,65,91,0.4317382425939391,0.800525214969819,0.3575445912968409,0.6705734154165444,0.2721630368369303,0.5147030998603558,0.1874542180435124,0.35544720259534357,0.1013283598227269,0.19323449003250573,0.04468640519515009,0.08517989084204984,0.0,0.000244140625
0,18,pre_rope,4096,128,12,66,93,0.42763005905035706,0.8074085561154866,0.357651016910344,0.6812914634475497,0.27522489281810886,0.5304094846088894,0.18945516998131168,0.3657638058093874,0.10311264195233,0.19997248460322903,0.0465118327108576,0.09029606283482386,0.0004228639666916204,0.0
0,18,post_rope,1024,128,31,87,98,0.6336779857101471,0.8667094915076717,0.5636339414102631,0.7757074011681832,0.46507776604793466,0.6394001952247691,0.3071197848034418,0.4249278624404362,0.16575548322304715,0.23050534232645006,0.07598737232808103,0.1056426698249535,0.00034526698300124393,0.0
0,18,post_rope,2048,128,37,94,102,0.6673096645459692,0.8683615546771865,0.6056052761586291,0.7893904391641704,0.5092928510080631,0.6652538160080612,0.3499018122684702,0.45915063322335775,0.19122570631525412,0.25199345702048304,0.09167407323796913,0.12057037460690384,0.00034526698300124393,0.0
0,18,post_rope,4096,128,42,97,104,0.6936116364113438,0.8751156849680737,0.6381450194862298,0.8066569735368955,0.5445151503165503,0.6899166980160837,0.38466213015608997,0.48785864280042435,0.20797256385980437,0.26532683748252184,0.10188126059175763,0.12984012676742862,0.0,0.0
0,19,pre_rope,1024,128,7,48,80,0.36229703746029795,0.7634783643543668,0.2965501714782785,0.6247769434577316,0.2188036716557597,0.465293922745193,0.14167078891067314,0.3038731966455538,0.06791718379410844,0.14673521816794174,0.028804455476079346,0.062328580382723583,0.000244140625,0.0
0,19,pre_rope,2048,128,9,54,86,0.38435357196905284,0.7987451860046982,0.3216304183129946,0.664480459289043,0.24080224878236964,0.501875162564034,0.15972843250235133,0.3362701897781712,0.07958048197912619,0.1683009212121894,0.03440391018401407,0.07300988551054702,0.0,0.0
0,19,pre_rope,4096,128,9,57,89,0.38396358647153506,0.8065276355442927,0.32398923540482505,0.6788727272457822,0.24828021270746528,0.5247083580501557,0.1667473319668057,0.35496418114069384,0.08439076594238716,0.18090672048354997,0.036688577145518285,0.07875228817960891,0.0,0.0
0,19,post_rope,1024,128,30,87,100,0.5867992422101589,0.8679223684284478,0.5295132690870761,0.786730483421251,0.43710063690369544,0.6487053926747415,0.2948945898103698,0.4380623745204437,0.16123469050868489,0.2411138053261062,0.07558587441454086,0.11328598538728635,0.0,0.0
0,19,post_rope,2048,128,35,95,106,0.6234652749664975,0.8801521371738227,0.5716325297974387,0.8086353051753595,0.4836440570159746,0.6841465050363069,0.33448388296623854,0.47358058366184796,0.18815799335102282,0.2676873645412504,0.09450607595135686,0.13407522074496114,0.000244140625,0.0
0,19,post_rope,4096,128,40,99,108,0.6498815703708329,0.8990996781565731,0.6029731262791586,0.8360752099237349,0.5198040582967384,0.720200857252963,0.37040783584475384,0.513122613044047,0.20854640237599337,0.2902583568004104,0.10840998407675362,0.1501893517312183,0.0,0.0
0,20,pre_rope,1024,128,7,35,64,0.3657248564426058,0.7323851105681771,0.28342139941732447,0.5701852944007472,0.19607912290208082,0.3953606225679143,0.10876485394288245,0.2216808974447294,0.048290497224530445,0.09920434321540098,0.02082649754592734,0.042777589918662644,0.0,0.0
0,20,pre_rope,2048,128,8,39,70,0.38732069543179815,0.7614308913713671,0.3081792631207052,0.6102512612898254,0.21420484390587546,0.42325021747599295,0.121128938545937,0.24319494579860682,0.05591086835213827,0.11289570410895228,0.024794400702847788,0.05014282332059397,0.0004228639666916204,0.0
0,20,pre_rope,4096,128,8,41,74,0.3863021456138201,0.7804313375767853,0.312725272044976,0.6319081473027983,0.21892663091609865,0.44338249784829503,0.12672850471326627,0.259917824119966,0.059219578558527906,0.12227034392101577,0.026699654520492805,0.05520386107942244,0.0,0.0
0,20,post_rope,1024,128,17,72,93,0.483456879753188,0.8027485755722443,0.40790294944966843,0.6823470163583811,0.3194164676209495,0.5345973416715805,0.22267445272359368,0.3738536798079495,0.11666116133824837,0.19661901271117038,0.05364486792229649,0.09058044917040112,0.000244140625,0.0
0,20,post_rope,2048,128,22,80,98,0.5221081835207886,0.8189665697224288,0.45324448950269314,0.7109493422307943,0.359261868126199,0.5671265330269744,0.25156058553595084,0.39824118172077505,0.13689128343406168,0.21756313416153805,0.06490743795601672,0.10309558795771842,0.000244140625,0.0
0,20,post_rope,4096,128,27,85,100,0.547777901931673,0.8299802834685308,0.4883155505530479,0.7421924590898776,0.39877125841831595,0.6068513895896887,0.276489015288594,0.4214510730388964,0.15252381467135104,0.23350401210401214,0.07377532200990243,0.11278926958896232,0.0,0.0
0,21,pre_rope,1024,128,7,30,50,0.3660178527438541,0.7035314444839588,0.2786568731575022,0.536510785942764,0.18355446253095253,0.3529675698228942,0.08906583277841151,0.1719393176333199,0.03439438013480077,0.06740757583920058,0.013577818907699542,0.02646196075163912,0.0,0.0
0,21,pre_rope,2048,128,8,32,54,0.38910409482881164,0.7280217560029844,0.30630961246682287,0.574790721623841,0.1993188045792901,0.37676111578791005,0.09792839277679852,0.184914887928441,0.040161689360220465,0.07704716082867852,0.01635013247095041,0.03134712385159267,0.0,0.0
0,21,pre_rope,4096,128,8,33,57,0.39041399024906376,0.7457777422605287,0.3108768269754003,0.5971433645374674,0.2038420711379776,0.3932412842489797,0.1020723894961254,0.19607304315549934,0.043116920930702296,0.08407445999775184,0.01782560970339044,0.03478297111591934,0.0,0.0
0,21,post_rope,1024,128,16,60,80,0.4770156706868985,0.786841656991196,0.39937600698329195,0.6636477353183465,0.3103711092670867,0.5191163435539633,0.2143834124101771,0.35934730091326,0.08938748145814751,0.15000807422523518,0.03132620103973719,0.0527801315162006,0.000244140625,0.00034526698300124393
0,21,post_rope,2048,128,20,67,84,0.5126642708236674,0.8007316387904733,0.441062928763764,0.692380229907472,0.34813280339971986,0.5484517391779945,0.24483677604008527,0.38781106215463274,0.10585854167539854,0.16779620157155173,0.0378780068692695,0.06014090998862799,0.000244140625,0.0
0,21,post_rope,4096,128,25,72,87,0.5386800653334298,0.8177455156623761,0.46985667244863166,0.7185238814224355,0.38085507121466555,0.5829770896394859,0.26870800843536885,0.41294934334333805,0.11997468760871638,0.1848367050260089,0.044211029349240274,0.06817558650235571,0.000244140625,0.0
0,22,pre_rope,1024,128,9,36,52,0.43006228661195783,0.7067628213929179,0.3294224292692745,0.5471995344423523,0.22082732090472634,0.3675845008807917,0.1148016612461062,0.19174600147917545,0.04092688269924827,0.06859004747134662,0.014552501602369363,0.024412841766355897,0.0,0.0
0,22,pre_rope,2048,128,11,39,55,0.45628798601016834,0.7427502155310062,0.35925871584837704,0.5858613028254865,0.2352974857236522,0.3831002069015163,0.12374751117399911,0.203339390221525,0.046664081342927405,0.07705218914568446,0.017532288872440172,0.028892266267625075,0.0,0.0
0,22,pre_rope,4096,128,11,40,58,0.4568510433861874,0.7569420721637132,0.3625069025632137,0.602389473175435,0.23685126293893352,0.3910703790305948,0.1275578109724202,0.2134914494215992,0.049313988956846085,0.08282486445412683,0.018888975716684277,0.031730768341562396,0.0,0.0
0,22,post_rope,1024,128,17,64,80,0.5249394745224694,0.7782342114083138,0.42588363956234443,0.6369835238698892,0.3187772664394409,0.4790981561638424,0.21438563662463136,0.32358175921362203,0.09956418676677645,0.15028417213281722,0.04062649650751762,0.060682575375668034,0.00034526698300124393,0.000244140625
0,22,post_rope,2048,128,21,70,84,0.5691502891667809,0.8038679968330605,0.47662697027656065,0.6747692225807413,0.35764793376328413,0.5098051443164425,0.23746111702100367,0.3395172831106736,0.11308244821702916,0.1610856420657733,0.047625572461469846,0.06718482078710604,0.00034526698300124393,0.0
0,22,post_rope,4096,128,24,74,87,0.5942330152518056,0.8192542016017944,0.5111960150796194,0.7081274313013773,0.39642401174674824,0.5487329257924335,0.26026787639861815,0.36165558694020405,0.12440276521326324,0.17298220422757699,0.05350691452977211,0.07321207063095386,0.0,0.00034526698300124393
0,23,pre_rope,1024,128,8,44,64,0.38100982042106696,0.7388533540258093,0.30139029136796275,0.5905827825080876,0.2213413159997192,0.4369852580152519,0.14073494745669402,0.2784946899250267,0.0501980673186171,0.09823406936746013,0.013257982404673305,0.026256186346691097,0.000244140625,0.0
0,23,pre_rope,2048,128,9,47,68,0.39840855212799076,0.7678463882028983,0.32176659990125095,0.6216435428218673,0.22945088765680682,0.4513445767228219,0.1516246943333148,0.2985298812644757,0.05759545902525293,0.11249559181901723,0.01580327376238502,0.03118794956533051,0.0004228639666916204,0.00034526698300124393
0,23,pre_rope,4096,128,9,48,70,0.3940869085873419,0.7821376526174808,0.3224044962978855,0.6382640504795903,0.23011442199298912,0.46223641694466405,0.15543860521832412,0.313527421004561,0.06037188437816366,0.12044746458267916,0.017126425690718344,0.03436230511767929,0.00034526698300124393,0.0
0,23,post_rope,1024,128,19,68,86,0.4817560829447664,0.8081612835650597,0.40840297351655097,0.69289930956907,0.3298770811442432,0.566861936172642,0.24037625224897669,0.41347642122823963,0.11180867663990372,0.19186828278454515,0.04092761087728922,0.06956679903440338,0.0,0.0
0,23,post_rope,2048,128,23,74,90,0.5154322061480773,0.8280749035923457,0.4441092447352429,0.7186524905528475,0.36018876530962685,0.5897226272414311,0.2658249719394973,0.4354865883471252,0.13009488567706032,0.21298649580328272,0.04890923439158246,0.0790604849698058,0.00034526698300124393,0.0
0,23,post_rope,4096,128,27,77,93,0.5351814208411022,0.8450380137035911,0.4730136245394407,0.7507988132800223,0.3904170436443407,0.6222813606068625,0.2869147854478426,0.4582973451646108,0.1442557105482738,0.23108293839466873,0.055427449929235956,0.08763866336536223,0.0,0.0
1,0,pre_rope,1024,128,1,1,15,0.006800970838468808,0.31442535467316635,0.0034440273387856164,0.17144304963689497,0.0017435127999372193,0.0920759787290759,0.0007720404443770458,0.04521613562038085,0.0,0.01525830077343725,0.0,0.0052872089423114535,0.0,0.0
1,0,pre_rope,2048,128,1,1,16,0.007071654471660273,0.32384561415543167,0.0037505594472014687,0.18166211729157017,0.0018752797236007343,0.0943160452710399,0.0008457279333832408,0.04640534679420129,0.0,0.016164985700436375,0.0,0.0057515717721629625,0.0,0.0
1,0,pre_rope,4096,128,1,1,16,0.0071010935411372,0.322259798864239,0.0038291960794331354,0.18353010657194788,0.0019223652036161648,0.09563833106371286,0.0009134905729428568,0.047201292535897006,0.00034526698300124393,0.016475422674612293,0.0,0.005874613972419905,0.0,0.000244140625
1,0,post_rope,1024,128,1,6,21,0.11544883298156028,0.5149679332305137,0.08081091566664338,0.36068519922850295,0.04453676423849682,0.19973030980618198,0.00557261338403971,0.02659676529569594,0.0013147375017418222,0.006069239694656276,0.0005980199567341743,0.0016194456984157226,0.00048828125,0.00034526698300124393
1,0,post_rope,2048,128,1,8,22,0.1327341634064998,0.5761259416277443,0.09475455902726483,0.40833422732093155,0.050846937683378175,0.21950726904161824,0.006600832927048718,0.029830148203651395,0.001600937139722168,0.007163769898008403,0.00048828125,0.0019983771415704225,0.00034526698300124393,0.0
1,0,post_rope,4096,128,1,9,23,0.15235900802497693,0.6181251067652287,0.10648422230004986,0.43978733493702193,0.058349609375,0.23920225160042982,0.007376926235223695,0.03170539913227655,0.0019223652036161648,0.008257585217425666,0.0005980199567341743,0.002489755621871477,0.0,0.0
1,1,pre_rope,1024,128,1,1,86,0.040282463298130546,0.7092208467945436,0.03396890222257391,0.6101742418203279,0.027131482874625083,0.4930393778993036,0.01905235646008464,0.34804085020936726,0.009524613868716387,0.1737729102748698,0.003898613140300613,0.07109105031683065,0.0,0.0
1,1,pre_rope,2048,128,1,1,89,0.04119760017257374,0.724660105613122,0.03537849538403842,0.6312478584781995,0.02873608791603794,0.5161525455144912,0.020392685124767173,0.3682446783630419,0.010537715749466424,0.1899960005489836,0.004387744325100446,0.07850364479787873,0.0004228639666916204,0.0
1,1,pre_rope,4096,128,1,1,90,0.04157063225370647,0.726312245575634,0.03560019047504003,0.632164847420206,0.029058888528864263,0.5198012489347876,0.020740460972311924,0.3723078892864026,0.010814079389819386,0.19381413782553927,0.004508346023588718,0.08077439712587513,0.0,0.0
1,1,post_rope,1024,128,1,1,101,0.07712293758757008,0.8687700488843941,0.06851614278773846,0.7748201899976555,0.056447720063815085,0.6385126877930357,0.03670563159111868,0.41754000055259666,0.021452446534388356,0.2450837496257084,0.010224800581724572,0.11563686619260079,0.0,0.00034526698300124393
1,1,post_rope,2048,128,1,1,105,0.08133144698013986,0.8746781353246467,0.07302661961708877,0.7844516762267131,0.06082679277906733,0.6566024015740017,0.04053690234604445,0.43675747940218634,0.024089641374109395,0.2623704227159104,0.012267914576563586,0.1322679012708828,0.0,0.000244140625
1,1,post_rope,4096,128,1,1,106,0.08644336586202782,0.8908947569576683,0.07826182781199507,0.8065540738351051,0.06563615250055173,0.6790701594756804,0.04493779439392007,0.4619444500402003,0.025970871380805078,0.2705270918713519,0.013741452421357703,0.14156851547293864,0.0,0.0
1,2,pre_rope,1024,128,1,1,91,0.07769926418805387,0.7729021782215453,0.06881821456034323,0.6900244228905857,0.05746750867290201,0.5776501845066381,0.04214944889527374,0.4249395748266755,0.02166533123693707,0.21813988752303978,0.00821053306679699,0.08235902242887207,0.00034526698300124393,0.0
1,2,pre_rope,2048,128,1,1,94,0.07890427086491501,0.7781709266805262,0.07054354536240268,0.7030190282012725,0.05980448737132787,0.5982211067851936,0.04485946964584778,0.44957049323487763,0.02354913193708495,0.2357763990910608,0.009118578807120654,0.09059459570877815,0.0,0.0
1,2,pre_rope,4096,128,1,1,95,0.07878785268131792,0.7775620388841883,0.07074730267454638,0.7058353742985077,0.06024241036378947,0.6030793325894068,0.04553991667004828,0.4565371589494972,0.024108191371499315,0.24140249206185826,0.009398621364707108,0.09347844531231032,0.0,0.000244140625
1,2,post_rope,1024,128,1,17,108,0.14018541081606947,0.8897779184159217,0.12597443334864986,0.7987710424048367,0.10123331568264256,0.6453871159676898,0.07062967605639674,0.452168935883721,0.04288057470085989,0.274841301816584,0.022475528124416465,0.14408641095438635,0.0,0.0
1,2,post_rope,2048,128,1,19,111,0.14486470290051284,0.8920148913002214,0.13083614313951453,0.8050969572793694,0.10657933748184996,0.6589275414742732,0.07497025535760839,0.46581589798664896,0.04770810167459052,0.29703176274624093,0.026182303557207635,0.16248214330130148,0.0,0.000244140625
1,2,post_rope,4096,128,1,21,113,0.14882969492487266,0.8961734274018625,0.13482664634113922,0.81353699092197,0.11090462425848294,0.6707425443055066,0.07762059458150289,0.4721725763453121,0.05071724011893769,0.309002472821313,0.02851223860189783,0.1731600836725489,0.0,0.000244140625
1,3,pre_rope,1024,128,3,43,80,0.2988917463804953,0.8327775572125521,0.2617640669576004,0.7297795354074613,0.20114461473372075,0.561907190964377,0.12592166621248513,0.3551719180744761,0.05975064357905756,0.16858259303781634,0.01812240582021058,0.05015886816874199,0.0,0.000244140625
1,3,pre_rope,2048,128,3,46,82,0.30520585789289606,0.8433423116988821,0.268952563928431,0.7430594692741151,0.20899777948760487,0.5777674935670682,0.13244848293473907,0.37062267720876063,0.06498315372773239,0.18153214035039109,0.019784430804043626,0.05419921875,0.0,0.000244140625
1,3,pre_rope,4096,128,3,47,83,0.30534458222206023,0.8481839730288722,0.2702161407715303,0.7487770282025665,0.21027666350584157,0.5838010876700661,0.134137222700123,0.3770710656855953,0.06647443076152183,0.18612948852004785,0.0202666131148551,0.055811636205740416,0.0,0.0
1,3,post_rope,1024,128,22,74,99,0.46138147212025854,0.8966704863132487,0.42325866695302106,0.8237798163845533,0.35653008276024184,0.6943167510782016,0.2499541002099415,0.48590510711152796,0.11976136639831643,0.2349213906965982,0.05579614862392769,0.10906393230557962,0.0,0.0
1,3,post_rope,2048,128,26,81,104,0.48084039968304054,0.9052543761582936,0.44470514740981126,0.8393651263805944,0.3821081571651216,0.7212112826925197,0.2776485433888229,0.5234902768074654,0.1364226267838378,0.25918951181220135,0.06728278212656577,0.1276316191538159,0.0,0.0
1,3,post_rope,4096,128,30,86,106,0.4952544072979039,0.9087679593464272,0.4605873200159076,0.8467250402638927,0.40119384586600326,0.7378276258870738,0.299101361786176,0.5496464394853052,0.1475472103148616,0.273304280117115,0.07606773103955035,0.14036238839079387,0.000244140625,0.0
1,4,pre_rope,1024,128,1,37,88,0.22333890433503786,0.7038238019849642,0.18837154012133983,0.602073848434061,0.15209373107621604,0.49097675178712963,0.10881224681423822,0.3519508759726283,0.055950831524189976,0.18074602896732553,0.02350099228732203,0.07518698906348341,0.00034526698300124393,0.0
1,4,pre_rope,2048,128,1,40,90,0.23189799788524967,0.7240575452560128,0.196447811175294,0.621949811489832,0.1598032340480415,0.5091478836083014,0.11575741789017385,0.3704994663229534,0.06088555885561571,0.19456246366907964,0.025768114847575706,0.08172441043541914,0.0,0.0
1,4,pre_rope,4096,128,1,41,91,0.2305252523181123,0.7211376833938471,0.19631153186849637,0.6204322795385062,0.15988228789205483,0.5096222540692776,0.11690334200817641,0.37409028334919764,0.0615234375,0.19661522332565196,0.02631740816057005,0.0833800105658232,0.00034526698300124393,0.0
1,4,post_rope,1024,128,15,74,101,0.42818862275229885,0.8544319872767245,0.37919558460224184,0.7626924404817984,0.29609899994315075,0.5942650618901166,0.19855178185467698,0.40072863198067743,0.11763195947212521,0.23954662097004012,0.05774067721729175,0.11675411194252244,0.00034526698300124393,0.0
1,4,post_rope,2048,128,17,81,105,0.4487462751823699,0.8590264220309697,0.4000875675194804,0.7723480605109904,0.324782008642674,0.6258643372581479,0.21907700211740733,0.4226409176003934,0.13289729384744858,0.25888508868486726,0.06929896268742572,0.1344148798471226,0.0,0.0
1,4,post_rope,4096,128,20,86,108,0.46964883458624335,0.8820830259846647,0.4189433918088621,0.7932412379334242,0.3448645988076664,0.6526102218489089,0.2372337203796597,0.4490423104798753,0.14268886498338468,0.2725207628861901,0.0776532233586729,0.14769660357920147,0.00034526698300124393,0.00034526698300124393
1,5,pre_rope,1024,128,9,58,86,0.37365353771583454,0.7405721653631033,0.3187862413036371,0.637907077742985,0.25347652750989413,0.5110899578199869,0.17416999716365417,0.3517172578757117,0.08551580831716117,0.17409965652747458,0.035558308868960026,0.07253770899909341,0.0,0.0
1,5,pre_rope,2048,128,10,60,88,0.3849703636157292,0.7564234243112592,0.3284333914255705,0.6542541034440071,0.26460158718149224,0.5278339509461506,0.18209601302121206,0.3652465328702138,0.09081112394714617,0.18337220155625789,0.03870071722741086,0.07827248956388239,0.00034526698300124393,0.0
1,5,pre_rope,4096,128,10,61,89,0.3840949705472446,0.7587671853622091,0.32845907007993164,0.6539051306565707,0.26369651396743315,0.5291773812518372,0.18175248834095076,0.3664305981840524,0.09111418401632745,0.18472525738331516,0.03911434547700788,0.07945230219142077,0.0,0.0
1,5,post_rope,1024,128,34,94,106,0.6147213204431774,0.8620730787828577,0.557510232104501,0.7893958567856353,0.46811639561404156,0.6630556439543179,0.32398298032822404,0.4593124191319406,0.1859106413091285,0.2652590980299771,0.09410916511098025,0.13460298758842879,0.0,0.0
1,5,post_rope,2048,128,38,100,109,0.6422128769809891,0.8811496078852911,0.5862769605866928,0.8093063236984548,0.5015710942848185,0.6928254556713506,0.3534485979977063,0.48831420787208435,0.20665159142280842,0.28683416969433023,0.11064338919175595,0.153738823461198,0.0,0.0
1,5,post_rope,4096,128,41,104,111,0.6611698653010174,0.8903735039974371,0.6112767402089028,0.824964990017493,0.5279127089310173,0.7134793711475694,0.37720390239913737,0.5092370226690175,0.2188965442801195,0.297587493404501,0.12184060418332958,0.16534846269823225,0.0,0.0
1,6,pre_rope,1024,128,7,60,89,0.35025544381659046,0.7352335963165534,0.30110468133424784,0.6422499076424455,0.24494338237749172,0.522569306445042,0.17425895192864702,0.3731646925933767,0.09048136147204146,0.1935597931990097,0.03668695249912557,0.07753531113012894,0.0,0.0
1,6,pre_rope,2048,128,7,63,91,0.3589785503790765,0.745031769382348,0.30494190256826886,0.643341538553175,0.24957704528716426,0.5284856230910491,0.1820094148694931,0.38637697163686296,0.09766418424799676,0.20730299479395664,0.04003682944420774,0.08396201612348154,0.0,0.0
1,6,pre_rope,4096,128,7,64,92,0.3541655914439915,0.7449120355365321,0.3001298663067748,0.6400899280757488,0.24592620959413442,0.526993303060959,0.18115563402503845,0.38909934608602564,0.09810778181298568,0.21056743231295955,0.04051557622833788,0.08593091072483328,0.000244140625,0.0
1,6,post_rope,1024,128,31,95,104,0.6842531348293581,0.8827693472924091,0.6169768348128961,0.7965759015218675,0.5010632296843924,0.6469520651941425,0.30805903597227113,0.401399708565006,0.17979162765036905,0.235018546001633,0.09539714869030923,0.12451411226253374,0.000244140625,0.00034526698300124393
1,6,post_rope,2048,128,35,100,108,0.7093995405145108,0.8871101322280024,0.6451754038751337,0.8094357883793738,0.5398061294806931,0.6768737077216355,0.34135958354812795,0.4274859817615791,0.19851800682203308,0.2512300747234627,0.11026835047102403,0.1392969362747648,0.0,0.0
1,6,post_rope,4096,128,38,103,109,0.7327936271726136,0.9014420070158629,0.6718834277666829,0.8286762741862564,0.5671148143254687,0.6992345627003675,0.3722033325466331,0.4564792527396647,0.2092518743342196,0.26037732144995207,0.11824474260123378,0.1467894365782105,0.0,0.0
1,7,pre_rope,1024,128,12,59,84,0.41119623487860224,0.7704052875029856,0.3564631209431907,0.6720589674214074,0.28375190969488323,0.5393501840940688,0.1863747848212716,0.3561878685561933,0.08824391883884199,0.16936691687183233,0.032905591880252605,0.0631522476762796,0.00034526698300124393,0.000244140625
1,7,pre_rope,2048,128,14,63,86,0.4210323819824984,0.7835476086800385,0.3674373993786672,0.6879029393650834,0.2959919898070516,0.5573229974038495,0.19818971437427962,0.3751124372402989,0.09527867451781166,0.18140322029678912,0.03599232348082491,0.06852832080653572,0.000244140625,0.0
1,7,pre_rope,4096,128,14,63,86,0.4211377660504066,0.7828401785276401,0.36816098644479217,0.6905850636254299,0.29728449637506016,0.56020682517582,0.19858360018480786,0.37601024922646187,0.09639350844009606,0.18359163972981019,0.036583639701191856,0.0695466613834814,0.000244140625,0.0
1,7,post_rope,1024,128,39,95,103,0.7082731815116724,0.8772018266873012,0.6304010669251432,0.784282235819175,0.5181842062406862,0.6470391235756857,0.361703461227119,0.45261545141599413,0.19199576389090145,0.24264335799497408,0.09623601043892144,0.12190296145777801,0.0,0.0
1,7,post_rope,2048,128,44,101,107,0.740370544148397,0.902844302567002,0.6726756537249496,0.8197272619972035,0.562899341820193,0.6866020060004631,0.4005333622765647,0.4908627438220918,0.21785443771076465,0.26860739450821336,0.11302234396679398,0.13975957969355585,0.0,0.0
1,7,post_rope,4096,128,48,103,109,0.7597439721167418,0.9176854934332701,0.7001590905603303,0.8455115579269683,0.5943690135024567,0.7172017214493269,0.4260499438886244,0.5158687939983454,0.23509702728838927,0.2862642266348813,0.12161756861723724,0.1480577530299217,0.0,0.0
1,8,pre_rope,1024,128,1,1,85,0.03136898277912314,0.7236662945742758,0.025900777535568725,0.6112876610572571,0.020049282390281063,0.4799337742736998,0.013832241674038374,0.33299286660581434,0.007033623188910124,0.17014972712797288,0.002878375518201073,0.07010960444937173,0.0,0.0
1,8,pre_rope,2048,128,1,1,88,0.032216388367939025,0.7364534023574865,0.026835486173652036,0.6253902647361694,0.02092642647861299,0.49319929242589955,0.014707319806473666,0.3492154080702527,0.0076817054309337275,0.1826375858113742,0.00321116856395652,0.07624656732055368,0.0,0.0
1,8,pre_rope,4096,128,1,1,89,0.0320447939639254,0.7375027826224382,0.026737578600838842,0.627110304099317,0.02086652654574375,0.49440272922611306,0.014765967309606876,0.3518777916968606,0.007766588730755306,0.18568062228289609,0.0032663789453758916,0.07852603976129996,0.0,0.0
1,8,post_rope,1024,128,1,1,101,0.061338601159114985,0.8996187240240683,0.05567637524869718,0.8178349091225926,0.045332647645663915,0.6626587785431073,0.02710620696715496,0.398722154248933,0.015152461571467676,0.2256078668149376,0.007584094026859896,0.11302260765171306,0.00034526698300124393,0.0
1,8,post_rope,2048,128,1,1,105,0.06363692933611419,0.905383032426986,0.05833734998044116,0.8301654365845457,0.048486967361093355,0.6878742153240195,0.030351108464167532,0.43087784009085434,0.01711424039875184,0.24624132847888006,0.008980260819213633,0.12949606312839465,0.00034526698300124393,0.0
1,8,post_rope,4096,128,1,1,108,0.06567428191641547,0.9203204447689941,0.0606589971172819,0.8497120586913373,0.05101896546718003,0.7127728717697389,0.033092539014984206,0.4626024854366495,0.018427361755970397,0.2607642460896946,0.009988902610097062,0.14114580142688274,0.00034526698300124393,0.0
1,9,pre_rope,1024,128,16,54,68,0.5691769412255042,0.8194611627593864,0.47221580980971056,0.6781547627751557,0.30968196552154453,0.4510115301388045,0.17713205751776293,0.2618229217458471,0.07510529120913281,0.11190965254318515,0.026579952116636798,0.03969068859838003,0.0,0.0
1,9,pre_rope,2048,128,17,57,70,0.5844729112004717,0.8323625970407048,0.4874291882071029,0.692140953961736,0.3229093653355931,0.46177184030446133,0.18825521961894082,0.2748685175680788,0.08093510274393093,0.11914962984668706,0.029011673320808142,0.04284511465491113,0.000244140625,0.000244140625
1,9,pre_rope,4096,128,17,57,70,0.591288685168181,0.8371485022346856,0.49197970651239836,0.6959855326267,0.32054148606956795,0.4553150657105009,0.18719696352158835,0.27214562550550214,0.08129516226720097,0.11869001379258692,0.02946727787034104,0.04323564350678501,0.0,0.0
1,9,post_rope,1024,128,32,81,92,0.6864690419945483,0.8654337496135942,0.6042102162242123,0.7619194353271612,0.47264004514043795,0.597899842330164,0.3129120970560403,0.3989523758538892,0.143463936490868,0.18433037557292667,0.06831183824279732,0.08813239857884417,0.0,0.0
1,9,post_rope,2048,128,36,86,95,0.7098170243475348,0.8759020260130551,0.6312274626683871,0.7799356658092287,0.5051822917820311,0.6271344454477714,0.34411974008948776,0.42900204170737116,0.16361848602267798,0.2052647785716098,0.07678872764732508,0.09681214785527215,0.0,0.000244140625
1,9,post_rope,4096,128,39,89,98,0.7317207744667319,0.8885152406254793,0.6525308945894495,0.7930138485867022,0.5259485508556186,0.6421786286792444,0.36698648347832397,0.44997574422950565,0.17989967093233522,0.22160169935297863,0.08335462933861403,0.1030822896655288,0.000244140625,0.0
1,10,pre_rope,1024,128,4,41,76,0.3127988340153634,0.6746464721870168,0.2539161093338184,0.5486443371375446,0.18690045186616291,0.41188882286482414,0.12304251526874631,0.2733110407910931,0.05884194261203199,0.13119781910083875,0.025224582909877717,0.056304460228908164,0.00034526698300124393,0.0
1,10,pre_rope,2048,128,5,43,78,0.32733604403873506,0.6934607203387738,0.2657408742046526,0.5685330679375928,0.19681717159557394,0.4275582704372507,0.1286354688827125,0.2816207349634587,0.06266096368500952,0.1378698662971949,0.027163318973839713,0.059853303709447005,0.0,0.0
1,10,pre_rope,4096,128,5,44,79,0.32657347300222933,0.6946751105490311,0.26687697273615185,0.574571254770169,0.19655230885393896,0.4277785465651921,0.1291748485229856,0.2835035112220731,0.06376605411414131,0.14038446836393514,0.027836314089334423,0.06139881894718441,0.000244140625,0.0
1,10,post_rope,1024,128,24,80,94,0.5598861042922127,0.8272770733211829,0.4839921484223655,0.72294526377978,0.3928015533354398,0.5863292655959145,0.2559198206197188,0.3826582461609183,0.13846110054501135,0.20914203721696462,0.06170240741156945,0.0933141111833964,0.0,0.00034526698300124393
1,10,post_rope,2048,128,28,86,99,0.5967188945569315,0.8534742471891473,0.5247795209681815,0.7562744026345403,0.42532295970962153,0.6144227987421742,0.2864766317360864,0.41357263341822775,0.15772051254808353,0.22963875493367092,0.074085316423007,0.10806222272917883,0.0,0.0
1,10,post_rope,4096,128,32,90,101,0.6173571582787315,0.8566242583486079,0.555745472500472,0.7741319062984214,0.4553669680008253,0.6372699341108612,0.3114299574123704,0.43502927396643515,0.17061866748502771,0.2399054034885122,0.08326197589044418,0.1168449481536412,0.000244140625,0.0
1,11,pre_rope,1024,128,18,52,60,0.6208778341930222,0.8193964611883006,0.513458033387363,0.6790949551532717,0.3389492320359136,0.4496101332988691,0.18782857080337986,0.25368889528629995,0.06170289041064508,0.0842306385602028,0.01618156990215384,0.02217114127560073,0.0,0.0
1,11,pre_rope,2048,128,19,54,62,0.6323933567263996,0.8300457218801901,0.5292373567457592,0.6955083078427092,0.3504965835655106,0.4630050195912097,0.19694765354956117,0.2644916365514495,0.0663267669718437,0.08955835541254897,0.017239163519443094,0.02343622839974949,0.000244140625,0.000244140625
1,11,pre_rope,4096,128,19,54,62,0.6377580270116255,0.8374167571759757,0.5323835508864981,0.6997494947561803,0.3474064475996837,0.4598413137720702,0.19482850187177841,0.2618890464493437,0.0667567260725212,0.09007201016027534,0.017498258776552072,0.02377333047261687,0.000244140625,0.0
1,11,post_rope,1024,128,29,78,85,0.7044204645791948,0.848870826767106,0.605939177834921,0.7313750046068451,0.45008362152075315,0.5445555409249819,0.29376701954985945,0.3608379441393249,0.14100109247366088,0.17385195450911503,0.0583981108895549,0.07234723406120065,0.0,0.0
1,11,post_rope,2048,128,33,83,90,0.7290422515084829,0.8586563920554993,0.6394947129359846,0.7542037179356547,0.4868911486825734,0.5746092214785123,0.3205915956403426,0.3833650765889997,0.15977320571486414,0.19202959970955472,0.06720433578695406,0.08083709557288907,0.0,0.00034526698300124393
1,11,post_rope,4096,128,36,87,92,0.7539581320506664,0.8727885467870053,0.6616437957359784,0.7652599476488927,0.5097549261965466,0.590035817788631,0.34200677148908143,0.4014103998464906,0.17354861300130436,0.20425394748715853,0.07451930176232224,0.08807286336766726,0.0,0.0
1,12,pre_rope,1024,128,6,47,79,0.3478030634145748,0.7495918554154146,0.28179804070646447,0.6125028006820485,0.21583798711563473,0.4734783746681377,0.14086152424709208,0.31074623090893455,0.06550980402831415,0.14438704436293617,0.026807707885175204,0.05830566794715934,0.0,0.0
1,12,pre_rope,2048,128,7,50,82,0.3633463811427247,0.7705255465285785,0.3017549483771338,0.6466964880795294,0.23017515458356302,0.4946647548205882,0.1515039625877127,0.328874549334749,0.07106127993057185,0.15396565486583488,0.028968496574601946,0.06231184293501915,0.00034526698300124393,0.000244140625
1,12,pre_rope,4096,128,8,52,83,0.36489934395594964,0.7702862864709645,0.3060314176923786,0.6508883384713695,0.2337680587320597,0.4999660241981229,0.1574593473376394,0.33991170620289535,0.07404387098933446,0.15957648313210512,0.03000447557761175,0.06438419239373973,0.0,0.0
1,12,post_rope,1024,128,27,81,95,0.5817227666174672,0.8344069221190711,0.5098102301598156,0.7358157654526746,0.41804097344844077,0.6076645443056715,0.27189911921710297,0.395470134682946,0.1397137255873333,0.20524837148487288,0.06540280829066829,0.0958419104898032,0.0,0.0
1,12,post_rope,2048,128,32,87,99,0.6181258299757396,0.8530941758508471,0.548043881963495,0.7602300915819385,0.45456204600831407,0.6334240630897849,0.31126206294204056,0.434113199940815,0.15812247775633215,0.222007207031799,0.07652903234057717,0.10725945418154066,0.0,0.0
1,12,post_rope,4096,128,36,91,102,0.6476561193155449,0.8720380856154303,0.5816990461145259,0.7847534588886119,0.4859436844312612,0.6601698834518163,0.34273257107039296,0.4648105385079698,0.17504406101859635,0.23913820352110363,0.08634263689094734,0.11771427015788574,0.0,0.00034526698300124393
1,13,pre_rope,1024,128,14,54,75,0.4485405487859285,0.7756369365293136,0.3818581811226059,0.6669145262426179,0.29711191862884717,0.5202950620736224,0.18138136871324542,0.31961961564297936,0.0753710785663369,0.13379017627558754,0.0279921892716037,0.0495370893917157,0.0,0.0
1,13,pre_rope,2048,128,16,57,78,0.4712479473443696,0.7971429187446977,0.3994626339803295,0.6864577542786382,0.31498105294904394,0.5432744983498222,0.1928933432577935,0.33375952217719784,0.08212855789165122,0.14308640271943548,0.030971237436860047,0.05399814457708092,0.0,0.0
1,13,pre_rope,4096,128,17,57,78,0.4704612015264634,0.8025473495133524,0.4041310583074082,0.6947848428813369,0.3195645974812423,0.5500673036143433,0.19471940588928652,0.3364824709584871,0.08314592427938775,0.1450559011763912,0.031514951941774144,0.054984241308736484,0.000244140625,0.0
1,13,post_rope,1024,128,32,84,97,0.6076184411619933,0.8211488002975296,0.5340005131301129,0.7258122169614303,0.4405690583774409,0.602459325723323,0.31574981789723366,0.43183004098331823,0.1507915750239567,0.20755787214744412,0.07300335408696491,0.10093317926093587,0.0,0.0
1,13,post_rope,2048,128,39,90,101,0.644831131039143,0.8340902685614624,0.5751341186510264,0.7486582118024303,0.481255422289138,0.6300928992699074,0.3567692369114412,0.4673083707171156,0.17514499379723614,0.23000184949877614,0.08479169453488454,0.11216076460600825,0.0,0.000244140625
1,13,post_rope,4096,128,42,94,103,0.6680524450147317,0.8406075309157856,0.596652465798722,0.759025527066214,0.5115672462350397,0.6519848412992411,0.3793000996037138,0.4835958674912938,0.1898739260956441,0.24213285752654415,0.09285981022493524,0.11925563576614442,0.0,0.000244140625
1,14,pre_rope,1024,128,5,40,75,0.3226307043718924,0.7127776382999015,0.2607549885668537,0.5802183142396555,0.19101862680771764,0.4315520320785708,0.12111786632966455,0.27560968006142456,0.057337713521522816,0.13119395739840775,0.02408469229519243,0.054965267485296794,0.0,0.00034526698300124393
1,14,pre_rope,2048,128,5,43,79,0.3344130414197029,0.728380328749252,0.2720900989137236,0.5960796229537081,0.20116787508349013,0.44514816999885154,0.12991814383759323,0.2895111520032464,0.06270613057100353,0.14090890835445358,0.02663259793612235,0.05982192635074913,0.0,0.0
1,14,pre_rope,4096,128,6,44,80,0.3353299702184354,0.7299868784339205,0.2765464605648057,0.6059270293426433,0.2036381621676139,0.44904927913181886,0.13161761255354715,0.2929682413732564,0.06423450731446176,0.14385767511411932,0.02760193053971122,0.06184039140229517,0.000244140625,0.00034526698300124393
1,14,post_rope,1024,128,21,75,94,0.5134401560254394,0.802730940836965,0.44041195852794063,0.6942346769983323,0.35270758745745895,0.5568179734783455,0.2380178277447097,0.37628058489818417,0.12293201717063822,0.19617530980781486,0.056862757276890954,0.09087312864871823,0.000244140625,0.00034526698300124393
1,14,post_rope,2048,128,25,82,98,0.5496333720940555,0.8202349671553264,0.4803013703863008,0.720439831780646,0.3831817247673866,0.5776744839857844,0.2658888684284404,0.4011361229704499,0.13809621899433383,0.2096887998355879,0.06866040026518339,0.10439031751245104,0.0,0.0
1,14,post_rope,4096,128,29,86,100,0.5707283594086655,0.8157994693927391,0.5060951537689593,0.7263767661324455,0.41277927712592755,0.5927896261754114,0.28870204411712225,0.4143681387815138,0.15022823930213514,0.2169395183710024,0.07725305345049824,0.11171828049781153,0.0,0.0
1,15,pre_rope,1024,128,8,53,80,0.37855151373414825,0.7416548775332437,0.3149758490129454,0.6215586811483453,0.2428715796747627,0.48134898369161655,0.16050830387013343,0.32099748268209927,0.07482462087038742,0.1504090533174607,0.028310839943291647,0.05702395457806689,0.0,0.0
1,15,pre_rope,2048,128,10,56,82,0.39959212906391534,0.7600180983584418,0.3323100097918804,0.6376960135159575,0.25755505278868046,0.49573666193837945,0.17173726892275987,0.3327480880659448,0.0821673762411413,0.15987576370116505,0.03151873434120468,0.06160428018809973,0.0,0.0
1,15,pre_rope,4096,128,10,58,83,0.40319571059723136,0.7660735626330711,0.3357797296559745,0.6418172395415834,0.2609352796996902,0.5014128987747306,0.17594393513431167,0.3399309945203791,0.0847702517323493,0.164074851888078,0.03276672803834877,0.06382258079477372,0.0,0.0
1,15,post_rope,1024,128,29,87,102,0.5640765983531508,0.8317073854354023,0.5049054788190597,0.7442622248100806,0.41806578178332393,0.6192316415596516,0.29297749824178165,0.4338533466357312,0.15829954623400103,0.23564629678582535,0.07848997693552726,0.11698973180266516,0.0,0.0
1,15,post_rope,2048,128,34,93,105,0.595928362179708,0.8357422680909362,0.5326813321014418,0.748297706561644,0.4459567178542906,0.6288133635549603,0.3247189627154677,0.45861262423977284,0.17773169211574005,0.2519093556791782,0.09200020854345818,0.1303658359338882,0.00034526698300124393,0.0
1,15,post_rope,4096,128,38,97,107,0.6240956439298522,0.8511389457701899,0.5601556456069133,0.7659243368311845,0.4695038773211032,0.64539422725369,0.34864854109303084,0.4788942046151945,0.19199498777006369,0.2649109161639203,0.10259136500913942,0.14168046528802825,0.0,0.0
1,16,pre_rope,1024,128,13,36,49,0.5069118435565586,0.747440620347588,0.4057244055309074,0.6033746252191144,0.2693367961513008,0.3989404981459561,0.11642385260090501,0.17550552784400408,0.0427545932733745,0.06504778645976686,0.01697611432245358,0.025781989809461104,0.0,0.0
1,16,pre_rope,2048,128,14,38,51,0.5248971202501723,0.7675133015290765,0.4283635637300117,0.6295224600580906,0.2811521783889862,0.41392586810981785,0.12079608386936154,0.18080257570238106,0.0461244900889757,0.06935699572932712,0.018827342416794995,0.02830136421608858,0.0,0.0
1,16,pre_rope,4096,128,15,38,51,0.5274042730568429,0.7699453720927739,0.43166699911470513,0.6328857756210994,0.28192999546462216,0.4142085123829534,0.12111146858776971,0.18061852783434457,0.046226465578092055,0.06931272306139787,0.018989684065068416,0.028516419282067204,0.000244140625,0.0
1,16,post_rope,1024,128,25,67,78,0.6285352382598811,0.7927983669394102,0.5328566435037594,0.6807372657237654,0.40821962460112676,0.5254484804198805,0.25636648926355754,0.3318731492560268,0.1076062094736696,0.13954019686559957,0.040531020399868306,0.05292504772387746,0.0,0.0
1,16,post_rope,2048,128,29,73,82,0.661765130049127,0.8129779620274616,0.5697452389098455,0.7054035566418211,0.44510485174636855,0.5541975517079828,0.2857191200358258,0.3572221208215955,0.1232242819085832,0.1548178845771661,0.04686864173999761,0.05906790572360142,0.0,0.0
1,16,post_rope,4096,128,32,77,85,0.6868275908751791,0.8230807325933521,0.59422639507358,0.7212603929256791,0.4690804905907216,0.5727700884029813,0.3096948607770026,0.3795722535348625,0.13577445764968882,0.1673319967578737,0.0517036586536801,0.06369965304245771,0.000244140625,0.0
1,17,pre_rope,1024,128,8,53,81,0.3714956416237651,0.7392256211965545,0.3098709139167889,0.6220212524806509,0.23765469080948354,0.48034647804653485,0.16025707513720186,0.32562657991051647,0.07506282082774185,0.15294898679908348,0.03035405407747025,0.06204102792233862,0.00048828125,0.0
1,17,pre_rope,2048,128,9,56,83,0.38757160817199837,0.7538947860557716,0.3259882609997818,0.6384426720587556,0.2519200029706425,0.49511766903946014,0.16965823713295794,0.33529557397789894,0.08143800844515378,0.16165630959569252,0.03340268470573192,0.06651969643790231,0.0,0.0
1,17,pre_rope,4096,128,9,56,83,0.3888980839792706,0.7523222970726295,0.32554969151054136,0.6361761296825788,0.25102749912494654,0.4907921888898839,0.1699841264718882,0.33467334379004493,0.08250291645790504,0.16316212228064836,0.033876656129337365,0.06725974523563553,0.0,0.00034526698300124393
1,17,post_rope,1024,128,27,84,101,0.556716538991507,0.8363243526995491,0.49007635115343956,0.7449333794140032,0.4026476258792801,0.6113328049940671,0.2820949577592203,0.4296877080743459,0.14710581884071783,0.22508269485765348,0.07396937184944696,0.1133488420552666,0.0,0.0
1,17,post_rope,2048,128,32,91,104,0.5880760331398305,0.8483228216069605,0.5283863075766487,0.7659306597238852,0.4378071796494226,0.6354718314650227,0.3151714578873241,0.4578840336555451,0.1657134054071318,0.24168454520641589,0.08632468652566114,0.1259058080889383,0.00048828125,0.000244140625
1,17,post_rope,4096,128,36,95,106,0.6091523375002204,0.8549081019041848,0.5526759787401194,0.7809962623533618,0.46535271741713663,0.6573590489432697,0.33974051825939433,0.48171939747111375,0.17929698137932573,0.2546579823619355,0.09509457548537227,0.13506008541803244,0.0,0.0
1,18,pre_rope,1024,128,9,57,85,0.3972530336738305,0.7431349278677961,0.3257030841537307,0.6178761756510723,0.24995779634920273,0.47756277700255656,0.16822245754724927,0.32160817910843903,0.08502966194955078,0.16335598636069848,0.036891902347280355,0.07102310527354132,0.0,0.0
1,18,pre_rope,2048,128,11,62,89,0.4163070875548199,0.7641381403764955,0.34595338200860726,0.6418159393803838,0.26464708616467725,0.4953740824734943,0.18102990302821595,0.33915517920333216,0.0952793000979785,0.17913052024241463,0.04227652869187421,0.07966357601294437,0.00034526698300124393,0.00034526698300124393
1,18,pre_rope,4096,128,11,64,90,0.41540905785104887,0.7636703335095236,0.3471094181353542,0.6470336424675793,0.2660590720301984,0.49805285880290173,0.18460228052766084,0.34684951276190923,0.09881363713516782,0.18622425311017266,0.04370458152725144,0.08255094573543774,0.0,0.0
1,18,post_rope,1024,128,32,88,98,0.6278558334654358,0.8557952536481416,0.5649954754302218,0.7766953452556621,0.4661356820079161,0.6410172819851898,0.3162031110298043,0.4378706179700945,0.17103736679985282,0.23745132750643932,0.0763941724472019,0.10595478108209781,0.00034526698300124393,0.0
1,18,post_rope,2048,128,38,93,101,0.6634104051416265,0.8649222368500264,0.601991277694881,0.7916988295162077,0.5093457476869696,0.6690008210033175,0.3519631539968251,0.46411993268588597,0.1936676958070988,0.2565964427059196,0.09078092643955893,0.12041727433276819,0.0004228639666916204,0.0
1,18,post_rope,4096,128,42,97,103,0.684955657164162,0.8694413511377287,0.6284414907942382,0.8032713901379895,0.5390777585731098,0.6891157497322806,0.3787059451123845,0.48524636677124244,0.21038137523943973,0.27072146134800507,0.10015153132851994,0.1290444298163938,0.0,0.0
1,19,pre_rope,1024,128,7,50,82,0.35827875867627096,0.7489179116607988,0.2995249284804513,0.626220179626365,0.22783513923418583,0.4806086018794618,0.15100428239168803,0.3206011704183764,0.07231715658982693,0.15456241983734778,0.03040310561730097,0.06504870277419052,0.00034526698300124393,0.0
1,19,pre_rope,2048,128,8,54,85,0.37443937674739586,0.761238807696167,0.3126067932757515,0.6405672186868362,0.23836378325390428,0.49026166984289604,0.15889147544450932,0.33045423399154605,0.07906350056011366,0.16519789417023828,0.03405039721017801,0.07123344028175095,0.00034526698300124393,0.0
1,19,pre_rope,4096,128,8,54,86,0.37550851993063594,0.7648146291611033,0.31313183805571476,0.6423689667046684,0.23786878062710876,0.48808107469081813,0.158818496284644,0.32932733324765384,0.08002190826364078,0.16656063601254226,0.03499396272088087,0.07299192268938438,0.0,0.00034526698300124393
1,19,post_rope,1024,128,31,88,101,0.5974606461912395,0.8651111248057294,0.5429633160874957,0.790172570338949,0.4539782941309565,0.6599271478326014,0.3036892506010602,0.4424660711697028,0.16853609302988506,0.2468353481077416,0.07987167915043517,0.11720708047681123,0.0,0.0
1,19,post_rope,2048,128,36,95,105,0.6288766320877871,0.8795195241293176,0.5721465107243418,0.804884229148279,0.4884801840848104,0.6868380480919744,0.3395982052563532,0.47783896423461975,0.19142322075793997,0.2703427248247336,0.09504285096920875,0.13405921558545025,0.0,0.0
1,19,post_rope,4096,128,39,98,108,0.6512716472051959,0.896368621799756,0.596352095510115,0.8258921011991245,0.5142764750570344,0.7114886987181352,0.36508134706211265,0.5063230532460002,0.20617426435409417,0.2863912099165976,0.10560344995368456,0.1462420684750387,0.0,0.0
1,20,pre_rope,1024,128,6,38,67,0.35304481811329447,0.7056406582631525,0.2833436814456704,0.5737153006638575,0.20148525088453775,0.40692903549537873,0.11633115048441911,0.23805200774690807,0.051285223602941056,0.10552355437365123,0.02246491770101178,0.04633014642380668,0.00034526698300124393,0.0
1,20,pre_rope,2048,128,7,40,70,0.37395355129460717,0.7290850502840104,0.3008937872871877,0.5928979079959975,0.21257611762700407,0.41972481295441555,0.12347265781020139,0.24599030757821397,0.05611783501443871,0.11255836032708856,0.0251512245228979,0.050633729723612866,0.0,0.0
1,20,pre_rope,4096,128,7,40,70,0.3735637977938792,0.736104268416104,0.3009381566184101,0.5946562526590018,0.21076661711646025,0.41690577163251374,0.12269712119483289,0.2455754953830852,0.05599342746993009,0.1127697148648441,0.025448073905201925,0.05138623714765054,0.0,0.000244140625
1,20,post_rope,1024,128,18,74,95,0.47735386165017074,0.7962780380702232,0.41178613795274144,0.6902861061421016,0.32974741242198236,0.5549590292405283,0.23316004880830363,0.39317549619237696,0.12233784160743666,0.20730543873594923,0.05668533139354954,0.095981116305213,0.0,0.000244140625
1,20,post_rope,2048,128,22,81,99,0.5118240364610834,0.8119572881002591,0.4460196652332156,0.7085124775670142,0.35931520379204235,0.5742301161283413,0.25825647215658815,0.41373164075703356,0.14042692009290736,0.22549132637885372,0.06664547185947864,0.10714908990442332,0.000244140625,0.0
1,20,post_rope,4096,128,26,84,100,0.5347852883022337,0.813198797789997,0.47012863874257055,0.7216282311292342,0.38340775278816586,0.5913340959160557,0.27568655144202464,0.4246350179753264,0.15250486022208415,0.2358862158004511,0.07257056978155256,0.11227469665785357,0.0,0.0
1,21,pre_rope,1024,128,6,32,53,0.3591142620761127,0.671394264872365,0.2853085881745326,0.5407210005710215,0.19373846942677037,0.36480851258501656,0.09993555853641561,0.18924820032108117,0.03805775700224584,0.0732368975954271,0.015055778428258386,0.028957177740591283,0.0,0.0
1,21,pre_rope,2048,128,7,34,55,0.3770156571301555,0.6918946604705022,0.29555136088053285,0.5553464065358565,0.20098838956711826,0.37472142362654826,0.10372615494231052,0.19392020840013593,0.04094653896102774,0.07779586123855425,0.016633843844624827,0.03164424169144463,0.00034526698300124393,0.0
1,21,pre_rope,4096,128,7,33,54,0.37764853731991094,0.6942549817926822,0.29500290723758216,0.5551105014666008,0.19845689693777133,0.37149203159211636,0.1022474228737036,0.19076461681993478,0.040677081249333065,0.07731745109031354,0.016590788093781256,0.031545198438512737,0.0,0.0
1,21,post_rope,1024,128,18,63,81,0.47608379647817617,0.7716777124671697,0.40569142307658423,0.6674508211685628,0.32382048999358437,0.5335489346407511,0.22619283048699998,0.3722269524484066,0.09589040687639411,0.15772032359143004,0.033687867794258475,0.05565174702715156,0.00034526698300124393,0.0
1,21,post_rope,2048,128,21,68,85,0.5043866137522955,0.7866038741459362,0.4370492929683108,0.6879505501791024,0.35111767920320935,0.5558433310578512,0.24906556016293652,0.3934718345343646,0.11081375957876892,0.17560789248949504,0.03943607981885994,0.06252526726190857,0.00034526698300124393,0.000244140625
1,21,post_rope,4096,128,24,73,87,0.5318114175232946,0.7964220442617467,0.45917646568397974,0.696938959103243,0.37324430823409804,0.5709811954241174,0.26722393122139987,0.40883685842757556,0.12278720158351676,0.18849553620494428,0.04395819581117256,0.06748711074403133,0.0,0.0
1,22,pre_rope,1024,128,10,38,54,0.4138208799932451,0.6911646102811518,0.3317624069573058,0.5572606431638637,0.22785645969987164,0.3829694153847239,0.11993990585514284,0.2023461890349803,0.042995098012028825,0.07288773280515276,0.016386547064990074,0.027778440043713885,0.000244140625,0.0
1,22,pre_rope,2048,128,10,40,56,0.43636522263451727,0.7154262025057272,0.34750602991374985,0.5737890595082843,0.23833752577324333,0.39457966724587257,0.1280242337591851,0.21239252177362292,0.0472650196887893,0.07863375000411384,0.018289375781570354,0.030448163242409645,0.0,0.00034526698300124393
1,22,pre_rope,4096,128,10,40,56,0.4378540786070538,0.7164887849777881,0.3482366282243448,0.5749961106541992,0.23618558257738645,0.38852416639145915,0.12648275241199822,0.20928121145771247,0.04700959274118829,0.07795659033496817,0.018202808033553407,0.030253742333319667,0.0,0.0
1,22,post_rope,1024,128,17,65,82,0.5020864584206899,0.7542788913821264,0.41796960563215574,0.6381194732606023,0.31762629632786626,0.48666633580906393,0.2086498399395195,0.3200858640212372,0.1003195187974185,0.1540186824736981,0.04085545829249795,0.06178783943874834,0.000244140625,0.000244140625
1,22,post_rope,2048,128,21,71,86,0.5438595606603318,0.7813161249786914,0.46241613607169363,0.6718662616250196,0.3575970163287003,0.5176760598861788,0.23905606230002577,0.3478041773483246,0.11707682151379369,0.170346310960368,0.0500005722013157,0.07167679367668464,0.0,0.0
1,22,post_rope,4096,128,24,74,87,0.5793388099437157,0.7919456948064149,0.49509118367364124,0.688848733073441,0.38899708086796436,0.5427012710941599,0.25817025533767324,0.36013009727337103,0.12562500151828745,0.1754460848184738,0.053372513366951986,0.07297599740152118,0.0,0.00034526698300124393
1,23,pre_rope,1024,128,7,45,66,0.3647732194774573,0.7180121200130973,0.2997722794602194,0.5986824450679185,0.22450598949607245,0.4534549169790564,0.14373518826013776,0.2901254647254098,0.052947567105257276,0.10572811307836286,0.014136986027151783,0.02837288022630811,0.00034526698300124393,0.0
1,23,pre_rope,2048,128,8,47,68,0.38289298943562255,0.7390705108208425,0.30904201350956184,0.6047846220812725,0.23320657034266587,0.4605350353734855,0.15412700331871784,0.30452782775302584,0.057982241970375145,0.11364057706477575,0.01576929224800307,0.030994323026079643,0.0,0.0
1,23,pre_rope,4096,128,8,48,68,0.3834766154713248,0.7378530118129201,0.3129970412434412,0.6028794080148765,0.23274887546878165,0.4550546795613534,0.15504794271482641,0.3039868441608651,0.05861154921710941,0.11397863989371107,0.015904782690334306,0.031046202838074122,0.0,0.0
1,23,post_rope,1024,128,20,69,87,0.4651408808600263,0.7983805701457322,0.40547524448845806,0.7045475450747621,0.33517289198170347,0.5858783946426264,0.24587482220828014,0.4309059899465119,0.11441394538912472,0.19993134750816507,0.04201772933235529,0.07288732392419525,0.0,0.0
1,23,post_rope,2048,128,24,74,91,0.498594334720662,0.811415590540651,0.43704172383026574,0.7204039037804681,0.3619868691628884,0.6004906059216417,0.2702010305256537,0.4486277797949788,0.13387123424601352,0.22198049159723418,0.0502840793494009,0.08245630494318815,0.00034526698300124393,0.0
1,23,post_rope,4096,128,28,79,93,0.5269441574159354,0.8227246921684206,0.4634209021941982,0.7312999626762665,0.3852033884168797,0.6136116061370052,0.28888903387587733,0.4606346169739817,0.14685905857013534,0.2343064525817974,0.05617675250740142,0.08862943599989329,0.00034526698300124393,0.00034526698300124393
