prompt,layer,kind,tokens,dim,rank_90,rank_99,rank_99_centered,relerr_r4,relerr_c_r4,relerr_r8,relerr_c_r8,relerr_r16,relerr_c_r16,relerr_r32,relerr_c_r32,relerr_r64,relerr_c_r64,relerr_r96,relerr_c_r96,relerr_r128,relerr_c_r128,relerr_r160,relerr_c_r160,relerr_r192,relerr_c_r192,relerr_r256,relerr_c_r256
0,0,pre_rope,1024,512,4,56,120,0.3066827052697598,0.6575631672645782,0.25913500425805797,0.5581741357514144,0.2049803000963307,0.4409085734265123,0.1471092628482628,0.3189520438629172,0.08941914941825563,0.19430388373176138,0.060336331417700007,0.13129137386159026,0.04175803973972021,0.09096327164146926,0.028942765549845782,0.06299490487218753,0.019414936867256878,0.04216500141539606,0.006286324799601432,0.013514016116306687
0,0,pre_rope,2048,512,4,70,159,0.3100709927700487,0.6660154907584405,0.2679804540808502,0.5773083357215283,0.2158499995048051,0.4651624084208501,0.16245811362723345,0.35238297406958174,0.10608015509851547,0.23105366078629927,0.0771700671815104,0.1682881711423823,0.05850365387680718,0.12776977795054564,0.04508279918323667,0.09850491833873153,0.03501865162465406,0.07652942176463823,0.021079673308676706,0.04607406454476897
0,0,pre_rope,4096,512,4,76,176,0.3095706013097529,0.6690748548725542,0.2679438632274446,0.5808434879924044,0.2199144704327687,0.47713935834044,0.16901162670703518,0.36876089758853436,0.11266104509410321,0.24687434329174918,0.08324443525898241,0.1827209504257443,0.06421780253730056,0.1411065228701664,0.050753659309039544,0.11159924070448629,0.040478780674267946,0.08903370441924521,0.025900777535568725,0.05696643647619309
0,0,post_rope,1024,512,34,190,246,0.596298570554006,0.8617342037084486,0.5388279280095946,0.7834962405751783,0.46120865168715425,0.672352066999231,0.3275350990123845,0.478430292734269,0.23426994512402893,0.3434522379523623,0.1851035191902625,0.271665882936373,0.14939112269008736,0.2193029771260919,0.12147094063516889,0.1783583868854035,0.09864550216173427,0.14482581561514268,0.06308047622331574,0.09260334685355721
0,0,post_rope,2048,512,40,223,283,0.626556366012875,0.8912381771822931,0.5740320330297826,0.8172697766170033,0.494479639816406,0.7079207583872927,0.3570848554106195,0.5106531360956847,0.2552043888539773,0.3675648799378759,0.20633797358819442,0.29746639174071493,0.17036310546507666,0.245757827370249,0.14279638854784077,0.20605729087884422,0.11957009874715457,0.17251657903860246,0.08191491006058894,0.11820617429805177
0,0,post_rope,4096,512,43,244,302,0.6400737251345625,0.8962294770927645,0.5908475002622349,0.8292974773014881,0.5189338634004724,0.7304189532436943,0.38333662315007394,0.5388169766102839,0.26694240371033434,0.37813820618826466,0.21909400593660114,0.3104482050156459,0.18355835918448787,0.2602833342957076,0.15589349129519278,0.2211211979411394,0.1324498329919012,0.18790598467502484,0.09314724752441433,0.13216985165357004
0,1,pre_rope,1024,512,7,84,184,0.3458387033589464,0.8113809729065211,0.305256337024291,0.7230695212932785,0.25228068033033807,0.6009418208482187,0.18816322014453604,0.44931327820393585,0.1222993456862781,0.29312678842873346,0.08862909974164469,0.21252171461569996,0.06685620623178183,0.16027845976824187,0.0509938411733806,0.12220012628826601,0.0389310532524954,0.09321920814107452,0.022142895201900843,0.05292166899017882
0,1,pre_rope,2048,512,8,103,234,0.3480232102283345,0.8262174156389132,0.3131000479923237,0.7477150920804433,0.2638733270864074,0.634471602201944,0.20117913390461153,0.48437376945093186,0.13745767635586617,0.33199884593142576,0.10470502336651462,0.25324126975855127,0.08321471514143731,0.20129494467279593,0.06700448237556013,0.16209503478082896,0.05438037188072761,0.1315410565730775,0.035724706491875674,0.08639267109410621
0,1,pre_rope,4096,512,8,111,257,0.34620096169265996,0.8314831499948951,0.3120890776678946,0.754063624425841,0.2649158660918174,0.6445762387382341,0.20455123792043875,0.4982176244909995,0.14279597113720105,0.3489607436063663,0.11087855532686233,0.2713453636767265,0.08948844645426363,0.21915330493166074,0.0731391690864545,0.17912835739194405,0.06021964955709674,0.1474900374846605,0.0409669132708418,0.10032635126712941
0,1,post_rope,1024,512,37,206,266,0.6338681023308369,0.897217693717664,0.5870881036799707,0.8317288489465864,0.5002262080614803,0.7069902776996589,0.3398670758540355,0.48444925784982257,0.24210110015367067,0.3475188080068294,0.19262231161233032,0.2767882896338687,0.15758572894366205,0.22655960607324718,0.13023134663979147,0.1872521988213755,0.10816008334901521,0.15553980598116812,0.07398750016601892,0.10637277353827826
0,1,post_rope,2048,512,42,241,306,0.6434590524747954,0.9066076230769416,0.6022417766378579,0.8493062848947228,0.5223045043625459,0.7341296618102657,0.3629193708287666,0.5138545998597834,0.2605160078669244,0.3712241495810553,0.21202724264654788,0.3025398860203547,0.17745161095406853,0.25336539544531606,0.1502373645185486,0.21457877725251925,0.12784206505455123,0.1826441127898682,0.09221117394564148,0.13175159158052963
0,1,post_rope,4096,512,46,261,327,0.6481100887396829,0.9115473304168972,0.6100293583136865,0.8584763596789604,0.5325740135048717,0.7469297388998389,0.37828484931755535,0.5319675760355371,0.2710037917684789,0.38516903560068944,0.22254941284472476,0.31654712696160503,0.18836774303529502,0.2681115395606255,0.16125409734680485,0.22967755562151565,0.13852027880945436,0.19733661847129402,0.10207151357511264,0.14546602404342046
0,2,pre_rope,1024,512,11,131,240,0.3705764377164896,0.8359564128411859,0.3337535395059526,0.7565932937021335,0.2906939886103438,0.6603176213150264,0.23663436342344665,0.5386442137235057,0.1714395729576556,0.3916775066147241,0.1307892113088836,0.29901456315160574,0.10183503191874156,0.23286767088270108,0.08017520137674743,0.18330376632284026,0.06301240680780767,0.14400758470322625,0.038460479318267335,0.08778918027925071
0,2,pre_rope,2048,512,14,163,295,0.3792732270683946,0.8552744396523552,0.34653927820692915,0.7867413173798876,0.3067334271580962,0.6968479989470262,0.2565461471122584,0.5842524394880954,0.1930803539928181,0.4406896530226453,0.15312289022432485,0.3499347728167177,0.12405178917452139,0.28362448029283477,0.1017609637865274,0.23269432191892458,0.08379360088870892,0.19162208688292162,0.05636318263936813,0.12888590334215091
0,2,pre_rope,4096,512,15,177,316,0.37817745317823576,0.86096334193609,0.3481490681955868,0.797612877095287,0.3109695149717907,0.7142148821485461,0.262271241010593,0.6030869921631742,0.200213622209579,0.4611746614330962,0.16093052969346947,0.37118681694310907,0.13211730319641724,0.30488814569826933,0.109688717653303,0.2532205566130895,0.09160447756555677,0.21148765310587106,0.06333649660877479,0.14624757063714544
0,2,post_rope,1024,512,44,249,305,0.6559344395842814,0.9199424304001993,0.6073549975901135,0.8528870596605435,0.5166197342732328,0.7243533029013975,0.3590639675764432,0.5079344969705621,0.27113990061059806,0.3853894129559481,0.22432099778986023,0.31918667445870613,0.18913509772070158,0.26922036638178704,0.1603489158867306,0.2283008576940532,0.1358617900613993,0.19346523277155334,0.09551204367784363,0.1360148155192697
0,2,post_rope,2048,512,53,292,347,0.67281524161539,0.9360887316125314,0.6294517757405572,0.8755167218773088,0.5435561700623197,0.7546658814929387,0.3861625602041741,0.5392592803481924,0.2940257016385295,0.4134571761035931,0.24891774047459883,0.35035208976060295,0.21472039582875488,0.30236715378975604,0.1863359237734229,0.2624982924632893,0.16195689924289064,0.22818843534388136,0.12023027260606096,0.16940421693500593
0,2,post_rope,4096,512,59,314,366,0.6788428308784252,0.9396860741939708,0.6367943841676994,0.8812313943616797,0.5542947695196809,0.7658337094517373,0.40808695184963706,0.5642024344803174,0.30623857905053237,0.42838060865245264,0.2623448640073806,0.36735887789192684,0.22885367665320125,0.3205463207294935,0.20072769460120177,0.28121566562887773,0.17603300927297338,0.2467082993925544,0.13385676320844092,0.18761456486340033
0,3,pre_rope,1024,512,2,84,230,0.2802703538253162,0.7610789228297822,0.2387597953824141,0.6519907835911619,0.19786946252435345,0.54856600220514,0.1569750177467556,0.4366467875525086,0.11634985050311482,0.3238676997208194,0.09121127730965876,0.2538764349231522,0.07268013510288915,0.20221388489906345,0.05827550292123317,0.16209595406370272,0.046754045199241055,0.1299796066427552,0.02982914911972903,0.082914412066863
0,3,pre_rope,2048,512,3,109,286,0.28866302104994274,0.7878586111529349,0.2517714917688963,0.6907392398715463,0.2123718941446276,0.588853067257247,0.17299391924364244,0.4813598804620433,0.13252024190061387,0.36916815438125083,0.1076599257773183,0.30004048471668726,0.0889694128946384,0.24794641097268055,0.0741408089413386,0.2066341406340238,0.061982876535722174,0.17273893835974874,0.042979845868487083,0.11976086870218605
0,3,pre_rope,4096,512,3,120,310,0.2882420003993519,0.7947455358220875,0.2528885620146175,0.7036566102176521,0.2158726417311085,0.605068246601951,0.1776308869279614,0.4999397360723911,0.13802800669712645,0.38912224674690676,0.11367728623557033,0.3205899223488084,0.09529775286543955,0.26880392819866483,0.08043201682157779,0.22687719128603978,0.06806533790746055,0.1920035249267303,0.04840946001179969,0.1365475263613875
0,3,post_rope,1024,512,27,206,286,0.5841232695991654,0.9035360130321993,0.5344059829207112,0.8282778796746465,0.4441386361190833,0.6869696825908999,0.2790528411731532,0.4347889553778205,0.21329439003958162,0.3353858676931103,0.1765317366814991,0.27764725532624623,0.14910377746647785,0.23453338357766926,0.12654800332015367,0.19902807348240764,0.10747790176013046,0.16901920885474392,0.07607125703778234,0.11957209269542161
0,3,post_rope,2048,512,31,250,332,0.6011038679159356,0.9196383693403033,0.5575168071659562,0.8543914735569089,0.4736833997630269,0.724272431129929,0.3042511382884891,0.4662495360998551,0.2324154636556631,0.3604909735725469,0.19771954273193382,0.3068350400371284,0.17136898112005133,0.2660110137136462,0.14930332044165517,0.2317865487817768,0.12996905912310708,0.20178499583370815,0.0970878846134501,0.15072040812738807
0,3,post_rope,4096,512,34,275,355,0.6112716697487016,0.9278411482553864,0.5709601604806676,0.8669085096800985,0.49190925120204015,0.7457210548607285,0.3296981520536479,0.49912447569045976,0.2419390480742893,0.3716202063381229,0.209429685368881,0.3218964282560259,0.18398907892324723,0.2828684967412763,0.16200565559028274,0.24912585975816348,0.14258063327202938,0.21925989397054216,0.10895949869401866,0.1675692398098847
0,4,pre_rope,1024,512,4,84,214,0.30978068715597273,0.7607040493651893,0.26585120498788783,0.6607043908088921,0.22114505240011545,0.5536846713071245,0.17067647416028697,0.4294503684716171,0.11817465490359798,0.2979698071513554,0.09055576968671553,0.22835398116578548,0.0713897412204287,0.17999589412032987,0.05709968536878174,0.14389061063098868,0.04589389210372093,0.11560593525192558,0.02956723397480147,0.07444567872284712
0,4,pre_rope,2048,512,5,108,267,0.31860042877455774,0.7863856507287849,0.27562752132170826,0.687575596207783,0.2343128121842782,0.5857626590541232,0.18823653833858117,0.4731364687458059,0.13597558901996407,0.3427231797980496,0.10764857559643738,0.27141762331344144,0.08797230633717348,0.22187359769136242,0.0728963187754747,0.18384550972964747,0.06078120998979443,0.15328337594987373,0.0421296464751555,0.10622081355721942
0,4,pre_rope,4096,512,4,118,293,0.31463153587709175,0.7922696193289308,0.27592664997547267,0.6999340980025411,0.23649591211733803,0.6021222074513995,0.19269083991854202,0.4928205748037415,0.14212444709931982,0.36465677702346944,0.1139391506491916,0.2924282938125084,0.09438048391009143,0.24229428798037117,0.07932729654290911,0.20365396728922117,0.06703605439012503,0.1721056344434895,0.04776117000450235,0.12260891918390784
0,4,post_rope,1024,512,31,200,279,0.5910770079308655,0.9051348221051938,0.5423386025191362,0.8316957934757204,0.4516133712044282,0.6916730118272811,0.30202218236992734,0.4650746901834029,0.22091893810119917,0.3435775150698045,0.17637652164400325,0.2744922458686077,0.1457901845404045,0.22693773962715796,0.12291310623098584,0.19136358291585692,0.10392851626807179,0.1617923071717028,0.07332799335746727,0.11410015999919028
0,4,post_rope,2048,512,35,244,327,0.6109842911775264,0.9246795311803908,0.5665081590197907,0.8578777621932197,0.48169619695212673,0.728073681508655,0.3304154517659337,0.5002300210191637,0.2411110860509122,0.3695290756968108,0.1992437309609514,0.3057186577640922,0.16899857756337722,0.25934423241189486,0.1457907977969101,0.2237657709797144,0.12647073503712747,0.19411037524095429,0.09428823461508129,0.1447241243679583
0,4,post_rope,4096,512,37,269,350,0.6197344702821147,0.9320892757185989,0.5791626458977562,0.8706436277232898,0.5002007677405627,0.7507925415777752,0.3532666757674203,0.5301536017187899,0.25047531243078347,0.38082196956739245,0.2107128784049563,0.32068519309832466,0.1814209625034581,0.2762344095310026,0.15793275689089237,0.24050825680618423,0.13842106017585445,0.21080521568201352,0.10572698556438646,0.16104734061223713
0,5,pre_rope,1024,512,10,92,196,0.3734243989186615,0.8212314363236624,0.32822934262775305,0.7270033944534751,0.2728131386660936,0.6053181614805512,0.20075441767486188,0.44688866067560473,0.13035280477990974,0.2918788728314101,0.09624684861213552,0.2156195764274177,0.07408129361079838,0.1659369787290615,0.057962192874018256,0.12979053862169787,0.04576448413472696,0.10241779240692298,0.028470398035512906,0.06370339578772623
0,5,pre_rope,2048,512,13,119,241,0.38890551728317124,0.8444197257314765,0.34509957424569765,0.7555740764298118,0.2948487045769376,0.6476326048875173,0.226406306654434,0.4981759895064102,0.15485695698882287,0.3425380844326718,0.11829816286622719,0.26179230069291076,0.09371248130274058,0.20748865234415356,0.07567099189439919,0.16753206487029457,0.061617824268206736,0.13641716527799172,0.04091668684596997,0.09057814603643748
0,5,pre_rope,4096,512,13,131,264,0.38490749783664796,0.8515701118618999,0.345473477224705,0.7680889691375127,0.29936210445272954,0.6679439874710394,0.23442369590966902,0.5238172377806894,0.1632996033205259,0.36655273762717294,0.12644575409433528,0.28404468593827226,0.10172845047081407,0.22861745798759597,0.08315882690060987,0.18694206514335465,0.06837506795318407,0.15370082409947391,0.046503502252418824,0.10453353491596651
0,5,post_rope,1024,512,36,191,261,0.6025796688005159,0.8920859016786533,0.5460898621602206,0.8112567963925291,0.45448742951319376,0.67711089640537,0.3383380375301756,0.5070335870109975,0.2217147732163647,0.33409108024503137,0.175717490606732,0.2652953851614073,0.14440582606854566,0.2180762132010255,0.11965531038327334,0.18072789069906167,0.09928362069858138,0.14995879561019212,0.06805439080865688,0.10274347185247723
0,5,post_rope,2048,512,43,235,306,0.6317485294875922,0.9155178791828493,0.5826215886439899,0.8448503172082842,0.49377759783912545,0.7155066371465935,0.37069881907013336,0.5415258102183398,0.2504224783740835,0.3673177447539317,0.20281562720475524,0.29822884100708463,0.17104677574466368,0.25158913512825093,0.14549839066077497,0.21402222748769617,0.12402103451781336,0.182418960449984,0.08950143367535432,0.13164636616398542
0,5,post_rope,4096,512,48,260,328,0.6473429991036161,0.9251286826321368,0.601745379504289,0.8600889534744612,0.5166301178566782,0.7380885927425612,0.38960514449535766,0.5608481949721309,0.265040371356788,0.38310114041036464,0.21760614238722875,0.3152494594741774,0.18580545176339358,0.2693465332425639,0.16015699432944414,0.23215989165634163,0.13822758382175107,0.20040450912473715,0.1017609637865274,0.14752559633740522
0,6,pre_rope,1024,512,9,77,171,0.3900607038596237,0.781041518050497,0.3277573114855545,0.6658438631672539,0.252929216185613,0.5171028690300593,0.17431298687997843,0.3594643025773534,0.11336987415910722,0.23519030859793594,0.08455446724755916,0.17539579727940344,0.06570966799131843,0.13624753127355083,0.051949201163207136,0.10769728987036936,0.04138813702258114,0.08581464829502893,0.026194821447268864,0.054323894995428716
0,6,pre_rope,2048,512,11,101,210,0.4101774664341484,0.807850592949129,0.3472796339678642,0.6932326509964695,0.27483967529191083,0.5509544262636326,0.19430572428259327,0.39213293843476993,0.13388191954666712,0.2719611502769821,0.10313316081730675,0.20970812814046744,0.08238688083115635,0.16753259854022118,0.066980904832972,0.1361869277556933,0.05477299138699416,0.11137951116705666,0.036650378915615636,0.07453889563669452
0,6,pre_rope,4096,512,12,111,232,0.4080594188581458,0.8144260831958764,0.34750448621968905,0.7042390686448862,0.27948823788755883,0.5698796027169818,0.19983145048873352,0.40981765576741414,0.14116226982706637,0.29124216568523964,0.11070155452887671,0.228705042397406,0.08945180567139109,0.1848283205662582,0.07362570488014292,0.1521399675589926,0.061014156543679046,0.12609715567034752,0.04174376348640051,0.08629222831254722
0,6,post_rope,1024,512,35,182,255,0.5889553427937969,0.8819157510421856,0.5338397574612355,0.8047309974839659,0.4575379000531501,0.6918868641236711,0.33501084737154097,0.5070866018214504,0.21155387398786552,0.3229699039669303,0.16668190489090381,0.254801653221552,0.13660818806594785,0.2088689752847879,0.11331228949079616,0.17325437345943404,0.09427274558022918,0.14415919900123353,0.06484174610396669,0.09908921805045239
0,6,post_rope,2048,512,41,225,299,0.6157697981742584,0.9021385752272431,0.5679461887921204,0.8342804215794288,0.4943049462957088,0.7279707888582642,0.3730559822289009,0.5495780626824651,0.23580268898903686,0.35018158017161855,0.1928338509829911,0.28667411768641016,0.16215238804830495,0.24121340854630038,0.13830173146783795,0.2057943281161357,0.11809493635984335,0.17573682435571478,0.08508642291052372,0.12660945445188523
0,6,post_rope,4096,512,45,250,322,0.6304940503419775,0.9153500072391314,0.5892883110814863,0.8575321378607716,0.5196152239171921,0.7569765809340746,0.3985012975741025,0.5806850251212924,0.24783448264910093,0.3641675576490826,0.20650314055264504,0.30376500080884916,0.17630875169622925,0.25953733121303063,0.15245619316645798,0.22450200707402893,0.13179772847639243,0.1940541740756851,0.09682569171826862,0.14258627672276833
0,7,pre_rope,1024,512,10,104,207,0.388139369532742,0.7867419802920933,0.32942867153021105,0.6730812688309944,0.2626107799560311,0.5411444004640772,0.20004356029111892,0.41472220499121415,0.13979753124747735,0.2911522051956176,0.10598290474709972,0.22078062064154702,0.08314556584466129,0.17322117141498436,0.06627507437029465,0.1380606060183102,0.0531004456266106,0.11061887519390087,0.03398819825162619,0.07078099467587262
0,7,pre_rope,2048,512,12,132,247,0.4005940734542968,0.7972476686196557,0.34537701931783166,0.6933359061554099,0.2838182805793017,0.5726393693254798,0.22354990659271112,0.4543960764744103,0.16259179090397016,0.33120337104095365,0.1268190115680566,0.2585290142060864,0.10199907809196174,0.2080580959524318,0.0834525368388894,0.1702295783926554,0.06867125075819269,0.14012714845097543,0.046111565719161064,0.09408731177686097
0,7,pre_rope,4096,512,12,143,268,0.3941610884859801,0.8017175922225594,0.3419720010338849,0.7082295879421299,0.28609448068755683,0.5952208521025704,0.22790262540516057,0.47705240551956085,0.1693487917059295,0.3550989092460688,0.13393644582215183,0.28110744254248604,0.10900571333934243,0.2289303659488201,0.08998362392212104,0.1890249230739728,0.07473734321737298,0.15700501180047963,0.05118925076239857,0.10756881374379185
0,7,post_rope,1024,512,34,205,278,0.5807834024007146,0.8644798726297571,0.5190471602348693,0.776309048377093,0.43211442308886017,0.6484911793011126,0.32540355349864747,0.4903936241438628,0.23005755968911581,0.3486988849165875,0.18558076247907063,0.2815041982767947,0.15328551462445125,0.2326257917092455,0.1279087195065992,0.1941664066503964,0.10718357357029266,0.16272407634670472,0.07495435279284315,0.11375721877111925
0,7,post_rope,2048,512,41,250,321,0.6126629087265762,0.8885109556614276,0.5570062875170226,0.8086718830193037,0.47014822641500836,0.683875151343966,0.3550961396501942,0.5184977297204398,0.25551576327614856,0.3753800850141763,0.2125427483588027,0.3124655704605486,0.18008974910795075,0.26489111552735617,0.1540819433605878,0.22666599935078097,0.13224491685065598,0.19454147740944014,0.0966870854177137,0.14226172888593486
0,7,post_rope,4096,512,45,274,343,0.6241984950134556,0.9021007986925516,0.5752337561099801,0.8333710105643731,0.4946292075093172,0.7175022573136499,0.37185823098208703,0.5423818476293688,0.2666867298287642,0.39056434160379205,0.22539191551434057,0.3304276280711568,0.19377030912215665,0.2842311746944419,0.16782319615549776,0.24622087374159946,0.1456459976578778,0.2137146845861928,0.10864861289419109,0.15944345537440838
0,8,pre_rope,1024,512,10,88,184,0.4030612362844632,0.7904837244639674,0.33602593610775205,0.662046446383858,0.2631341041928967,0.5240944682352855,0.197188560615988,0.39588657656847953,0.12671862732755507,0.25522505776756577,0.0934328436568411,0.18846438669989804,0.07287546537849401,0.14705029841564293,0.05805261596384233,0.11713509977554239,0.04673428076374599,0.09429455593895186,0.03034030543536325,0.061198511864764084
0,8,pre_rope,2048,512,12,113,221,0.42553605885466284,0.7974014973870124,0.3563718119050174,0.6805664605501799,0.28660830415593147,0.5481076653413439,0.21986513642464295,0.42352438735552816,0.147995743187696,0.285726004172882,0.11250724769134234,0.21763887225114956,0.09015369854627299,0.1744948043268353,0.07396614857246221,0.14321339838332678,0.06108884357546153,0.1183185670710697,0.041818659444199796,0.08099142156315871
0,8,pre_rope,4096,512,12,123,245,0.41691277705977026,0.8043023641435121,0.3529964449327966,0.6961520837387817,0.28814820731944296,0.5703175165661216,0.2229065408516252,0.4440146154240585,0.15347593148621952,0.30652543352278583,0.11868147629753394,0.2373433650643377,0.0965563054242834,0.19325453873568754,0.08007551979851393,0.16033553346537371,0.06694619070530579,0.13409277976366704,0.04675850698007907,0.09366826627141513
0,8,post_rope,1024,512,33,186,263,0.5626532028103016,0.8512860120530403,0.5000475622443636,0.7588879927036783,0.4230433639141146,0.6460103951022299,0.31827005642893097,0.4878963937410721,0.21407165507766418,0.32992586314568356,0.16751623188909062,0.2585121832878165,0.1372567626315441,0.2119309379081472,0.11464241700879482,0.17711035204442468,0.09627440304230582,0.14873715321177972,0.06728632556358774,0.10393425126770467
0,8,post_rope,2048,512,40,231,308,0.5913657956919918,0.8622917442171206,0.5335100569094428,0.7806792272297851,0.4582574160153203,0.6750495344989523,0.3515811491364413,0.5180577772682056,0.24042955858736897,0.3564071843905578,0.193276127321022,0.2868908939654293,0.16253715970576477,0.24131729314075384,0.1392410846095703,0.20682198366639815,0.11980018032614458,0.17796897077672325,0.08820439597093453,0.1310614548597381
0,8,post_rope,4096,512,44,256,334,0.5998717488866305,0.8762112306352273,0.5448238599126126,0.7987613976550412,0.4773148398377592,0.7045075281903782,0.3712618798304267,0.548581268072937,0.25217150310089714,0.37436455293321963,0.2050932379104008,0.3049589073139961,0.17477314414030895,0.25993490798145813,0.15174631200390706,0.2257673846676603,0.13231926377369546,0.19687546018516405,0.09967039146820286,0.14835455735486444
0,9,pre_rope,1024,512,5,82,207,0.3295242809501103,0.7730589238751104,0.27446173528710754,0.6496478355523742,0.21972561306218485,0.5266750475763908,0.16577400126955288,0.3989554386017299,0.1169917697294033,0.2824434812941871,0.08923799056775814,0.21557326871098664,0.07034936574231113,0.16993836070800644,0.05633462262606272,0.13607352455764776,0.0455824342507653,0.11007791534035659,0.029734083068986155,0.07177111540260492
0,9,pre_rope,2048,512,6,107,252,0.3409659612788254,0.7842810388344306,0.2911548665419061,0.680962517652097,0.2367528456503817,0.5587839723026525,0.1849060234879471,0.43838411643776726,0.13595082009486575,0.32301400881170905,0.10725945418154066,0.25517507582930865,0.08707541586431336,0.20725281573362664,0.0715994154155032,0.17044792740429818,0.05944661288995475,0.14153188109051879,0.04096327574446161,0.09750629355830209
0,9,pre_rope,4096,512,6,117,278,0.33453938730419686,0.7899956048770763,0.28758718992919496,0.6933809089003122,0.23930514120532348,0.5798860482382252,0.1891911848986611,0.4608316461602357,0.1415274590582353,0.3455885357789797,0.11365447550267578,0.277748671967141,0.09352593667041312,0.22867819717055568,0.07791949901090767,0.19057971228776494,0.06543469765682566,0.16005126489474922,0.04612125933606042,0.11282889714575751
0,9,post_rope,1024,512,29,192,279,0.5399223877621891,0.873003700434761,0.4895407949053443,0.7934480167757163,0.4139057798516155,0.6724916777397182,0.29596530674907195,0.48056302270006285,0.2123631934554593,0.34911784990844397,0.17143296707285285,0.2819534617163301,0.14179379798766276,0.23325921539059552,0.11861390798181101,0.1951748171938752,0.09950520173090846,0.1637311950834942,0.06947892180880552,0.1143042315229632
0,9,post_rope,2048,512,34,235,324,0.5690029210717924,0.8962987986119169,0.5213330224240311,0.8224170753742635,0.44565201248113434,0.7039839266681525,0.32518266532980145,0.5140778420428597,0.2333141477962484,0.3724134569955213,0.19453780075135294,0.3106816796951102,0.1656378543112134,0.2646750123592297,0.14229691875067957,0.22743006375351035,0.12243378503994624,0.19569953717199925,0.09007068666183045,0.1439719849594202
0,9,post_rope,4096,512,37,260,347,0.5827240373088549,0.9108576875404846,0.5395923719299609,0.8442397638840726,0.46646751372057943,0.7305493641805725,0.3447157558227785,0.5406834102233855,0.24211882571263502,0.3831117200183406,0.20504687843244265,0.32463203654046063,0.17741936235483774,0.2810615331944045,0.1547017639981819,0.24511633641068628,0.13483570874970185,0.21367159046663242,0.10153579360784767,0.16091571401152413
0,10,pre_rope,1024,512,12,99,192,0.41895086111382457,0.8149198114403574,0.3549767747185717,0.692758348040906,0.2785409153481401,0.5474923600138445,0.20520001376823097,0.4062990012327251,0.13762711804498562,0.2736825117766019,0.10195845666734235,0.20290994263565315,0.078780287110657,0.15683807333588098,0.06248903178294705,0.12441785677838671,0.05008632836719658,0.09970835835230304,0.03212189293467599,0.06391170711581345
0,10,pre_rope,2048,512,15,126,233,0.44053124316347364,0.8298588002987181,0.37867753509642005,0.7202873167654426,0.3048046571505936,0.5821438878791637,0.2283776021306999,0.4384359158237846,0.16058404125670597,0.30966291035514987,0.12309119016915679,0.23767161944749712,0.09807223413803565,0.18944966421210824,0.0800155767534882,0.154628542058491,0.06581208944600175,0.12718953348919565,0.044807620497123675,0.08658838869621513
0,10,pre_rope,4096,512,15,136,256,0.4313610431510243,0.8363228916679752,0.37488983443451934,0.735148023018121,0.3067835577941804,0.6039487895318979,0.2332943480711641,0.4599433782186072,0.16670675590294498,0.3304011102087382,0.1298550454194689,0.2577970095517985,0.10503581162965767,0.20863012789577662,0.08667164115812323,0.17219669407496738,0.07224706462982239,0.14356236858968072,0.05024554043998776,0.09987321207024082
0,10,post_rope,1024,512,36,199,266,0.5994552265052346,0.8702164752796364,0.538170117337736,0.7842617728286344,0.4578326770905989,0.6694233543675794,0.33972744760335505,0.4973314719642565,0.22752871510304287,0.3359780398015804,0.1823292466437328,0.26964809815033014,0.14976987670530664,0.22163921776621634,0.12476684760806632,0.184701862583569,0.10406034129426801,0.15403242022610983,0.07153778582270379,0.10590836070758217
0,10,post_rope,2048,512,43,244,310,0.6235930342014212,0.8843560354942495,0.5715172466802916,0.8115174882030348,0.4965084475272111,0.7069752707897927,0.3800986493205837,0.5416776827156621,0.2527301251438833,0.36217329825204725,0.20860169927758931,0.2994641286419155,0.17656802953652975,0.25360817652556583,0.15083307354028294,0.2167631930743678,0.12909776736869347,0.18556100891891555,0.09351350837676814,0.13441887072848946
0,10,post_rope,4096,512,48,268,332,0.629402391430506,0.8888292194288299,0.5814224233533238,0.826225477423174,0.5130098086752309,0.7303002719075797,0.40059094883886975,0.5706870012140146,0.2644808192662856,0.378612679871403,0.22069664329530797,0.31649496459571186,0.18966945606363866,0.27213171754114684,0.16420739451309968,0.23570067285887564,0.1423036205954378,0.2043483282761486,0.10564210561350332,0.15174022361522693
0,11,pre_rope,1024,512,7,79,198,0.35208379455776967,0.782967453504291,0.2947690454077823,0.6576411171239503,0.22700772441207595,0.5099012990885239,0.16427489564944853,0.3717861742634792,0.11294109971643393,0.2569039258426042,0.0872118701852477,0.198436022174769,0.06945790054500724,0.1580655476980344,0.05614703609426245,0.1277550823447384,0.045618379713532005,0.10375430822045029,0.02995775586359994,0.06810035679817558
0,11,pre_rope,2048,512,8,101,246,0.3653054397723089,0.8041806522859636,0.3088259246076134,0.6843546964516426,0.24326735910731953,0.5426361931747254,0.17908309791422844,0.40184389934363474,0.12964212014305207,0.29220144881137994,0.10319844722614627,0.23282044160342077,0.08492550165737375,0.19166702878613748,0.07089038309211984,0.16001960693864162,0.05952076336468554,0.13435300602675057,0.04173876564412413,0.0942038043110446
0,11,pre_rope,4096,512,7,110,271,0.35506281887927155,0.8026383057070503,0.3024858007960498,0.6879843826129335,0.2427289509236292,0.5568855148504386,0.18035780233454154,0.4160528748361485,0.13292330439305608,0.3080835107877298,0.10784910382290644,0.2502051941872974,0.09009649137467077,0.20906493158451686,0.0761135562757653,0.17665678899370016,0.06466547346816773,0.15009566276581618,0.04652592701180559,0.10800373973376233
0,11,post_rope,1024,512,30,182,266,0.5447820668684586,0.863122847856163,0.4913056966642745,0.7818729587226403,0.417377874249675,0.6661650638225413,0.3004154110766312,0.47917528421144073,0.20007439660140186,0.3225768464964579,0.16096885894137772,0.2597041236523614,0.13388525852823333,0.21610458777137279,0.11227867820421056,0.18124971060894193,0.09432520834998105,0.15227135136162548,0.06577132125188569,0.10614503275550963
0,11,post_rope,2048,512,35,222,310,0.567395891311313,0.8818862241683616,0.5187391969406172,0.8071438972017939,0.44941481582333104,0.7016613879952871,0.3333328763640768,0.520726485418763,0.21841609538892748,0.34398244454810134,0.1811332589761588,0.2856147946260334,0.15457977242836898,0.24378465259428275,0.13319991211358456,0.21011999448570362,0.11497286849695228,0.18138596926538722,0.0845410725920667,0.13338772240606697
0,11,post_rope,4096,512,38,244,331,0.5746797540587598,0.8872839013128814,0.5304561180891697,0.8215596663816853,0.4660824851638731,0.7220666903342254,0.35272220493414813,0.5467534611387027,0.22670254818359628,0.35423416541655645,0.19000039251186585,0.29726214012078334,0.16428578033209001,0.2570987415693919,0.14337811672345113,0.22444491792645677,0.12533524380573785,0.19621222211389525,0.09443667386070438,0.14784000003810568
0,12,pre_rope,1024,512,8,87,200,0.3657512577215174,0.8084820472113593,0.30774523779549084,0.6799914677870028,0.2435044200817199,0.5414783688466539,0.17720405353275626,0.39793042097569864,0.12134869717345374,0.27370526962977515,0.0926416364342108,0.20903314039322524,0.07293923346674985,0.1645839216326408,0.05817825502896535,0.13127979666948117,0.04660720624747139,0.10514669343735021,0.029576304142398063,0.06669106831607699
0,12,pre_rope,2048,512,9,110,244,0.3745379780661168,0.8229513140921412,0.3226214669531863,0.7094947092156063,0.25840402425549475,0.571129879415286,0.19216457323233752,0.4277503302398423,0.13789407439415677,0.3086211759717384,0.10904261629135452,0.24418481045470317,0.08898348063487524,0.19937830500718437,0.07342628231000402,0.16454118196917225,0.06079542764486465,0.13624053152239385,0.041368690585888934,0.09269823740874993
0,12,pre_rope,4096,512,9,117,266,0.3652093236155049,0.8217149281272351,0.3169065687717572,0.7166864793463645,0.25678986690975186,0.5839170589370394,0.19241456674999716,0.4398443896219539,0.14063368876423527,0.32333381944469075,0.11326230647103507,0.2605637071654277,0.09370675679112231,0.2157087080639517,0.07837902731640133,0.18046930486420384,0.06582205116397995,0.15156473374441248,0.045930242678821114,0.10575686062321524
0,12,post_rope,1024,512,33,195,269,0.5786524248362923,0.8889512094656704,0.5278754485532864,0.81211095445561,0.44803882382117516,0.6897417712410352,0.3180316572266376,0.4884719476249231,0.21391539705278917,0.33291660525274047,0.17364646763524585,0.27053271017245656,0.1444429695021486,0.225138828045649,0.12097383529944351,0.18857694334474928,0.1013480636991352,0.1579806800812386,0.06959806510932376,0.10848033663565242
0,12,post_rope,2048,512,38,234,309,0.6018217939902551,0.9053959686413904,0.5553206470344828,0.8378442071181603,0.48168932938417064,0.7267164661976064,0.3528758630204872,0.5319648309104005,0.23269035156043766,0.35401476613191546,0.19441949782726653,0.2961328163645132,0.16582109610616158,0.2526344726840145,0.14236413233996265,0.21694652444306645,0.12237315948629704,0.1865152886493031,0.08906951341286475,0.13576984809790005
0,12,post_rope,4096,512,41,255,329,0.6106442657523811,0.9113105772236354,0.5690397928600023,0.8520448351108781,0.49941965039602787,0.7472765868400425,0.37232181729397373,0.5569682445445707,0.24108352075756956,0.36343495388565966,0.20388651200565483,0.3077579236904694,0.17576870343678683,0.2654161192939739,0.1524515015450282,0.23027612427364663,0.13262477397989325,0.20034456969352168,0.0990437924985156,0.1496398814998342
0,13,pre_rope,1024,512,9,96,213,0.3746492016637043,0.8065678376616459,0.31640191722776084,0.6820783111660796,0.250166718206161,0.5430821910883409,0.18271165332220907,0.4003661357554601,0.1275407542748869,0.2806284712680825,0.0993535365311796,0.21868296004666324,0.0797133160828559,0.17546069268523304,0.06451828870311856,0.14198829194278,0.05211187216567423,0.11466087260873895,0.03367105505137469,0.07404226098996507
0,13,pre_rope,2048,512,10,118,260,0.38000172614659217,0.8189707181898668,0.32699736338027835,0.7036001930899082,0.2625867200839041,0.5692631198910758,0.19447375447513987,0.4253003265410102,0.1409435901890787,0.30956973487968587,0.11371241105650558,0.24999511237135058,0.09442436543989484,0.20762462871777834,0.07916144470928188,0.17405737001266305,0.06652820832129336,0.14628669115495,0.04634944020152378,0.10192220518628009
0,13,pre_rope,4096,512,9,125,282,0.36774921063948507,0.8124917836874231,0.3189477456742289,0.7102984396217991,0.2592646996240143,0.5801940185680381,0.19218581904474802,0.4333626758593458,0.14202564794993242,0.32172223141580425,0.11637955942042019,0.2638544651355604,0.09816153459675357,0.22260832689105076,0.08353106563846038,0.189444315597376,0.07113547306018522,0.16136938126383413,0.05095817848279771,0.11562088623976804
0,13,post_rope,1024,512,34,208,276,0.6032452023754481,0.8930901826141033,0.5437030355406991,0.8088047102533956,0.4661266671046313,0.6958158578410464,0.3275393755006517,0.4877459834689633,0.22440932943666606,0.33786336976306713,0.18308707589914042,0.2759802168100018,0.153318757456286,0.23121161271138632,0.1291810776249572,0.1948343145293021,0.1087711559194182,0.16405959353824326,0.07523374689935275,0.11348285493459012
0,13,post_rope,2048,512,39,244,313,0.6193771632490672,0.8987529781249767,0.5653916314846018,0.8245525136305457,0.49380288625517166,0.7213995238732739,0.3616379517847671,0.5271627044725821,0.23968567251928713,0.3529175815923212,0.2004974318551524,0.29557949288512436,0.1717336246618817,0.2531976054106983,0.14828342673308867,0.21870190227886516,0.12801841396262914,0.18884210272030616,0.09377892365918133,0.13839048392374895
0,13,post_rope,4096,512,42,262,330,0.6286895568189036,0.9056935904244584,0.5771140461081077,0.8349829598361306,0.5105481919006782,0.7410517585724262,0.38246364657611714,0.5536397252384362,0.24507511583352945,0.3578441189450967,0.2074340644315161,0.30336405579293246,0.1796450357432331,0.26275826873254243,0.15672934438355715,0.22927976476202036,0.1367619037642721,0.20012488638346282,0.10261402115077138,0.15019609825613303
0,14,pre_rope,1024,512,12,72,139,0.4388722289151915,0.7993859952300192,0.3651109782774824,0.6636692004405303,0.27348152896080435,0.5011708736038015,0.17803175644001534,0.3290797376329186,0.10863873764279422,0.20236592410625828,0.07805095978854824,0.1456329012843352,0.058518934169040686,0.10920211206845956,0.04458023856761928,0.08318928348225813,0.03403376355797528,0.06350144118828722,0.019689301907867142,0.0367194317693522
0,14,pre_rope,2048,512,14,84,164,0.4448234817716521,0.81833772471338,0.37889099090368467,0.69265926636655,0.2873592197885945,0.5291267487595946,0.18740158677258853,0.34806311298685594,0.12038880937854642,0.2251071886539099,0.08960193766133641,0.16798312103538648,0.06933249881437784,0.13003301898071135,0.054517755013617844,0.1022914257681212,0.043044976332759124,0.0807629586324111,0.026629240674356867,0.04996420055527443
0,14,pre_rope,4096,512,13,86,176,0.4302073714989847,0.8211902645165297,0.367131736254562,0.7024167202223772,0.2829290708276816,0.5432196387396866,0.18449311433260868,0.3563947249793879,0.1210127528855178,0.23555850985561777,0.09136732527912869,0.178298223491554,0.07172043808755936,0.1400665213719564,0.05715915498604105,0.11169133416816804,0.04574103454127117,0.08938014622524179,0.029046578917243496,0.05678041243158488
0,14,post_rope,1024,512,35,161,219,0.5930510975146287,0.8631052554149001,0.526813494801869,0.7689520500571999,0.444060791678099,0.6507607629672181,0.33319203044134726,0.48928662365658837,0.20092076304545062,0.29665627704243713,0.1559271337698632,0.2308757227549163,0.12495946226832197,0.1851184919141899,0.10062415128551362,0.1491017786893409,0.08101754314097868,0.1200983296299629,0.0513525880438134,0.07613352274673514
0,14,post_rope,2048,512,40,186,247,0.6112878560706332,0.8789493295920133,0.5534734199709864,0.7964864606395017,0.4752134395705771,0.686032375995256,0.3630142050766931,0.5242054558104372,0.21611065559153966,0.3137494856993575,0.17227282865863983,0.2506682286831027,0.14185452721047082,0.20655638739101628,0.11704016006023338,0.17045002555634364,0.09638021306090544,0.14044559478858715,0.06439900293348418,0.09388627638056929
0,14,post_rope,4096,512,43,200,262,0.6148591365609687,0.8839496529873933,0.5598962177600576,0.8089815030122963,0.49118654710041604,0.7101962238807594,0.3807578709641036,0.5498978043024875,0.22165172249270787,0.32175409583246495,0.17949384121968398,0.26127644071976563,0.15002436440003755,0.218471076796883,0.125250089329366,0.18241389581845127,0.10422231459348047,0.15183113123905148,0.0710432439127448,0.10355995236787256
0,15,pre_rope,1024,512,9,79,169,0.38366277815579675,0.8082193807199679,0.32050029552880527,0.6816022364783422,0.2523876848740935,0.5391857724978462,0.1778656192002821,0.38381181411669457,0.11618605916410839,0.2518729148759507,0.08506890813610885,0.18460631650117654,0.0644239879986079,0.13976384442700085,0.04949435619971008,0.10736914988025331,0.038420164339348535,0.08329847719465223,0.023118712111640814,0.050099417077364275
0,15,pre_rope,2048,512,10,93,201,0.3862238327594428,0.8246812471974497,0.3294762535742318,0.7076885476957384,0.262666608525607,0.5661061511364748,0.18728434558628912,0.4064876888095346,0.12785441972644201,0.27891535810884127,0.09734784064109553,0.2126212559481943,0.07612373591533886,0.16637229752154917,0.06042221526175163,0.13208729835278984,0.04847467288162164,0.10595421853265552,0.0311783923838585,0.06813273324733272
0,15,pre_rope,4096,512,9,96,217,0.3736373462391965,0.8206931547987324,0.32286450774910935,0.7127932965452561,0.2585475730579958,0.5763189612972636,0.18492246265906243,0.41350820615806233,0.12852050400954199,0.2892493597697803,0.09952077478113355,0.22418863446491258,0.07890351545675468,0.17789292861324799,0.06365191374941057,0.143569841687909,0.051748598826139726,0.11675385668508893,0.0341019973639763,0.07693722943181697
0,15,post_rope,1024,512,35,192,257,0.5843271123675006,0.8900808043712894,0.5361367592032272,0.819282339022957,0.45982323142239256,0.7036402615755536,0.3292873322358765,0.5048633918494972,0.22002624420206057,0.3399722853752982,0.17723028779817773,0.2742217669633493,0.14615910338201424,0.22622062935057075,0.12111638995768424,0.18747567972766324,0.09988305883634563,0.15462488005131578,0.0650523679028149,0.10071207674071776
0,15,post_rope,2048,512,39,222,288,0.6046071474768979,0.9101625123033665,0.5601433022251627,0.8446250545834214,0.488442356234356,0.7367972136994134,0.36115792879825304,0.5436134079122432,0.23265000375288158,0.35392602524234007,0.19251908641174387,0.29318097375206453,0.16292614446650425,0.24821394452799825,0.1386303906781409,0.2112042188978021,0.11751586685186209,0.17907078269456397,0.08137943521768184,0.12403376979291465
0,15,post_rope,4096,512,41,237,303,0.6107691930565012,0.9169447280253603,0.5697933603804368,0.85613872473297,0.5043513971074346,0.7596560597788864,0.38094958679701524,0.5721017127570346,0.23671759677517926,0.35876421232349515,0.19873856661557313,0.3015146602969629,0.17015883486687358,0.25834035299874913,0.14667041408924333,0.22272463635068018,0.1260054207801355,0.19135673038078363,0.08934512886298944,0.13571012927982917
1,0,pre_rope,1024,512,4,70,146,0.30198172252494976,0.6551277464860199,0.26120012053564307,0.5658528748828476,0.21722493569461707,0.4743679358719074,0.16497494507343727,0.36182316041477586,0.10664894155414362,0.23452486968590386,0.07470224402553896,0.16450622136372414,0.0541249358989521,0.11926213306306183,0.039513087265443864,0.08708294523113107,0.028756822522903493,0.06336942581251322,0.014141201618725176,0.031087452619797968
1,0,pre_rope,2048,512,4,74,163,0.30665481437363384,0.6595757544928137,0.26696272201189486,0.5733094054134118,0.220577778287873,0.4773650369096433,0.16764996462627327,0.3646680551818644,0.11077771567233773,0.24170131489779184,0.08025062403926468,0.1754104093340195,0.06059706053954032,0.1325980306056221,0.04658673980395627,0.1019663484263081,0.03615342660495048,0.07913659344390253,0.021611617164385477,0.047315435724123604
1,0,pre_rope,4096,512,4,77,175,0.30703767959035977,0.6599816988806287,0.26860251260947066,0.5778505859696824,0.2233949420653495,0.4846257206928915,0.17083250681359302,0.37228979810784096,0.11404529598557754,0.24933942306785942,0.08429111973699313,0.18467765794790472,0.06452660273704879,0.1415516732561987,0.05066903259793303,0.11118776273562357,0.04002640686993681,0.08785603160354749,0.025003862082667794,0.05489039249951872
1,0,post_rope,1024,512,34,198,255,0.6010077755087065,0.863036556864215,0.541966068222695,0.7839156450936959,0.4609342025380265,0.6686903864592063,0.3265169796406028,0.4737115853469481,0.24028858100502293,0.3511777680001239,0.1907252438980565,0.2789666417664939,0.15486523214577078,0.22657894206401205,0.12668405041281955,0.1854180139499821,0.10372586762457779,0.15181307185486612,0.06768553912562177,0.09906214572590437
1,0,post_rope,2048,512,40,226,284,0.6289562892554182,0.8889980430232844,0.5753313043060564,0.8168148861563509,0.49640303454920154,0.7067836517618362,0.3551756939849872,0.5053508662354437,0.2578143495435551,0.369716699370926,0.20825653250020756,0.29887290070616934,0.17235377126075296,0.24745817235592535,0.14443554157958047,0.20742501294192445,0.12103663912830119,0.17385058311516013,0.08306882523333872,0.11936204690211048
1,0,post_rope,4096,512,43,244,301,0.6442978407416722,0.891599331338019,0.5952684160865975,0.8293147807045714,0.5213983014683773,0.7277447300991733,0.38367435206734324,0.5340356719821555,0.2679482010060784,0.3762339317971558,0.21945472007815484,0.3083145230372089,0.18334424535470836,0.25780070884790623,0.15561010940582232,0.21883676715470352,0.13218495828696494,0.18589573238782897,0.09304801062620383,0.1309269972346762
1,1,pre_rope,1024,512,6,97,210,0.3337532716226421,0.8076488668554855,0.3008075058611869,0.7278922024003809,0.2542362123199913,0.6161892217566977,0.1929806168957573,0.46762968335206556,0.13350742518031566,0.3234531601510117,0.10027494779370018,0.24293071780344358,0.07761560308857977,0.18806293540998,0.06063885009495664,0.14694669880827338,0.04748770504490746,0.11503609878530598,0.028645717736213258,0.06936902613307766
1,1,pre_rope,2048,512,7,105,239,0.33621399612249886,0.8216423336285864,0.30376460836941,0.7420078060055719,0.2568674974668512,0.6294839231757576,0.1968124774776578,0.4823080693113473,0.1379316749742863,0.3380729756550886,0.10635203903316783,0.2607027516921094,0.08465063496242799,0.20749281767398964,0.06826907051456113,0.16738203620508066,0.055313343968391354,0.13561830424994936,0.03618803186635199,0.08867044993864516
1,1,pre_rope,4096,512,6,109,254,0.33260000546260976,0.8202931538071662,0.3018613964672438,0.7469300979976536,0.2568141217267581,0.6374241484601368,0.19737376657575292,0.49058769230012766,0.13990663787331323,0.3481866455286758,0.1092896809913237,0.2720436537717708,0.08806304972621207,0.2192042946756752,0.07190304084788492,0.17899054661088112,0.05904721582036256,0.146979144894143,0.039676419611185204,0.09873941533787746
1,1,post_rope,1024,512,36,209,272,0.6246728994811047,0.89497181400478,0.577706417415765,0.8288477496789306,0.4891958597213887,0.7013225765376366,0.3317958221526628,0.4800564617486935,0.23674428569177491,0.3430974141133813,0.19078258192142625,0.27648923086540983,0.15787840118731378,0.22881577822794116,0.1317956933656555,0.19096619760277359,0.11007439568444893,0.15945803405292389,0.07584879902622521,0.10981199975027343
1,1,post_rope,2048,512,40,238,305,0.6335327382468905,0.9036699845149225,0.5922848543447808,0.845259746238077,0.5117634178642562,0.7288279541421061,0.35335069043934236,0.5072326283758696,0.2527152665946425,0.3644702281802546,0.2063749455082785,0.29763235561953494,0.17401455943262692,0.25098143101582676,0.14796694407020639,0.21338672754544438,0.126177014697947,0.181974698561209,0.09101371271965086,0.13121258338561437
1,1,post_rope,4096,512,43,255,323,0.6377360168832179,0.9052589193124365,0.5980193088788703,0.8497311559631968,0.5199435326287822,0.7367671598708448,0.3671864448694531,0.5237326857224543,0.26233725271080177,0.3767049496249823,0.2154842193560909,0.30966339156065165,0.1831661683244437,0.2633033720508292,0.1571613437132798,0.22592758135834726,0.1352561096672958,0.1944449420952862,0.09936073536728203,0.14282372628793677
1,2,pre_rope,1024,512,13,146,263,0.36817822821201635,0.8370764095278921,0.34015991587453,0.7759913848528996,0.30102598464053315,0.6880341968687247,0.24708297757342385,0.565528452520876,0.18293905197960542,0.41968881216291437,0.14248988935507112,0.3269267227651372,0.11297618962822475,0.25924044416541714,0.09018906285444611,0.20689718836242463,0.07226067603408731,0.165738941082615,0.045720832198438,0.10482080427379842
1,2,pre_rope,2048,512,14,161,293,0.3699056780933891,0.8414768752526302,0.3417429854280764,0.7802331410340299,0.3046481767367898,0.6956012426331243,0.2530377131538038,0.57961401049422,0.19088893191512638,0.4382008660731425,0.1515525421332106,0.3480858024294675,0.12279836597598051,0.2821059447729397,0.10049345338669571,0.23086888121059512,0.08255672181071383,0.1896461997405954,0.05548280349865014,0.1274484215921123
1,2,pre_rope,4096,512,13,168,308,0.3635006313974388,0.8416464863771975,0.3371048097091384,0.7821846520939372,0.30106686989287734,0.6986370544048867,0.2519974780410637,0.5865532754732636,0.1922895331245447,0.44844286712730985,0.15442256395525364,0.36040548112450366,0.12650254324667143,0.2953389231652983,0.1046446641424683,0.24440756890521861,0.08679190634335593,0.20271935673765928,0.059448618172899835,0.13885421585040164
1,2,post_rope,1024,512,44,252,311,0.6546022528090087,0.9201475866774366,0.6065275225609568,0.8535273396192197,0.5149608727748587,0.7232482341252964,0.359294882426882,0.5107050749093923,0.2704471010461453,0.3856680883388533,0.2246827378915688,0.32066000719418636,0.1896754268216577,0.27078090062369264,0.16125723918662999,0.23024829730502946,0.13709338494333323,0.19575313454526252,0.0974056844098263,0.1390676090287794
1,2,post_rope,2048,512,51,288,345,0.6709459668332847,0.9370982024340536,0.628279996129293,0.8770424132568578,0.5435503033904281,0.7575133608278689,0.38149744039954264,0.5336459490376136,0.28927120200932577,0.40832072485057475,0.2443069501799314,0.3451847996783101,0.21024179525616257,0.2972208317657778,0.1822661427385455,0.25772023717535114,0.15829427471591292,0.22382476431302567,0.11773072538939915,0.16648833350242093
1,2,post_rope,4096,512,54,305,360,0.6758107526215584,0.9400997196983485,0.6346023584353879,0.8823475583931412,0.5531607557043963,0.767933033047607,0.3969066607244367,0.5513635357564546,0.2950505866304276,0.4145695442833105,0.25170389312715974,0.35405912823599317,0.21889395745320972,0.3080564239206125,0.191213082134934,0.26917586185901576,0.16755198739471708,0.2358940488707442,0.12726777039201323,0.17917909431234585
1,3,pre_rope,1024,512,2,97,254,0.27100918025131004,0.7355051272918277,0.23559494413737847,0.6479231391493498,0.20042800405981537,0.5563378296851927,0.16436140896267307,0.4571819871946873,0.12592876621753973,0.35037709766077113,0.10022351795603243,0.278830933218699,0.08117703315860257,0.22579272811911408,0.06611434507429739,0.1838584776923162,0.053927453335347514,0.1499301747881717,0.03537849538403842,0.09835383174628859
1,3,pre_rope,2048,512,2,106,285,0.2747684240646031,0.7526353193829135,0.2389828717626237,0.6626652097737181,0.2026748069908133,0.566799369401655,0.16730278532419562,0.469866250060442,0.12998625572614922,0.3651985518078956,0.10570161332024312,0.2970193210957614,0.08744665972359358,0.2457222935608935,0.07275718323156823,0.20442167303292139,0.06074049968766415,0.1706673940454321,0.0421296464751555,0.11833493827125453
1,3,pre_rope,4096,512,2,109,299,0.2687174355938002,0.747068417615295,0.23475235125549415,0.6587542934386389,0.1998940783395967,0.5665721255798235,0.16597451093612856,0.4725975441533489,0.13024850861323395,0.3712375563003496,0.10712321987030674,0.3053625405104614,0.08956401232169996,0.2553485692668546,0.07526345076379387,0.21458780475389713,0.06349674784224581,0.18105475992573727,0.04493116199857823,0.12809986705371113
1,3,post_rope,1024,512,27,212,294,0.5797251131342798,0.8992483294913987,0.5286630586971653,0.8239971965943489,0.4386960438212783,0.6820901082828139,0.27825284441293524,0.4377716447281722,0.21413262325508006,0.3385638107491328,0.17814990087094734,0.28182839154182593,0.1515545085884492,0.23978487466384052,0.129414107083475,0.20475132653222378,0.11039935402128334,0.1746385520094616,0.07883360889970012,0.1246774804241265
1,3,post_rope,2048,512,30,246,330,0.5943037763375147,0.9184825108840523,0.5513002912455897,0.8524379080312661,0.4682458073336164,0.7222952275994825,0.2974490588515861,0.45991849602244855,0.2276887196862356,0.3563561733040303,0.19316677172605584,0.30254136362302736,0.16745697835446982,0.2622849900837911,0.1458243185617635,0.22841100661752436,0.12696861759435205,0.19888292318178374,0.09497854793676448,0.14876640421708673
1,3,post_rope,4096,512,33,264,347,0.6034133478800504,0.9226517879885311,0.5635806405721673,0.8627799291656221,0.48438798210220657,0.7397579582446343,0.3177547212515575,0.4851214287343098,0.2324335431928666,0.35978410074878425,0.19893581269579647,0.3082581638947419,0.17417906578622014,0.2699345322110394,0.15318379733008752,0.23740890161204198,0.13485869359107355,0.20904055401807117,0.10321981521782082,0.15998943293962808
1,4,pre_rope,1024,512,3,91,233,0.29756846497615735,0.7435692222864015,0.2620131701224128,0.6575932606308815,0.2223315632228743,0.5625407945886921,0.1746035649572553,0.4436238714071038,0.12402511955982883,0.31554096727349534,0.09613066173691182,0.24456908204531205,0.07689577085674527,0.19560662058330677,0.0623276240782214,0.15852549169223815,0.05086861943904152,0.12932357281956142,0.033624111915403945,0.08544189421732801
1,4,pre_rope,2048,512,4,99,261,0.3014851050801765,0.7605854308744934,0.2650989484492009,0.671253005150687,0.22582321568965244,0.5758717417938422,0.17909724272964964,0.4591009762962362,0.12882600078138512,0.3308208168378178,0.10169241006036536,0.26120194609181396,0.08298231743122207,0.21315811571155618,0.06896875431422024,0.1771820204760471,0.05761098020059068,0.14797540313361593,0.04002640686993681,0.10278639256111452
1,4,pre_rope,4096,512,3,101,273,0.2975880942824201,0.7569358119900106,0.263186311442369,0.671172773085082,0.22486849226555003,0.5779169584666393,0.17900353331248658,0.4624467484000114,0.1293205769645122,0.33492321102230904,0.10281335383933184,0.2664015022816843,0.08473192239342474,0.21955614050676997,0.07099078760690593,0.18398389552999495,0.059835375804981696,0.15507830948902754,0.042382137451421345,0.10984971704459612
1,4,post_rope,1024,512,29,200,283,0.5834725985724711,0.9018030239154355,0.5362851008240344,0.8297081874703671,0.44562954240920855,0.6877994752072714,0.29618977220174464,0.4624921153659436,0.21749011028211404,0.3415456666140159,0.17478508013507185,0.2746750211864813,0.1452934170570026,0.2283336208044688,0.12288861466477395,0.19314625101541846,0.10421630948024464,0.1637837903634219,0.07410100330389131,0.11639543521490517
1,4,post_rope,2048,512,33,234,320,0.6025122539176366,0.9234024744765746,0.5604141024940945,0.8585486340319121,0.4759585195948045,0.7277124799873628,0.3201038332208216,0.49076036906158305,0.23324349978794448,0.36166852433449775,0.19082475420839684,0.2963244704311064,0.16178935992711702,0.251313336108908,0.13925414006980477,0.21632085554446095,0.12055480139848546,0.18726922774559335,0.08970864129858905,0.13934741889142718
1,4,post_rope,4096,512,36,252,337,0.6126982231910062,0.9285105379741202,0.5727867383725701,0.8676224382497618,0.49296562810474553,0.745531319539192,0.3424530705788147,0.5176888977127706,0.24003568046304122,0.36760979575760855,0.19789371022719582,0.3036190764916117,0.16955544435337186,0.26024291281893797,0.14741363777310926,0.22626699710459156,0.12888058493618204,0.19783888509791778,0.09778555892076941,0.15010161931322688
1,5,pre_rope,1024,512,10,101,211,0.36371619326350585,0.8051980445240663,0.32582594750140076,0.7224845269800179,0.2707430371122689,0.6034488579319744,0.20380288496736376,0.4567278645689489,0.13881987075439117,0.31252021724152884,0.10375430822045029,0.23359895017825646,0.08026139291957181,0.1808014218641596,0.0633002546995321,0.14253589579565912,0.05048459775610481,0.1136369054954788,0.03193766250121101,0.07187941164492383
1,5,pre_rope,2048,512,11,111,234,0.3714010472107782,0.8247403306940609,0.3323359269627943,0.7429284864039174,0.2804767788133658,0.6271090209701411,0.21273363957328753,0.477947162141904,0.146459144962643,0.3306926897413524,0.111558374921685,0.25201143285005917,0.08804849645142135,0.1990467900135935,0.07095593519595433,0.16042677199336366,0.057631668598643465,0.13029037434118293,0.03811644286131835,0.08617991156640144
1,5,pre_rope,4096,512,11,113,242,0.36881455648392236,0.8229290059931054,0.3322725204803484,0.7470486506893207,0.28124237050198564,0.632828229543851,0.2123377910168053,0.4790918112072324,0.14705698629241395,0.33357579631869044,0.11271367444106264,0.25587113913943665,0.089628542352579,0.20362864923456378,0.07287137577735393,0.16558242826529612,0.059794021542350126,0.1358819694661771,0.04033347951584064,0.09166854654176287
1,5,post_rope,1024,512,36,195,266,0.5975597528083882,0.8879995716417198,0.5393820658516014,0.8050516656324711,0.4483484212943503,0.670593325603729,0.3330326015161848,0.501295140866514,0.22235662813080243,0.33696669015482117,0.1776404499419161,0.26957337423458927,0.14646708068482392,0.22227927972185027,0.12172460813711931,0.18473542109718125,0.10129600186304848,0.15372641653914845,0.06960962571635194,0.10563448846397494
1,5,post_rope,2048,512,41,227,301,0.6234166115533568,0.9170142791654453,0.5743246175525687,0.8447200179535588,0.4864060059965596,0.7157021876523572,0.36216885470171023,0.5364561235203336,0.24084197331366297,0.358611498291676,0.1956861355349287,0.2920676041493205,0.16512950698742904,0.24654492391738655,0.14040166286070657,0.2096728810701909,0.11942744516061948,0.17835420952768088,0.08586047795761367,0.12822683055907538
1,5,post_rope,4096,512,44,243,316,0.6346047535030289,0.9227715916775214,0.5887883324910576,0.8558241049508266,0.5039734315075819,0.7332285799903074,0.3785632439137305,0.5535215023485215,0.24728396379342849,0.3635856419648179,0.20259288635493483,0.2986195154017739,0.1728884555216841,0.2549831149176891,0.14881788003257174,0.21950278861288253,0.12798651677881093,0.18878891120650426,0.09356512278293391,0.1380135396313783
1,6,pre_rope,1024,512,9,85,185,0.36867263434950903,0.7504342927791926,0.318835785485619,0.6534051084585543,0.2544530995140262,0.5244282697461567,0.1800457244653546,0.37367850152420234,0.1209955124614013,0.2526092266611577,0.09110829624877871,0.19021406437351562,0.07135090692875364,0.1489852036291562,0.05680717448337334,0.11860360608464542,0.045587664443175246,0.09515410221977026,0.029297892234944143,0.061144433425223604
1,6,pre_rope,2048,512,10,94,205,0.38560719119702963,0.7800096583991075,0.3282467752372349,0.6698878421424459,0.261611460999292,0.5354384075258182,0.18618456030116287,0.3835443002561003,0.1275395859244619,0.26459313972702825,0.09834655920622051,0.2040836016039359,0.07840639934016237,0.16273341654304357,0.06378474616300212,0.13239964661507828,0.052161602972943914,0.10826749023381081,0.034942826849353174,0.07253524384027743
1,6,pre_rope,4096,512,10,96,213,0.3848572442820973,0.777706885702232,0.33169996901113225,0.6776551741788741,0.2645209311440319,0.5414984026010892,0.18619368399408598,0.38384473557016885,0.12860557863288538,0.26703304265616407,0.09965334651015292,0.20709486649734518,0.08024319638321929,0.1668302408834318,0.0658849562878915,0.1369824726977342,0.0543485765819976,0.11301100493324953,0.036979850798533345,0.07690739701092697
1,6,post_rope,1024,512,35,186,260,0.5698406932969531,0.8676088701251131,0.518868848675515,0.7952378978102194,0.4466146204052197,0.6853853562536371,0.3298745515104066,0.5066267401352181,0.21408488024366432,0.3317036527269814,0.1701005018703406,0.26385412628579136,0.13952695457621875,0.2164706963933067,0.11554095332387133,0.17926190602492956,0.09617343482976766,0.14921127220710273,0.06596135724819809,0.10231706111111324
1,6,post_rope,2048,512,40,219,297,0.5970823736597918,0.8967633945527146,0.5508860495134111,0.8308436734357352,0.4805095004036652,0.7251793812122481,0.36416993090972843,0.5485092268335504,0.2322453702171578,0.3533692452036687,0.18915479314682,0.2883555040122927,0.1591527249020575,0.24269751714309543,0.1350991365451736,0.20600304702245995,0.11477985291288968,0.17501222022850027,0.08217064049985402,0.12530718252263218
1,6,post_rope,4096,512,43,238,316,0.6075439330490567,0.905574950012626,0.5665517685847528,0.8474176835844198,0.5002424129309172,0.7481829367617896,0.38570602826962697,0.5759419127785276,0.238549753465687,0.35919773871659466,0.19712431728169824,0.2974592783650586,0.16836802024506153,0.2541455828150556,0.1447782725261225,0.21856504523148204,0.12438431748037448,0.1877798535096197,0.09099177101153261,0.13740324604359036
1,7,pre_rope,1024,512,8,112,224,0.3573702582104443,0.750327634773945,0.3089262703952413,0.6548661218206301,0.25723247593691534,0.5500410801544581,0.20239022211008076,0.4357434158615656,0.1458594662094444,0.3147508621446408,0.11218839512204921,0.24227239289928396,0.088530184431359,0.19120341861892778,0.07085464007488572,0.15300957358084283,0.057097075634308894,0.12328908182270558,0.03696695403688788,0.07978394599659659
1,7,pre_rope,2048,512,9,126,248,0.37454537808631294,0.7803784849952753,0.32394691929636626,0.6746221756507569,0.2664794642281965,0.5625007947280356,0.21281095641440417,0.45162505142291864,0.15613322662840687,0.3324208386199969,0.12219622412559136,0.2603006231522548,0.09841562663881903,0.20974876861756417,0.08039755032351707,0.17135454620350216,0.06597897567536688,0.1406428007939302,0.04438460447578006,0.0945829896178421
1,7,pre_rope,4096,512,10,131,258,0.3756881598563738,0.7836717834868105,0.3258230205442101,0.6829756203652555,0.26923597443442987,0.5705604014437992,0.21563740570206053,0.4594177797081331,0.1582583107476028,0.33799257008438954,0.12486259537831726,0.26687686106548836,0.10153021666146836,0.2171384852146713,0.08345967887394307,0.17851354818993326,0.0691431077414411,0.14789985865701624,0.047285192553424726,0.10114466474324867
1,7,post_rope,1024,512,33,206,282,0.5613956206430517,0.8562963306116284,0.5012682089982318,0.7666596603246177,0.4164444410262916,0.6395034276230663,0.316509653784882,0.48799521651425004,0.2303211580095797,0.35713726448039834,0.18600006974126676,0.28879772122215847,0.15373106925225746,0.23874931015793766,0.1283139579976263,0.19931028170710371,0.10751505191906925,0.1670239513147895,0.07491975305951386,0.11636444979824966
1,7,post_rope,2048,512,38,244,321,0.59298119211525,0.8926426386317107,0.539266188465629,0.811853426645928,0.4552029287103253,0.6853307834452878,0.3440414407021044,0.5193305524221911,0.250450919713064,0.38087807633873066,0.20795364749219972,0.3165080530730059,0.1760939465905,0.26819878316598966,0.15053620661422465,0.22930731936425355,0.12897143016532445,0.19651682530749567,0.09375381461965857,0.14286107245217738
1,7,post_rope,4096,512,42,264,339,0.6047372644730589,0.900439287968307,0.5560551827270747,0.8291674296856409,0.4772338515917244,0.7114441083172044,0.3594755778340339,0.5370477259541699,0.2584830147864758,0.3885954201803909,0.21787386233743491,0.3278391364869921,0.186498350683288,0.2807319957092832,0.16118847434676448,0.24272047893821422,0.1395750052781252,0.2101982727012478,0.10360397311438722,0.15603145574444974
1,8,pre_rope,1024,512,9,96,196,0.3753098955786655,0.7435831700273923,0.32317137158572334,0.6463747421379217,0.26629207099601726,0.5370183139249668,0.2029263919272673,0.4119471370754498,0.1342535934251471,0.27361095921167417,0.09942999751418163,0.20278770612626132,0.0775910249032601,0.15820670418163812,0.06209336560326649,0.1266419338038669,0.05026570293976608,0.10253760927169615,0.03295265419534618,0.06720167498431137
1,8,pre_rope,2048,512,11,108,220,0.4013646629235536,0.7776580251926781,0.3376902609116907,0.6602700039520927,0.27383492062743825,0.5415230034779186,0.21283826271548223,0.4235062321696381,0.14425756987967853,0.2880722818532591,0.10910409347379244,0.21819384584183563,0.08708294523113107,0.1742208095822241,0.07111200789872914,0.14230278288210393,0.05865424530066661,0.11740422870682048,0.04000555357527269,0.08008333514872168
1,8,pre_rope,4096,512,11,111,230,0.4027727673025274,0.7859489462836132,0.3413811471470135,0.672291648666938,0.2768478257942496,0.5505131819911218,0.21462057833596404,0.42848481143130307,0.14549122146132512,0.2914325364762067,0.11090811756718875,0.22248231217447212,0.08950276559147739,0.1796755579421591,0.07392665202385108,0.14844472767148692,0.061524890700843445,0.12357881400311406,0.04278176979880472,0.0859375
1,8,post_rope,1024,512,33,189,270,0.5430680877050372,0.8386226381969983,0.48465179410220827,0.7511282421657238,0.4135879099988057,0.6438501169072927,0.31645296481921464,0.49448434085950094,0.21778287995399434,0.34213571374332197,0.17216934662265926,0.27091316122624637,0.1407506169768069,0.2216207955397824,0.11725843190211241,0.1847225146980488,0.09825530372262478,0.15476724900111394,0.068565276542645,0.1079885620842116
1,8,post_rope,2048,512,38,227,309,0.5702945758667989,0.8614121826399354,0.5119949643662298,0.7770481218400612,0.44500480863566216,0.6754535475852697,0.3448900910159372,0.5250762793212382,0.23729388679445995,0.3634347898820118,0.1922921678805888,0.29508512917372276,0.161362178432018,0.24775907385537535,0.13783397861838598,0.21171356420042853,0.1182563358407984,0.18168475527637207,0.08661385455410824,0.13309269687784991
1,8,post_rope,4096,512,42,245,327,0.5848837468797061,0.8722862241220035,0.5279395234846065,0.7916497032121603,0.46309480308692536,0.697841203699706,0.3633043835565285,0.5469572277920515,0.24567086352158485,0.3719508662693065,0.19959298680584966,0.3028514020592914,0.16932978459391768,0.2570999007448519,0.1463655116705838,0.22230461864641296,0.12713891153351808,0.19312742558903548,0.09497352733188266,0.14428896830179427
1,9,pre_rope,1024,512,4,90,225,0.3059806768325071,0.7331875067273427,0.2631351235224997,0.6382589609463643,0.21527652500840877,0.5270833820850617,0.16859390668888252,0.4160686333782858,0.12280880133808078,0.3034347799632991,0.09515159658194015,0.23510514017584402,0.07574303046667807,0.18722816471374934,0.06127735150049554,0.15147346949165344,0.04980887601106939,0.12309554817646931,0.03299874627014807,0.08153346571684118
1,9,pre_rope,2048,512,5,103,251,0.3241121967286449,0.7649653765690785,0.27765949167947085,0.6606761532903392,0.22535012871412924,0.5422944746654303,0.1782654593292491,0.4321708357129675,0.13270901406840663,0.3220068615188252,0.10482251016110332,0.2545783903284106,0.08503597059398357,0.20660601436025602,0.06997642733258584,0.17006055062104486,0.0580423477070824,0.1410577262101076,0.039925017410494285,0.09702462976940891
1,9,pre_rope,4096,512,5,106,264,0.3225158644625836,0.7667821003388777,0.27810082062617664,0.6682456708511684,0.2265204028778023,0.5488370304131809,0.1792017133575513,0.4372341847119587,0.1338282618212961,0.32720828291824894,0.10655165094092772,0.26064604511871853,0.08727335869134444,0.21358746913557622,0.07244438537577046,0.17734778983602503,0.06061082969310374,0.14839392574608215,0.04250852162814819,0.10407351461317721
1,9,post_rope,1024,512,28,193,285,0.5304894332336725,0.8725159500708142,0.47908297789241927,0.7933164877031338,0.4046067234563041,0.6704350499520618,0.2884912775066487,0.48000337967080176,0.20982803751731832,0.35191971327082977,0.17039161734311703,0.28592807358176026,0.1417332530144948,0.23788256200897298,0.11899971054747184,0.19976000095009946,0.10037624389713785,0.16850143068651405,0.0705405880311749,0.11838303131282676
1,9,post_rope,2048,512,33,232,326,0.5569042451588149,0.9009524431686348,0.5104448609123216,0.8274640198517674,0.4395257508347151,0.7128006760796852,0.3214065661542392,0.5208899149360214,0.23009473549640727,0.37691841558646244,0.19144999724273798,0.3139011443023386,0.16291718117843257,0.26722426579813774,0.13984889868097022,0.229412568261392,0.12038682895743114,0.1974995048130443,0.08873898827379066,0.14559749425366764
1,9,post_rope,4096,512,36,251,343,0.5671849127255953,0.9084526375558174,0.5252717177827504,0.8438707547844557,0.45750415820957596,0.7346711271888212,0.339986661481074,0.5453031019914837,0.23689139840325812,0.38352914798384025,0.1990072586326812,0.32263957204503274,0.1714411374720382,0.2780609528594341,0.14892518090299076,0.24159858226865413,0.12959038648800722,0.21023031298151884,0.09749590107053434,0.15819201018295417
1,10,pre_rope,1024,512,10,101,202,0.3844992398079648,0.7719231046134786,0.3299310119360963,0.6673361923014894,0.27139236757289037,0.5511652372245759,0.20487500985909532,0.4177455127687376,0.1394498253012541,0.28602176112636885,0.10402625475115054,0.21360672370672165,0.08087063770822486,0.1660942340316251,0.06440177953050333,0.1322482971629826,0.05176011566219938,0.10627691264669221,0.033491787202657254,0.06873458342662583
1,10,pre_rope,2048,512,12,114,224,0.41018574926469753,0.79613136674321,0.34690630316177645,0.6834852732011578,0.28398707833243053,0.5622641280804821,0.21704595879846142,0.43128310366745554,0.14998999403323246,0.2996145633412403,0.11392685650168154,0.22788340172944355,0.09037128317380055,0.18083718742564558,0.07344170416302902,0.14704219149053316,0.060329415908988195,0.12079657730028355,0.04088827070572845,0.08186286719894127
1,10,pre_rope,4096,512,12,117,232,0.41370714881940757,0.8034672234347755,0.3514202253888027,0.6915932526367958,0.2873153466711616,0.5689729609844574,0.21768734175188664,0.4320300662695343,0.15133528834745233,0.3018230873789838,0.11567603351105758,0.23103598924500057,0.09253155144433337,0.1849690323763208,0.0758436909263956,0.15167893332176738,0.06286988479101305,0.1257731843814664,0.04339251926835534,0.08681731250405789
1,10,post_rope,1024,512,35,197,269,0.5732103693123343,0.861700621869891,0.5204973345018601,0.7835863274691488,0.4455759707921596,0.6718286010334518,0.33014240429032393,0.4995948819227395,0.22466270808723537,0.3419634603812685,0.17937924024507992,0.27355300643515496,0.14752337416021402,0.22517138947118273,0.12287018214857649,0.18758851187410142,0.10247684589407001,0.15647471481421588,0.07070094995683286,0.10795350735909023
1,10,post_rope,2048,512,41,233,305,0.6015021058518988,0.8785594171080673,0.5459410185064557,0.8040303815645501,0.4780690503264517,0.7041318677922486,0.3653903566905552,0.5379958726448086,0.24541476602471393,0.36372127340873533,0.20059670008058816,0.29775799391590885,0.1689525448348099,0.25098582447343293,0.14388605396484305,0.2138734581433027,0.12281389735545598,0.1825987454654345,0.08844295309663519,0.13152361007330154
1,10,post_rope,4096,512,44,249,321,0.6106916044958345,0.8867019366044114,0.5598677931277238,0.8179287380572074,0.4952423719948072,0.7255389890204217,0.38557047824826296,0.564344138213067,0.25268932100140407,0.37180797710223085,0.2077190561947977,0.30618320047973235,0.17660954616618998,0.2604507932554583,0.15185664627256484,0.22409822102104007,0.13101232898731205,0.1933942050582433,0.09620255923604347,0.14206697994473907
1,11,pre_rope,1024,512,5,81,205,0.3292576450859329,0.7379830378777357,0.2752944020656528,0.6230581156993205,0.21867560075132442,0.49812579558152215,0.16254064345100894,0.37408351166748455,0.11460133613420001,0.2646502392696969,0.08853254084213255,0.20449470001105427,0.07101051572375229,0.16404524212849436,0.05770556896580042,0.13328289428984622,0.047041913721445554,0.10864614416549172,0.03109416252130955,0.07177900455136423
1,11,pre_rope,2048,512,6,91,231,0.34918963419745286,0.7662615173743756,0.28852929089902735,0.640853654946834,0.22807791759661597,0.5111745022195066,0.16983117500084238,0.3833436978362581,0.12152956401178293,0.27564352340908627,0.09609965484588914,0.21807990299316454,0.07880033428489149,0.17887545657949336,0.0655179922420863,0.14875398325996372,0.0548018214264164,0.12442384498739192,0.03816957338306093,0.0866561663820157
1,11,pre_rope,4096,512,6,93,243,0.3479164949671765,0.7677105699573029,0.29029162164516836,0.6496666897316555,0.2292740454673343,0.517603632460352,0.16856562113745366,0.38309569491001544,0.12198849797357085,0.27845091850579995,0.09752829752385515,0.22287431712749314,0.08076664864601169,0.18463456584553245,0.06781838105888581,0.15505370901543555,0.05722949961132754,0.13086233562707303,0.040716625471454715,0.09311972788793912
1,11,post_rope,1024,512,28,178,268,0.528397531560089,0.8559926314493579,0.47668755563345766,0.7770643642725028,0.4064114323233915,0.6630048070160837,0.28934310490138415,0.47243261169577294,0.19616968880623595,0.32341473632907436,0.1581639370831807,0.2610953578751079,0.1311455629006108,0.21654929380898458,0.1100584204468467,0.1817744592634712,0.09269084265373323,0.15309680757040864,0.06498361234224267,0.10731389948044008
1,11,post_rope,2048,512,34,212,304,0.5552986968497977,0.8768425172919274,0.5030224168344003,0.7996381090123373,0.4356597617248408,0.6928745777776437,0.32417131559540924,0.5144728301263658,0.21337499549476874,0.3423447931117955,0.17554899342595215,0.28205850738938676,0.14884391160275826,0.2393050166683829,0.12760896738584437,0.2051940590271716,0.10987331768392766,0.17668495995200664,0.08054753862879048,0.1295358713611767
1,11,post_rope,4096,512,37,229,320,0.5666047373291191,0.8826618319196649,0.5174267817498877,0.8125668828285755,0.45390903124063875,0.71405607091234,0.3464103404600693,0.5438846574862691,0.21935719279210464,0.347329232362515,0.18157941545750556,0.2880267583549181,0.15582809708037623,0.24736313185478365,0.13521093243577825,0.2146754212292361,0.11740727479155928,0.18644177311787233,0.08787265169959041,0.13956496938732235
1,12,pre_rope,1024,512,6,88,206,0.3403632917236167,0.7627644525857263,0.2907502673501305,0.6521081556119357,0.23390392009260186,0.5318128745422587,0.1760067658749474,0.40224218475450263,0.12259676517431965,0.28133486421072146,0.0938281687054306,0.21536842782503407,0.07419023467939327,0.1702953924983784,0.05931913860058308,0.1361282676255546,0.047609925815562136,0.10925122478156468,0.03050390318612723,0.0699512952574212
1,12,pre_rope,2048,512,7,99,230,0.3563664597337963,0.7842131687109346,0.30317095378705694,0.6711752152651211,0.24224606697976148,0.540679110867525,0.1823452643664187,0.4095334365244934,0.12926133696015624,0.29212270007944074,0.10143418642885225,0.22931745654509658,0.08207229314099929,0.18564739516054357,0.06730182590700091,0.1522202602586437,0.05540809000900541,0.12531788460062332,0.03745629624940438,0.08470659441897971
1,12,pre_rope,4096,512,7,99,240,0.3516645495334433,0.7813950594699718,0.30148263377694856,0.6742352568726345,0.24170747993299732,0.5440131372871013,0.18017396176461048,0.4077458352742204,0.1285506458742526,0.2928931583794582,0.10177736295891322,0.2320033560789651,0.08336142225531223,0.1901165858005073,0.06914052155050524,0.15770690709035654,0.05764252703520336,0.13147964369295895,0.03978143943387917,0.09075728659893255
1,12,post_rope,1024,512,31,191,269,0.5696658819117683,0.8829801788427483,0.5212959206202521,0.8115437822970625,0.4437520309186855,0.6912668809674768,0.3084876928486761,0.4810528809749309,0.2112540236772697,0.3330152404493697,0.17093278812141968,0.26974279974943277,0.14174670968786693,0.2237776241618697,0.11857998372268758,0.18720985852227356,0.09936283492956749,0.15686182399904736,0.06865605958782837,0.1083723157046473
1,12,post_rope,2048,512,36,225,304,0.5923673190673209,0.9043465223752009,0.5462955674952634,0.8373023860429047,0.4747901854660053,0.7272841038816548,0.3427017876058885,0.5230321310869759,0.22765952920221078,0.3518738110049607,0.18833894597470227,0.29150370177704304,0.15969055202725302,0.24734144449515028,0.13661800487372178,0.21164654841394387,0.1172215730087679,0.1815882781698953,0.08489601899733261,0.13153267347889225
1,12,post_rope,4096,512,39,240,318,0.5997665646560462,0.9089484325297844,0.5584431692048049,0.8500195970800619,0.49231512443498676,0.7484144099741337,0.364123608613687,0.5525104621828741,0.23182974648826135,0.3549940691707727,0.1932613239795109,0.29639546665812394,0.16563533534785355,0.25416516527660077,0.1432722778173534,0.21994428232526456,0.1244133055467799,0.1909991235762855,0.09224930324136246,0.14162302841066665
1,13,pre_rope,1024,512,7,95,219,0.347527726665865,0.7551894064976038,0.2951931747676127,0.6488544089030619,0.23846053585901883,0.530132801943851,0.17912952200698093,0.40069590769735103,0.12709718013849763,0.2852250107727664,0.09904288979303202,0.22231695189266706,0.07967966078551984,0.17886645944867458,0.06467929806518903,0.14518774276102225,0.052804970289145596,0.11848997458368898,0.034689453344934125,0.07779011477158751
1,13,pre_rope,2048,512,8,107,246,0.3658665372744944,0.782198520876901,0.31007848961141443,0.6722503766774874,0.2474983939687081,0.5405958178808283,0.18557963834914595,0.4084844760396345,0.1337863894007593,0.29570166966673533,0.10690516263737196,0.23638020091434872,0.0880295397423418,0.19466276816923625,0.07334384221581934,0.16223654297683737,0.06138279901431298,0.13577072611983027,0.042422902356488344,0.09383992015379934
1,13,pre_rope,4096,512,8,110,258,0.36305065424778354,0.7802148637044178,0.3108420258977854,0.6758675051640989,0.2488312821360126,0.5444391224670233,0.18377498041702142,0.40507771005489684,0.13398405469850563,0.2968975861641089,0.10835718968174238,0.24030408390621327,0.09028748109625331,0.2002716663178854,0.07614917906070066,0.16894707651264762,0.06438696962944244,0.1428575260293454,0.04539965436358528,0.10074255148565618
1,13,post_rope,1024,512,33,203,276,0.5830565772437104,0.8814325941585346,0.5224529515306716,0.795331076384452,0.448323427372138,0.6828632484275377,0.3181210427328523,0.4855230324032518,0.22257418542323185,0.34240694369000124,0.1791163780549177,0.2759380986000904,0.14935999870788622,0.2302252566185891,0.12576204710146024,0.19387286812589669,0.10584643520646668,0.16316230493520867,0.07322346765979804,0.11285583593636184
1,13,post_rope,2048,512,38,237,309,0.6037284697964536,0.8944958592372856,0.5476462783667518,0.8153431189721276,0.4775198404074831,0.7121160191965177,0.3511940614949884,0.5226109369589754,0.23827899869261776,0.35819340383802445,0.19631684519450388,0.2955749556461312,0.16728408020350433,0.2519774905702677,0.14390241586752806,0.21682257972438806,0.12409190293116386,0.18700279433666675,0.0902045923269302,0.13592078445967093
1,13,post_rope,4096,512,41,253,324,0.6166552892700747,0.9027626501959661,0.562603993869306,0.8287072384131607,0.494890872312472,0.7299300670766307,0.3757620856142873,0.5524187568551733,0.24276700981880953,0.36036992220124525,0.20119305841707985,0.29907276387075843,0.173362021303544,0.25792229366378283,0.1510023087710281,0.22471204981697526,0.13146128224462378,0.19566405128970946,0.09812813237529977,0.1460542594860546
1,14,pre_rope,1024,512,11,72,144,0.4033754324944692,0.7562215957351599,0.3412189939057657,0.6371664333930135,0.2622778315653718,0.49527829650810856,0.17603165487076614,0.33421380266306017,0.10914833560431259,0.20908132425586914,0.07864815074883158,0.15082240358378635,0.05935178604073837,0.11382740824309445,0.0454803252807231,0.0872064024420919,0.03488136485001768,0.06692081130111152,0.020287189854045144,0.03890271887017594
1,14,pre_rope,2048,512,12,78,156,0.4278167923906329,0.7840003809794162,0.35721277676486285,0.6564599564158056,0.2726697770837463,0.50450418172262,0.18212137897062394,0.33879040114689085,0.11503221268006213,0.2159660848200024,0.08459745680681632,0.15924295677527386,0.06528285617778974,0.12290946917824508,0.051222425346403894,0.09644481759235995,0.04025656079197645,0.07580949709134842,0.024609810961540197,0.0463571554641992
1,14,pre_rope,4096,512,12,78,159,0.42255086096081307,0.7816170211804474,0.3565225595877421,0.6612515814749658,0.2729640676864353,0.5082439643700385,0.1785203928905474,0.3334530178416849,0.11398517652808916,0.21515480412237714,0.08478150109191675,0.16045890681341698,0.06598575074091591,0.12497830202609347,0.052147888866496045,0.098808811396374,0.041382376068101114,0.07841590128034236,0.02584202855937352,0.04899325106328172
1,14,post_rope,1024,512,34,158,221,0.5617202015991979,0.844676004120576,0.5019979494022571,0.7589470933208751,0.431115499890056,0.6543309444837968,0.32475117548259225,0.4928769928526443,0.1998253357660018,0.30500893876781954,0.15405389510260023,0.2358134316133548,0.12258120628359655,0.18774636295823852,0.0984967492433696,0.15091327164761623,0.07951604311790585,0.12185968156060178,0.05071900293988742,0.07771537203440228
1,14,post_rope,2048,512,39,183,247,0.5905145531782081,0.8655062005224762,0.5267261420641904,0.7780100588185042,0.4566643048779934,0.6759672845987962,0.35356544438647125,0.5230006202489847,0.21433419576068954,0.31893858847038975,0.17055402655991314,0.2542792295085233,0.13882867249491965,0.20701052004116807,0.11418684361127708,0.170409806477972,0.09427464233346776,0.14075760417337813,0.062869410757462,0.09389579879819919
1,14,post_rope,4096,512,42,192,257,0.5995810933852179,0.8715680289546195,0.5402688060278177,0.7893624255038864,0.47061206997438837,0.6890807618642825,0.37140754683432253,0.5434668472376933,0.21900706853737834,0.3219510479318312,0.17524824926832377,0.25837288266639935,0.14433832437609045,0.21290658313540947,0.11983574871623091,0.17684428592000062,0.09975378003523044,0.1472376465464824,0.0680145284896017,0.1004560798973476
1,15,pre_rope,1024,512,7,77,174,0.3479091281797514,0.7629229490402399,0.2962615048713657,0.6573980371297947,0.23588040399956356,0.5277765264273192,0.17246889331477827,0.3877264437920203,0.11388813434650678,0.2572659565876835,0.08389916644040352,0.18969113844472432,0.06386505963341756,0.14438023281109819,0.049351443695316674,0.11153566523924681,0.03847519925408576,0.08691714849244012,0.02344385696667417,0.05294193815792891
1,15,pre_rope,2048,512,8,85,192,0.36540120440442764,0.7856709515554958,0.30926469705330956,0.6756286889892142,0.24526559660739397,0.5375605127736724,0.17918308611603703,0.3952941317305342,0.12104427188207895,0.26869447711227645,0.09117075261566795,0.20263833654286428,0.0707856260719536,0.15737737211177347,0.05597852257586486,0.124491850819894,0.04471773951766323,0.09942759963165139,0.028527912993473317,0.06339058555355448
1,15,pre_rope,4096,512,8,87,199,0.36117690762580923,0.7818367280748817,0.30936557485692423,0.6768089814541576,0.2462813857936981,0.5411209389544551,0.17826646240315877,0.39383152011890343,0.12183815814969888,0.2709406615604088,0.09291018396408826,0.2068953157804558,0.07298538965831901,0.1626231313916226,0.05816903363998215,0.12970141600436597,0.04679673336561674,0.10434091616812745,0.03049022211401169,0.06796455808845113
1,15,post_rope,1024,512,32,185,257,0.5641687858387726,0.8828583933286369,0.514142940917724,0.8066968182440625,0.4394389510518015,0.6908134462265013,0.3117205435718,0.4913289893323636,0.21130706061623206,0.3357262945491231,0.16961220772730906,0.269836915884412,0.13949021132112763,0.2220523072041914,0.11570565786944254,0.18420389932529074,0.09573457162325394,0.15241630978105383,0.06318574456588459,0.10061200739222999
1,15,post_rope,2048,512,37,215,286,0.588693773536938,0.9031390528922022,0.5424531093671798,0.8334652001634039,0.4707074303647759,0.7240276417842993,0.34581069565796446,0.5313457514920314,0.2252408645758805,0.34957646902359907,0.1862146507870826,0.28932137109782574,0.1566568799039488,0.24352742817299347,0.13307881301786234,0.20693045987775635,0.11291418126785661,0.17558922345541814,0.07842274196439675,0.12196455379601039
1,15,post_rope,4096,512,40,229,299,0.5944177486638544,0.9067530715549592,0.5522983300339377,0.8426108971572696,0.4870538773235396,0.7442859097327019,0.3686890438582305,0.5622943926256703,0.23088450028845528,0.3550353709585185,0.19237677085413382,0.2964374932376186,0.16367621586763018,0.25239122729494384,0.14053575014760322,0.21675975584890353,0.12065883181797639,0.18609586110747275,0.08554054829095091,0.13192768436640853
