prompt,layer,chunk,mean_cos,p5_min_cos
0,0,4,0.9914554357528687,0.9741242527961731
0,0,8,0.9885178804397583,0.9694535732269287
0,0,16,0.9877194166183472,0.9707121253013611
0,0,32,0.9869685173034668,0.9738256931304932
0,1,4,0.9648174047470093,0.87019282579422
0,1,8,0.953472912311554,0.8343372344970703
0,1,16,0.9455873966217041,0.8053105473518372
0,1,32,0.9388841986656189,0.7830830216407776
0,2,4,0.994735836982727,0.9883149266242981
0,2,8,0.9927516579627991,0.9846923351287842
0,2,16,0.99123215675354,0.9808489680290222
0,2,32,0.9898247122764587,0.9773532748222351
0,3,4,0.9398841261863708,0.8408244252204895
0,3,8,0.9199451208114624,0.8063764572143555
0,3,16,0.9046196341514587,0.7807450294494629
0,3,32,0.8901601433753967,0.7475534677505493
0,4,4,0.9602856040000916,0.8937348127365112
0,4,8,0.9441073536872864,0.8582345843315125
0,4,16,0.929654061794281,0.8183627128601074
0,4,32,0.9159518480300903,0.7850403189659119
0,5,4,0.9220699667930603,0.7914866805076599
0,5,8,0.8904507160186768,0.7296982407569885
0,5,16,0.8655474781990051,0.6624947190284729
0,5,32,0.8422019481658936,0.6148461699485779
0,6,4,0.9203042387962341,0.8198561072349548
0,6,8,0.8837053775787354,0.7383872270584106
0,6,16,0.8484799265861511,0.6728068590164185
0,6,32,0.8131794333457947,0.604668140411377
0,7,4,0.9031717777252197,0.7761819958686829
0,7,8,0.8634958863258362,0.717170238494873
0,7,16,0.8272009491920471,0.6709219813346863
0,7,32,0.7897785902023315,0.621070384979248
0,8,4,0.9488851428031921,0.7807765007019043
0,8,8,0.9194188714027405,0.6825039386749268
0,8,16,0.892017662525177,0.5944333076477051
0,8,32,0.8629829287528992,0.5191534161567688
0,9,4,0.8755638599395752,0.5822411179542542
0,9,8,0.8227932453155518,0.47636646032333374
0,9,16,0.781445324420929,0.40616926550865173
0,9,32,0.7477768063545227,0.3739778399467468
0,10,4,0.9497509598731995,0.8636236190795898
0,10,8,0.925658106803894,0.8128347396850586
0,10,16,0.9036860466003418,0.7658227682113647
0,10,32,0.8839150667190552,0.73158198595047
0,11,4,0.8751401305198669,0.6198951601982117
0,11,8,0.8228675127029419,0.5182647109031677
0,11,16,0.7805456519126892,0.454306036233902
0,11,32,0.7459682822227478,0.4165482521057129
0,12,4,0.9482533931732178,0.8616896867752075
0,12,8,0.9233648180961609,0.799412190914154
0,12,16,0.9007283449172974,0.734489917755127
0,12,32,0.8790895938873291,0.6928125023841858
0,13,4,0.9439812302589417,0.8416554927825928
0,13,8,0.915762722492218,0.7686774730682373
0,13,16,0.8878431916236877,0.709291398525238
0,13,32,0.8591665625572205,0.6474499702453613
0,14,4,0.9616390466690063,0.883804202079773
0,14,8,0.9440032839775085,0.8351395726203918
0,14,16,0.9276455640792847,0.7865429520606995
0,14,32,0.9100369215011597,0.7332455515861511
0,15,4,0.9401299357414246,0.8432586193084717
0,15,8,0.9108434915542603,0.7703596949577332
0,15,16,0.8848680853843689,0.7086910605430603
0,15,32,0.8607243895530701,0.6327461004257202
0,16,4,0.9094235301017761,0.7803971767425537
0,16,8,0.8710629940032959,0.6969661116600037
0,16,16,0.8382013440132141,0.6298552751541138
0,16,32,0.8077195286750793,0.5712350010871887
0,17,4,0.937877357006073,0.8365216851234436
0,17,8,0.9113069772720337,0.7716943025588989
0,17,16,0.888475239276886,0.7074470520019531
0,17,32,0.8666526675224304,0.6310118436813354
0,18,4,0.9238672256469727,0.8275372385978699
0,18,8,0.8891177773475647,0.7509318590164185
0,18,16,0.8584145307540894,0.6930557489395142
0,18,32,0.8315461874008179,0.634912371635437
0,19,4,0.9370388388633728,0.8557029366493225
0,19,8,0.9082910418510437,0.8005858659744263
0,19,16,0.8835346698760986,0.7536483407020569
0,19,32,0.8592996001243591,0.7022705078125
0,20,4,0.9459739327430725,0.8517782688140869
0,20,8,0.9259079694747925,0.7897223830223083
0,20,16,0.9086058139801025,0.7403600811958313
0,20,32,0.8935778737068176,0.6874697804450989
0,21,4,0.9311624765396118,0.8063465356826782
0,21,8,0.907469630241394,0.7333789467811584
0,21,16,0.8894374966621399,0.6672703623771667
0,21,32,0.8751609325408936,0.6028186678886414
0,22,4,0.9086920619010925,0.6851994395256042
0,22,8,0.8804178237915039,0.5381151437759399
0,22,16,0.8597174286842346,0.4281640648841858
0,22,32,0.8433414697647095,0.330990731716156
0,23,4,0.9318596720695496,0.8086382746696472
0,23,8,0.9095749855041504,0.7250841856002808
0,23,16,0.8924727439880371,0.6470134258270264
0,23,32,0.8788213729858398,0.5779129266738892
1,0,4,0.9913293123245239,0.9735612869262695
1,0,8,0.9883595108985901,0.9689062833786011
1,0,16,0.987563967704773,0.9703387022018433
1,0,32,0.9868140816688538,0.9735972285270691
1,1,4,0.9636090993881226,0.8608403205871582
1,1,8,0.9514506459236145,0.8186303973197937
1,1,16,0.9434862732887268,0.7899143695831299
1,1,32,0.9369704127311707,0.7596604824066162
1,2,4,0.9946878552436829,0.9883038997650146
1,2,8,0.9926732182502747,0.9850084185600281
1,2,16,0.9911300539970398,0.9812633991241455
1,2,32,0.9897854924201965,0.9777026772499084
1,3,4,0.9406781196594238,0.8401473164558411
1,3,8,0.9201619029045105,0.8075631856918335
1,3,16,0.9048528075218201,0.7752645611763
1,3,32,0.890728771686554,0.7477480173110962
1,4,4,0.9595322608947754,0.8909666538238525
1,4,8,0.9424195885658264,0.8557789325714111
1,4,16,0.9274686574935913,0.8181754350662231
1,4,32,0.9142941832542419,0.7867212891578674
1,5,4,0.9199976921081543,0.7889862060546875
1,5,8,0.8856346011161804,0.724210262298584
1,5,16,0.8601807355880737,0.66396164894104
1,5,32,0.8377324938774109,0.598554790019989
1,6,4,0.9204592108726501,0.819007933139801
1,6,8,0.8822730183601379,0.7595633864402771
1,6,16,0.847801923751831,0.6769531965255737
1,6,32,0.8138958215713501,0.6346583366394043
1,7,4,0.901130199432373,0.7640344500541687
1,7,8,0.8584370613098145,0.7118316292762756
1,7,16,0.8210837244987488,0.6709176301956177
1,7,32,0.785688579082489,0.6357554197311401
1,8,4,0.9491365551948547,0.768502414226532
1,8,8,0.9200558066368103,0.6569900512695312
1,8,16,0.8935303688049316,0.5747864842414856
1,8,32,0.865780234336853,0.5031045079231262
1,9,4,0.8750316500663757,0.5482741594314575
1,9,8,0.8198651075363159,0.43155011534690857
1,9,16,0.7773590087890625,0.39680615067481995
1,9,32,0.7451767921447754,0.37475481629371643
1,10,4,0.947584867477417,0.8587828278541565
1,10,8,0.9216684103012085,0.8127448558807373
1,10,16,0.8987111449241638,0.7527872323989868
1,10,32,0.8797758221626282,0.7125920653343201
1,11,4,0.8750824332237244,0.5873557329177856
1,11,8,0.8205517530441284,0.4882206916809082
1,11,16,0.7782295942306519,0.43196144700050354
1,11,32,0.7462880611419678,0.4205956757068634
1,12,4,0.9481378793716431,0.8659988641738892
1,12,8,0.9219064116477966,0.8105679154396057
1,12,16,0.8977826237678528,0.752171516418457
1,12,32,0.8778387308120728,0.7002018094062805
1,13,4,0.9422085285186768,0.8383299112319946
1,13,8,0.9118883013725281,0.7771183252334595
1,13,16,0.8816062211990356,0.7057756185531616
1,13,32,0.8550000786781311,0.6391518115997314
1,14,4,0.9594866037368774,0.8794517517089844
1,14,8,0.9395917654037476,0.8227159976959229
1,14,16,0.9216660857200623,0.7600620985031128
1,14,32,0.9049814939498901,0.7219170928001404
1,15,4,0.9411245584487915,0.8479405045509338
1,15,8,0.9111403226852417,0.7831733226776123
1,15,16,0.8850845694541931,0.7189323902130127
1,15,32,0.8628210425376892,0.6371918320655823
1,16,4,0.9035688042640686,0.7559447288513184
1,16,8,0.8610809445381165,0.6664149761199951
1,16,16,0.825658917427063,0.6073152422904968
1,16,32,0.7979409098625183,0.5518501400947571
1,17,4,0.9380174875259399,0.8307856321334839
1,17,8,0.9097929000854492,0.7638751864433289
1,17,16,0.8856354355812073,0.7144375443458557
1,17,32,0.8646441102027893,0.6579936742782593
1,18,4,0.920177161693573,0.811682939529419
1,18,8,0.8828222155570984,0.745849609375
1,18,16,0.8504580855369568,0.686246931552887
1,18,32,0.8241575360298157,0.6206746101379395
1,19,4,0.9341458678245544,0.8444615006446838
1,19,8,0.9036785960197449,0.7944420576095581
1,19,16,0.8773503303527832,0.7467997670173645
1,19,32,0.8537752628326416,0.6984809041023254
1,20,4,0.9443536996841431,0.839357316493988
1,20,8,0.9226445555686951,0.7759743332862854
1,20,16,0.9040549993515015,0.7373141050338745
1,20,32,0.8891366124153137,0.6994649171829224
1,21,4,0.9283139705657959,0.7868468165397644
1,21,8,0.903175413608551,0.7018543481826782
1,21,16,0.8835514783859253,0.6380984783172607
1,21,32,0.8692655563354492,0.5732114911079407
1,22,4,0.9068057537078857,0.6486697793006897
1,22,8,0.8765278458595276,0.5142411589622498
1,22,16,0.853815495967865,0.43215832114219666
1,22,32,0.8373942375183105,0.3427513539791107
1,23,4,0.9290482997894287,0.7912959456443787
1,23,8,0.9046826958656311,0.7065361142158508
1,23,16,0.8857696056365967,0.63807213306427
1,23,32,0.8717769384384155,0.5684608221054077
