prompt,layer,dim,method,rank,budget,tokens,gpu_mem,out_relerr,out_cos
0,0,256,lowrank_dense,32,4032,4032,0.566468253968254,0.016257306560873985,0.9999349117279053
0,0,256,lowrank_dense,64,4032,4032,0.6329365079365079,0.0030483584851026535,0.9999966621398926
0,0,256,lowrank_dense,128,4032,4032,0.7658730158730159,0.0004997315118089318,0.9999999403953552
0,0,256,sparse_exact,256,128,168,0.5674603174603174,0.9302940964698792,0.6317397356033325
0,0,256,shadowkv,32,128,168,0.1388888888888889,0.930284321308136,0.6319380402565002
0,0,256,shadowkv,64,128,168,0.20535714285714285,0.9305040836334229,0.6317104697227478
0,0,256,shadowkv,128,128,168,0.3382936507936508,0.9302600622177124,0.6317566633224487
0,0,256,sparse_exact,256,256,296,0.5674603174603174,0.6857421398162842,0.7316756844520569
0,0,256,shadowkv,32,256,296,0.1388888888888889,0.6860798597335815,0.7317841053009033
0,0,256,shadowkv,64,256,296,0.20535714285714285,0.685969889163971,0.7316235899925232
0,0,256,shadowkv,128,256,296,0.3382936507936508,0.6857222318649292,0.7316868901252747
0,0,256,sparse_exact,256,512,552,0.5674603174603174,0.45171380043029785,0.8339287042617798
0,0,256,shadowkv,32,512,552,0.1388888888888889,0.4522346258163452,0.8337907791137695
0,0,256,shadowkv,64,512,552,0.20535714285714285,0.4519401788711548,0.8338533043861389
0,0,256,shadowkv,128,512,552,0.3382936507936508,0.45171570777893066,0.8339336514472961
0,1,256,lowrank_dense,32,4032,4032,0.566468253968254,0.10590643435716629,0.994702935218811
0,1,256,lowrank_dense,64,4032,4032,0.6329365079365079,0.047815389931201935,0.998803973197937
0,1,256,lowrank_dense,128,4032,4032,0.7658730158730159,0.017170870676636696,0.9998427629470825
0,1,256,sparse_exact,256,128,168,0.5674603174603174,0.5506519675254822,0.9036898016929626
0,1,256,shadowkv,32,128,168,0.1388888888888889,0.5315024256706238,0.9030764698982239
0,1,256,shadowkv,64,128,168,0.20535714285714285,0.5421004891395569,0.9043431878089905
0,1,256,shadowkv,128,128,168,0.3382936507936508,0.5516090989112854,0.9035937786102295
0,1,256,sparse_exact,256,256,296,0.5674603174603174,0.3241693675518036,0.9586178064346313
0,1,256,shadowkv,32,256,296,0.1388888888888889,0.3178924322128296,0.9557844400405884
0,1,256,shadowkv,64,256,296,0.20535714285714285,0.3204137980937958,0.9584195017814636
0,1,256,shadowkv,128,256,296,0.3382936507936508,0.32502079010009766,0.958518385887146
0,1,256,sparse_exact,256,512,552,0.5674603174603174,0.16034111380577087,0.9874295592308044
0,1,256,shadowkv,32,512,552,0.1388888888888889,0.17767874896526337,0.9832894802093506
0,1,256,shadowkv,64,512,552,0.20535714285714285,0.16310624778270721,0.9865708351135254
0,1,256,shadowkv,128,512,552,0.3382936507936508,0.1612805873155594,0.9873340725898743
0,2,256,lowrank_dense,32,4032,4032,0.566468253968254,0.33724290132522583,0.9520115852355957
0,2,256,lowrank_dense,64,4032,4032,0.6329365079365079,0.20727704465389252,0.981446385383606
0,2,256,lowrank_dense,128,4032,4032,0.7658730158730159,0.08283668756484985,0.9972667694091797
0,2,256,sparse_exact,256,128,168,0.5674603174603174,0.44779667258262634,0.9220377206802368
0,2,256,shadowkv,32,128,168,0.1388888888888889,0.5399330258369446,0.8969213962554932
0,2,256,shadowkv,64,128,168,0.20535714285714285,0.5152195692062378,0.9036710858345032
0,2,256,shadowkv,128,128,168,0.3382936507936508,0.44272953271865845,0.9218574166297913
0,2,256,sparse_exact,256,256,296,0.5674603174603174,0.24166031181812286,0.970963180065155
0,2,256,shadowkv,32,256,296,0.1388888888888889,0.4077140688896179,0.9342703819274902
0,2,256,shadowkv,64,256,296,0.20535714285714285,0.334648996591568,0.9521780610084534
0,2,256,shadowkv,128,256,296,0.3382936507936508,0.2480189949274063,0.9692975878715515
0,2,256,sparse_exact,256,512,552,0.5674603174603174,0.09147273004055023,0.9946322441101074
0,2,256,shadowkv,32,512,552,0.1388888888888889,0.3498415946960449,0.9494692087173462
0,2,256,shadowkv,64,512,552,0.20535714285714285,0.23160529136657715,0.9763426780700684
0,2,256,shadowkv,128,512,552,0.3382936507936508,0.11915196478366852,0.9924057722091675
0,3,256,lowrank_dense,32,4032,4032,0.566468253968254,0.18479973077774048,0.982434868812561
0,3,256,lowrank_dense,64,4032,4032,0.6329365079365079,0.10786979645490646,0.994436502456665
0,3,256,lowrank_dense,128,4032,4032,0.7658730158730159,0.045656491070985794,0.9989603757858276
0,3,256,sparse_exact,256,128,168,0.5674603174603174,0.4335891902446747,0.9210542440414429
0,3,256,shadowkv,32,128,168,0.1388888888888889,0.4819099009037018,0.9085849523544312
0,3,256,shadowkv,64,128,168,0.20535714285714285,0.4483126401901245,0.9169804453849792
0,3,256,shadowkv,128,128,168,0.3382936507936508,0.43641436100006104,0.9207406640052795
0,3,256,sparse_exact,256,256,296,0.5674603174603174,0.23147229850292206,0.9746731519699097
0,3,256,shadowkv,32,256,296,0.1388888888888889,0.31171920895576477,0.9577248692512512
0,3,256,shadowkv,64,256,296,0.20535714285714285,0.2601093649864197,0.9694181680679321
0,3,256,shadowkv,128,256,296,0.3382936507936508,0.2369614690542221,0.973921000957489
0,3,256,sparse_exact,256,512,552,0.5674603174603174,0.09667864441871643,0.9944775700569153
0,3,256,shadowkv,32,512,552,0.1388888888888889,0.21649348735809326,0.9769182801246643
0,3,256,shadowkv,64,512,552,0.20535714285714285,0.15000349283218384,0.988802969455719
0,3,256,shadowkv,128,512,552,0.3382936507936508,0.10683012753725052,0.993667483329773
0,4,256,lowrank_dense,32,4032,4032,0.566468253968254,0.3720974028110504,0.9314426183700562
0,4,256,lowrank_dense,64,4032,4032,0.6329365079365079,0.2214300036430359,0.9787173271179199
0,4,256,lowrank_dense,128,4032,4032,0.7658730158730159,0.08483471721410751,0.9970433712005615
0,4,256,sparse_exact,256,128,168,0.5674603174603174,0.18351304531097412,0.9761831164360046
0,4,256,shadowkv,32,128,168,0.1388888888888889,0.3755977153778076,0.9257370829582214
0,4,256,shadowkv,64,128,168,0.20535714285714285,0.25895217061042786,0.9607076644897461
0,4,256,shadowkv,128,128,168,0.3382936507936508,0.18989381194114685,0.9744206070899963
0,4,256,sparse_exact,256,256,296,0.5674603174603174,0.09811285138130188,0.9921729564666748
0,4,256,shadowkv,32,256,296,0.1388888888888889,0.35328736901283264,0.9380569458007812
0,4,256,shadowkv,64,256,296,0.20535714285714285,0.23076176643371582,0.9731308221817017
0,4,256,shadowkv,128,256,296,0.3382936507936508,0.12564526498317719,0.9895005822181702
0,4,256,sparse_exact,256,512,552,0.5674603174603174,0.04111877456307411,0.9983081817626953
0,4,256,shadowkv,32,512,552,0.1388888888888889,0.35323163866996765,0.9375845789909363
0,4,256,shadowkv,64,512,552,0.20535714285714285,0.21855634450912476,0.9784968495368958
0,4,256,shadowkv,128,512,552,0.3382936507936508,0.09295975416898727,0.9954253435134888
0,5,256,lowrank_dense,32,4032,4032,0.566468253968254,0.2930603623390198,0.960649311542511
0,5,256,lowrank_dense,64,4032,4032,0.6329365079365079,0.20111991465091705,0.9822956323623657
0,5,256,lowrank_dense,128,4032,4032,0.7658730158730159,0.09547722339630127,0.9961549043655396
0,5,256,sparse_exact,256,128,168,0.5674603174603174,0.31138792634010315,0.9398898482322693
0,5,256,shadowkv,32,128,168,0.1388888888888889,0.37736496329307556,0.9232808351516724
0,5,256,shadowkv,64,128,168,0.20535714285714285,0.3118477165699005,0.9390498399734497
0,5,256,shadowkv,128,128,168,0.3382936507936508,0.31860849261283875,0.9389612674713135
0,5,256,sparse_exact,256,256,296,0.5674603174603174,0.17211486399173737,0.9777982234954834
0,5,256,shadowkv,32,256,296,0.1388888888888889,0.310040682554245,0.9504240155220032
0,5,256,shadowkv,64,256,296,0.20535714285714285,0.2195517122745514,0.969716489315033
0,5,256,shadowkv,128,256,296,0.3382936507936508,0.18191979825496674,0.9761680960655212
0,5,256,sparse_exact,256,512,552,0.5674603174603174,0.06998930871486664,0.9951937198638916
0,5,256,shadowkv,32,512,552,0.1388888888888889,0.29367339611053467,0.9595624804496765
0,5,256,shadowkv,64,512,552,0.20535714285714285,0.19695469737052917,0.9809463024139404
0,5,256,shadowkv,128,512,552,0.3382936507936508,0.10675103962421417,0.9924110174179077
0,6,256,lowrank_dense,32,4032,4032,0.566468253968254,0.23821033537387848,0.9782704710960388
0,6,256,lowrank_dense,64,4032,4032,0.6329365079365079,0.1501317322254181,0.9885579943656921
0,6,256,lowrank_dense,128,4032,4032,0.7658730158730159,0.07530238479375839,0.9967069029808044
0,6,256,sparse_exact,256,128,168,0.5674603174603174,0.4276033639907837,0.9161980152130127
0,6,256,shadowkv,32,128,168,0.1388888888888889,0.4520462155342102,0.9056687951087952
0,6,256,shadowkv,64,128,168,0.20535714285714285,0.43833667039871216,0.9099946618080139
0,6,256,shadowkv,128,128,168,0.3382936507936508,0.4512573182582855,0.9042912125587463
0,6,256,sparse_exact,256,256,296,0.5674603174603174,0.1687965989112854,0.9860295653343201
0,6,256,shadowkv,32,256,296,0.1388888888888889,0.27656111121177673,0.9676432609558105
0,6,256,shadowkv,64,256,296,0.20535714285714285,0.22315099835395813,0.9766471982002258
0,6,256,shadowkv,128,256,296,0.3382936507936508,0.1975060999393463,0.9792277812957764
0,6,256,sparse_exact,256,512,552,0.5674603174603174,0.04172411188483238,0.9990852475166321
0,6,256,shadowkv,32,512,552,0.1388888888888889,0.23763784766197205,0.9782135486602783
0,6,256,shadowkv,64,512,552,0.20535714285714285,0.15457965433597565,0.9884531497955322
0,6,256,shadowkv,128,512,552,0.3382936507936508,0.08879584074020386,0.9955569505691528
0,7,256,lowrank_dense,32,4032,4032,0.566468253968254,0.15125532448291779,0.9846591949462891
0,7,256,lowrank_dense,64,4032,4032,0.6329365079365079,0.0899956151843071,0.9940229654312134
0,7,256,lowrank_dense,128,4032,4032,0.7658730158730159,0.04848784953355789,0.9984459280967712
0,7,256,sparse_exact,256,128,168,0.5674603174603174,0.35802215337753296,0.9401443600654602
0,7,256,shadowkv,32,128,168,0.1388888888888889,0.3333666920661926,0.9366093277931213
0,7,256,shadowkv,64,128,168,0.20535714285714285,0.35525229573249817,0.9384464621543884
0,7,256,shadowkv,128,128,168,0.3382936507936508,0.3610476553440094,0.9396737813949585
0,7,256,sparse_exact,256,256,296,0.5674603174603174,0.20813186466693878,0.9780678749084473
0,7,256,shadowkv,32,256,296,0.1388888888888889,0.21546262502670288,0.9695068001747131
0,7,256,shadowkv,64,256,296,0.20535714285714285,0.21898587048053741,0.9745604395866394
0,7,256,shadowkv,128,256,296,0.3382936507936508,0.21463118493556976,0.977201521396637
0,7,256,sparse_exact,256,512,552,0.5674603174603174,0.08615930378437042,0.9959100484848022
0,7,256,shadowkv,32,512,552,0.1388888888888889,0.15279699862003326,0.9834224581718445
0,7,256,shadowkv,64,512,552,0.20535714285714285,0.12103824317455292,0.990995466709137
0,7,256,shadowkv,128,512,552,0.3382936507936508,0.10070710629224777,0.9945449829101562
0,8,256,lowrank_dense,32,4032,4032,0.566468253968254,0.3652285635471344,0.9324184060096741
0,8,256,lowrank_dense,64,4032,4032,0.6329365079365079,0.2372552901506424,0.9723794460296631
0,8,256,lowrank_dense,128,4032,4032,0.7658730158730159,0.09304351359605789,0.9938827157020569
0,8,256,sparse_exact,256,128,168,0.5674603174603174,0.4424646496772766,0.8556300401687622
0,8,256,shadowkv,32,128,168,0.1388888888888889,0.5324104428291321,0.8114716410636902
0,8,256,shadowkv,64,128,168,0.20535714285714285,0.45555973052978516,0.8421242237091064
0,8,256,shadowkv,128,128,168,0.3382936507936508,0.4373384714126587,0.8541965484619141
0,8,256,sparse_exact,256,256,296,0.5674603174603174,0.29320478439331055,0.9020470380783081
0,8,256,shadowkv,32,256,296,0.1388888888888889,0.4426800012588501,0.8523193001747131
0,8,256,shadowkv,64,256,296,0.20535714285714285,0.349631130695343,0.8835958242416382
0,8,256,shadowkv,128,256,296,0.3382936507936508,0.29943424463272095,0.8993567228317261
0,8,256,sparse_exact,256,512,552,0.5674603174603174,0.15511582791805267,0.9517124891281128
0,8,256,shadowkv,32,512,552,0.1388888888888889,0.3840726912021637,0.8936209082603455
0,8,256,shadowkv,64,512,552,0.20535714285714285,0.26778706908226013,0.927772581577301
0,8,256,shadowkv,128,512,552,0.3382936507936508,0.1723421961069107,0.9483438730239868
0,9,256,lowrank_dense,32,4032,4032,0.566468253968254,0.22223106026649475,0.9767570495605469
0,9,256,lowrank_dense,64,4032,4032,0.6329365079365079,0.14483727514743805,0.9897112846374512
0,9,256,lowrank_dense,128,4032,4032,0.7658730158730159,0.0755038633942604,0.9975464940071106
0,9,256,sparse_exact,256,128,168,0.5674603174603174,0.29403236508369446,0.969832181930542
0,9,256,shadowkv,32,128,168,0.1388888888888889,0.33530035614967346,0.9526627063751221
0,9,256,shadowkv,64,128,168,0.20535714285714285,0.31929123401641846,0.961294949054718
0,9,256,shadowkv,128,128,168,0.3382936507936508,0.2955372929573059,0.9686516523361206
0,9,256,sparse_exact,256,256,296,0.5674603174603174,0.14531317353248596,0.9915469288825989
0,9,256,shadowkv,32,256,296,0.1388888888888889,0.24415011703968048,0.9718549251556396
0,9,256,shadowkv,64,256,296,0.20535714285714285,0.19820494949817657,0.982367753982544
0,9,256,shadowkv,128,256,296,0.3382936507936508,0.1566627472639084,0.989722728729248
0,9,256,sparse_exact,256,512,552,0.5674603174603174,0.05618809536099434,0.9985276460647583
0,9,256,shadowkv,32,512,552,0.1388888888888889,0.21909476816654205,0.9772082567214966
0,9,256,shadowkv,64,512,552,0.20535714285714285,0.1472400724887848,0.9894978404045105
0,9,256,shadowkv,128,512,552,0.3382936507936508,0.08881394565105438,0.9963776469230652
0,10,256,lowrank_dense,32,4032,4032,0.566468253968254,0.22659417986869812,0.9746516346931458
0,10,256,lowrank_dense,64,4032,4032,0.6329365079365079,0.13796865940093994,0.994667649269104
0,10,256,lowrank_dense,128,4032,4032,0.7658730158730159,0.08583088964223862,0.9982075691223145
0,10,256,sparse_exact,256,128,168,0.5674603174603174,0.6915875673294067,0.7489654421806335
0,10,256,shadowkv,32,128,168,0.1388888888888889,0.7359192967414856,0.6945998668670654
0,10,256,shadowkv,64,128,168,0.20535714285714285,0.6927696466445923,0.7439889907836914
0,10,256,shadowkv,128,128,168,0.3382936507936508,0.6848219037055969,0.7493778467178345
0,10,256,sparse_exact,256,256,296,0.5674603174603174,0.5577301383018494,0.8398168087005615
0,10,256,shadowkv,32,256,296,0.1388888888888889,0.617255687713623,0.8169008493423462
0,10,256,shadowkv,64,256,296,0.20535714285714285,0.5584307909011841,0.8365039229393005
0,10,256,shadowkv,128,256,296,0.3382936507936508,0.5518365502357483,0.8399063348770142
0,10,256,sparse_exact,256,512,552,0.5674603174603174,0.37458494305610657,0.9442569613456726
0,10,256,shadowkv,32,512,552,0.1388888888888889,0.46570223569869995,0.9271852374076843
0,10,256,shadowkv,64,512,552,0.20535714285714285,0.3812713325023651,0.940269947052002
0,10,256,shadowkv,128,512,552,0.3382936507936508,0.37421107292175293,0.9433236122131348
0,11,256,lowrank_dense,32,4032,4032,0.566468253968254,0.31407278776168823,0.9647939205169678
0,11,256,lowrank_dense,64,4032,4032,0.6329365079365079,0.25439250469207764,0.9782316088676453
0,11,256,lowrank_dense,128,4032,4032,0.7658730158730159,0.08098658919334412,0.9971169829368591
0,11,256,sparse_exact,256,128,168,0.5674603174603174,0.35277628898620605,0.9539716243743896
0,11,256,shadowkv,32,128,168,0.1388888888888889,0.4120648205280304,0.9307416677474976
0,11,256,shadowkv,64,128,168,0.20535714285714285,0.3934946358203888,0.9340768456459045
0,11,256,shadowkv,128,128,168,0.3382936507936508,0.3719642758369446,0.9464489817619324
0,11,256,sparse_exact,256,256,296,0.5674603174603174,0.20532263815402985,0.9817187190055847
0,11,256,shadowkv,32,256,296,0.1388888888888889,0.3349286913871765,0.953945517539978
0,11,256,shadowkv,64,256,296,0.20535714285714285,0.28965577483177185,0.9625149965286255
0,11,256,shadowkv,128,256,296,0.3382936507936508,0.22211314737796783,0.9766732454299927
0,11,256,sparse_exact,256,512,552,0.5674603174603174,0.0969943106174469,0.99431312084198
0,11,256,shadowkv,32,512,552,0.1388888888888889,0.31415775418281555,0.962205708026886
0,11,256,shadowkv,64,512,552,0.20535714285714285,0.25086817145347595,0.9749724268913269
0,11,256,shadowkv,128,512,552,0.3382936507936508,0.11746219545602798,0.9915316700935364
0,12,256,lowrank_dense,32,4032,4032,0.566468253968254,0.16499514877796173,0.9856242537498474
0,12,256,lowrank_dense,64,4032,4032,0.6329365079365079,0.11233267933130264,0.9947728514671326
0,12,256,lowrank_dense,128,4032,4032,0.7658730158730159,0.061347972601652145,0.9979039430618286
0,12,256,sparse_exact,256,128,168,0.5674603174603174,0.2600790560245514,0.9752930998802185
0,12,256,shadowkv,32,128,168,0.1388888888888889,0.31298166513442993,0.9644812941551208
0,12,256,shadowkv,64,128,168,0.20535714285714285,0.29063335061073303,0.9704477787017822
0,12,256,shadowkv,128,128,168,0.3382936507936508,0.2615312933921814,0.97670978307724
0,12,256,sparse_exact,256,256,296,0.5674603174603174,0.15732192993164062,0.9929378032684326
0,12,256,shadowkv,32,256,296,0.1388888888888889,0.25022730231285095,0.9783045053482056
0,12,256,shadowkv,64,256,296,0.20535714285714285,0.2023719698190689,0.9873200058937073
0,12,256,shadowkv,128,256,296,0.3382936507936508,0.16774854063987732,0.9920710325241089
0,12,256,sparse_exact,256,512,552,0.5674603174603174,0.059351373463869095,0.9991408586502075
0,12,256,shadowkv,32,512,552,0.1388888888888889,0.18702131509780884,0.9843450784683228
0,12,256,shadowkv,64,512,552,0.20535714285714285,0.13087858259677887,0.9936380386352539
0,12,256,shadowkv,128,512,552,0.3382936507936508,0.08582964539527893,0.9972168803215027
0,13,256,lowrank_dense,32,4032,4032,0.566468253968254,0.1749466359615326,0.9897375106811523
0,13,256,lowrank_dense,64,4032,4032,0.6329365079365079,0.12016396224498749,0.9951973557472229
0,13,256,lowrank_dense,128,4032,4032,0.7658730158730159,0.05367735028266907,0.9989378452301025
0,13,256,sparse_exact,256,128,168,0.5674603174603174,0.3040105402469635,0.9223990440368652
0,13,256,shadowkv,32,128,168,0.1388888888888889,0.3386491537094116,0.9097087383270264
0,13,256,shadowkv,64,128,168,0.20535714285714285,0.3248152434825897,0.9167992472648621
0,13,256,shadowkv,128,128,168,0.3382936507936508,0.3073040544986725,0.9219068884849548
0,13,256,sparse_exact,256,256,296,0.5674603174603174,0.19333088397979736,0.9632342457771301
0,13,256,shadowkv,32,256,296,0.1388888888888889,0.2408120185136795,0.9514003992080688
0,13,256,shadowkv,64,256,296,0.20535714285714285,0.2220236361026764,0.9583789706230164
0,13,256,shadowkv,128,256,296,0.3382936507936508,0.19767959415912628,0.9624395966529846
0,13,256,sparse_exact,256,512,552,0.5674603174603174,0.10652481764554977,0.9847239851951599
0,13,256,shadowkv,32,512,552,0.1388888888888889,0.19368129968643188,0.9732241034507751
0,13,256,shadowkv,64,512,552,0.20535714285714285,0.15612351894378662,0.979729175567627
0,13,256,shadowkv,128,512,552,0.3382936507936508,0.1174871176481247,0.9836037158966064
0,14,256,lowrank_dense,32,4032,4032,0.566468253968254,0.17616531252861023,0.9849727749824524
0,14,256,lowrank_dense,64,4032,4032,0.6329365079365079,0.12659381330013275,0.9927021861076355
0,14,256,lowrank_dense,128,4032,4032,0.7658730158730159,0.04578297957777977,0.9992582201957703
0,14,256,sparse_exact,256,128,168,0.5674603174603174,0.45359593629837036,0.9163650870323181
0,14,256,shadowkv,32,128,168,0.1388888888888889,0.43725621700286865,0.9108864665031433
0,14,256,shadowkv,64,128,168,0.20535714285714285,0.4356876313686371,0.9165065288543701
0,14,256,shadowkv,128,128,168,0.3382936507936508,0.45946457982063293,0.9145146608352661
0,14,256,sparse_exact,256,256,296,0.5674603174603174,0.2845965623855591,0.9639301300048828
0,14,256,shadowkv,32,256,296,0.1388888888888889,0.2991289496421814,0.9536117315292358
0,14,256,shadowkv,64,256,296,0.20535714285714285,0.2879961133003235,0.9599442481994629
0,14,256,shadowkv,128,256,296,0.3382936507936508,0.29193103313446045,0.9623785018920898
0,14,256,sparse_exact,256,512,552,0.5674603174603174,0.17828717827796936,0.9863274693489075
0,14,256,shadowkv,32,512,552,0.1388888888888889,0.23129253089427948,0.9716413617134094
0,14,256,shadowkv,64,512,552,0.20535714285714285,0.20861250162124634,0.9794881343841553
0,14,256,shadowkv,128,512,552,0.3382936507936508,0.1852993220090866,0.9851812720298767
0,15,256,lowrank_dense,32,4032,4032,0.566468253968254,0.2820742726325989,0.9724316596984863
0,15,256,lowrank_dense,64,4032,4032,0.6329365079365079,0.1641196608543396,0.9910115003585815
0,15,256,lowrank_dense,128,4032,4032,0.7658730158730159,0.06915881484746933,0.9980823397636414
0,15,256,sparse_exact,256,128,168,0.5674603174603174,0.5737202167510986,0.7674662470817566
0,15,256,shadowkv,32,128,168,0.1388888888888889,0.6138503551483154,0.7468419671058655
0,15,256,shadowkv,64,128,168,0.20535714285714285,0.5631436109542847,0.7627368569374084
0,15,256,shadowkv,128,128,168,0.3382936507936508,0.5721402764320374,0.7636702060699463
0,15,256,sparse_exact,256,256,296,0.5674603174603174,0.40266209840774536,0.8659124970436096
0,15,256,shadowkv,32,256,296,0.1388888888888889,0.47691112756729126,0.842460036277771
0,15,256,shadowkv,64,256,296,0.20535714285714285,0.41004660725593567,0.859368622303009
0,15,256,shadowkv,128,256,296,0.3382936507936508,0.4023352265357971,0.8630690574645996
0,15,256,sparse_exact,256,512,552,0.5674603174603174,0.2427452802658081,0.9413315057754517
0,15,256,shadowkv,32,512,552,0.1388888888888889,0.3590027689933777,0.9186977744102478
0,15,256,shadowkv,64,512,552,0.20535714285714285,0.27269384264945984,0.9350929856300354
0,15,256,shadowkv,128,512,552,0.3382936507936508,0.24559307098388672,0.9398359060287476
0,16,256,lowrank_dense,32,4032,4032,0.566468253968254,0.20741041004657745,0.9764232635498047
0,16,256,lowrank_dense,64,4032,4032,0.6329365079365079,0.13944712281227112,0.9897823929786682
0,16,256,lowrank_dense,128,4032,4032,0.7658730158730159,0.07130845636129379,0.996822714805603
0,16,256,sparse_exact,256,128,168,0.5674603174603174,0.3375512361526489,0.9517905712127686
0,16,256,shadowkv,32,128,168,0.1388888888888889,0.3488069176673889,0.9417243599891663
0,16,256,shadowkv,64,128,168,0.20535714285714285,0.3759630024433136,0.9423484206199646
0,16,256,shadowkv,128,128,168,0.3382936507936508,0.3536502718925476,0.9466122984886169
0,16,256,sparse_exact,256,256,296,0.5674603174603174,0.16526737809181213,0.9852098226547241
0,16,256,shadowkv,32,256,296,0.1388888888888889,0.24287891387939453,0.9677695035934448
0,16,256,shadowkv,64,256,296,0.20535714285714285,0.22718244791030884,0.9751979112625122
0,16,256,shadowkv,128,256,296,0.3382936507936508,0.19102804362773895,0.9810776114463806
0,16,256,sparse_exact,256,512,552,0.5674603174603174,0.05298309773206711,0.9983583092689514
0,16,256,shadowkv,32,512,552,0.1388888888888889,0.20712372660636902,0.976774275302887
0,16,256,shadowkv,64,512,552,0.20535714285714285,0.1577756702899933,0.9877801537513733
0,16,256,shadowkv,128,512,552,0.3382936507936508,0.09784401208162308,0.9947704076766968
0,17,256,lowrank_dense,32,4032,4032,0.566468253968254,0.4955233633518219,0.8998173475265503
0,17,256,lowrank_dense,64,4032,4032,0.6329365079365079,0.2411668300628662,0.977046012878418
0,17,256,lowrank_dense,128,4032,4032,0.7658730158730159,0.10593654960393906,0.9946122765541077
0,17,256,sparse_exact,256,128,168,0.5674603174603174,0.19795329868793488,0.9800143241882324
0,17,256,shadowkv,32,128,168,0.1388888888888889,0.5093109607696533,0.8891638517379761
0,17,256,shadowkv,64,128,168,0.20535714285714285,0.2968788743019104,0.9593656659126282
0,17,256,shadowkv,128,128,168,0.3382936507936508,0.2238256335258484,0.9737480878829956
0,17,256,sparse_exact,256,256,296,0.5674603174603174,0.089260533452034,0.9959021806716919
0,17,256,shadowkv,32,256,296,0.1388888888888889,0.4930773675441742,0.8996427059173584
0,17,256,shadowkv,64,256,296,0.20535714285714285,0.2485256940126419,0.9738138318061829
0,17,256,shadowkv,128,256,296,0.3382936507936508,0.13834582269191742,0.9901042580604553
0,17,256,sparse_exact,256,512,552,0.5674603174603174,0.027298536151647568,0.9995559453964233
0,17,256,shadowkv,32,512,552,0.1388888888888889,0.4926057457923889,0.9003528356552124
0,17,256,shadowkv,64,512,552,0.20535714285714285,0.23865906894207,0.9768757820129395
0,17,256,shadowkv,128,512,552,0.3382936507936508,0.10843633860349655,0.9941056966781616
0,18,256,lowrank_dense,32,4032,4032,0.566468253968254,0.396208792924881,0.9058458209037781
0,18,256,lowrank_dense,64,4032,4032,0.6329365079365079,0.27814939618110657,0.9593721628189087
0,18,256,lowrank_dense,128,4032,4032,0.7658730158730159,0.15385273098945618,0.9868847131729126
0,18,256,sparse_exact,256,128,168,0.5674603174603174,0.3163164556026459,0.9297621846199036
0,18,256,shadowkv,32,128,168,0.1388888888888889,0.500254213809967,0.8486856818199158
0,18,256,shadowkv,64,128,168,0.20535714285714285,0.4338485598564148,0.8899323344230652
0,18,256,shadowkv,128,128,168,0.3382936507936508,0.345505952835083,0.9189977645874023
0,18,256,sparse_exact,256,256,296,0.5674603174603174,0.1824607402086258,0.9754732847213745
0,18,256,shadowkv,32,256,296,0.1388888888888889,0.43088746070861816,0.8874536156654358
0,18,256,shadowkv,64,256,296,0.20535714285714285,0.33963629603385925,0.9328936338424683
0,18,256,shadowkv,128,256,296,0.3382936507936508,0.23290100693702698,0.9631795883178711
0,18,256,sparse_exact,256,512,552,0.5674603174603174,0.07292168587446213,0.996788740158081
0,18,256,shadowkv,32,512,552,0.1388888888888889,0.4069846272468567,0.901862382888794
0,18,256,shadowkv,64,512,552,0.20535714285714285,0.2942098379135132,0.9545509219169617
0,18,256,shadowkv,128,512,552,0.3382936507936508,0.17024865746498108,0.9839977025985718
0,19,256,lowrank_dense,32,4032,4032,0.566468253968254,0.4281838834285736,0.9196084141731262
0,19,256,lowrank_dense,64,4032,4032,0.6329365079365079,0.29868194460868835,0.9738817811012268
0,19,256,lowrank_dense,128,4032,4032,0.7658730158730159,0.09874951094388962,0.9941415786743164
0,19,256,sparse_exact,256,128,168,0.5674603174603174,0.15665069222450256,0.9800121188163757
0,19,256,shadowkv,32,128,168,0.1388888888888889,0.4423072636127472,0.9076748490333557
0,19,256,shadowkv,64,128,168,0.20535714285714285,0.289152592420578,0.9618186950683594
0,19,256,shadowkv,128,128,168,0.3382936507936508,0.2016412913799286,0.9703213572502136
0,19,256,sparse_exact,256,256,296,0.5674603174603174,0.054868221282958984,0.9970858693122864
0,19,256,shadowkv,32,256,296,0.1388888888888889,0.42749154567718506,0.9191052913665771
0,19,256,shadowkv,64,256,296,0.20535714285714285,0.285743772983551,0.9746411442756653
0,19,256,shadowkv,128,256,296,0.3382936507936508,0.11631327122449875,0.9901658892631531
0,19,256,sparse_exact,256,512,552,0.5674603174603174,0.019843826070427895,0.9994637370109558
0,19,256,shadowkv,32,512,552,0.1388888888888889,0.4259132444858551,0.9203938245773315
0,19,256,shadowkv,64,512,552,0.20535714285714285,0.29393646121025085,0.9750012755393982
0,19,256,shadowkv,128,512,552,0.3382936507936508,0.09935910999774933,0.9937103986740112
0,20,256,lowrank_dense,32,4032,4032,0.566468253968254,0.5525654554367065,0.8001317381858826
0,20,256,lowrank_dense,64,4032,4032,0.6329365079365079,0.3261282742023468,0.9386035203933716
0,20,256,lowrank_dense,128,4032,4032,0.7658730158730159,0.15907466411590576,0.9874532222747803
0,20,256,sparse_exact,256,128,168,0.5674603174603174,0.25913625955581665,0.9177964925765991
0,20,256,shadowkv,32,128,168,0.1388888888888889,0.5397427678108215,0.7799820899963379
0,20,256,shadowkv,64,128,168,0.20535714285714285,0.3749608099460602,0.873993456363678
0,20,256,shadowkv,128,128,168,0.3382936507936508,0.2990129292011261,0.9086318016052246
0,20,256,sparse_exact,256,256,296,0.5674603174603174,0.16712573170661926,0.96256422996521
0,20,256,shadowkv,32,256,296,0.1388888888888889,0.5235008597373962,0.8038066029548645
0,20,256,shadowkv,64,256,296,0.20535714285714285,0.3404441475868225,0.9102611541748047
0,20,256,shadowkv,128,256,296,0.3382936507936508,0.22979553043842316,0.9522404670715332
0,20,256,sparse_exact,256,512,552,0.5674603174603174,0.06690223515033722,0.9903738498687744
0,20,256,shadowkv,32,512,552,0.1388888888888889,0.5228965878486633,0.8058723211288452
0,20,256,shadowkv,64,512,552,0.20535714285714285,0.3222009539604187,0.9319741129875183
0,20,256,shadowkv,128,512,552,0.3382936507936508,0.17035920917987823,0.9797397255897522
0,21,256,lowrank_dense,32,4032,4032,0.566468253968254,0.5250909328460693,0.846781313419342
0,21,256,lowrank_dense,64,4032,4032,0.6329365079365079,0.3043290078639984,0.9274923205375671
0,21,256,lowrank_dense,128,4032,4032,0.7658730158730159,0.20501120388507843,0.9790364503860474
0,21,256,sparse_exact,256,128,168,0.5674603174603174,0.31848952174186707,0.9366273283958435
0,21,256,shadowkv,32,128,168,0.1388888888888889,0.5413391590118408,0.8329631090164185
0,21,256,shadowkv,64,128,168,0.20535714285714285,0.39211976528167725,0.8904199600219727
0,21,256,shadowkv,128,128,168,0.3382936507936508,0.3170814514160156,0.9324010610580444
0,21,256,sparse_exact,256,256,296,0.5674603174603174,0.1775977462530136,0.9784489274024963
0,21,256,shadowkv,32,256,296,0.1388888888888889,0.514225959777832,0.8448438048362732
0,21,256,shadowkv,64,256,296,0.20535714285714285,0.32826024293899536,0.9168301224708557
0,21,256,shadowkv,128,256,296,0.3382936507936508,0.2064148336648941,0.9695484638214111
0,21,256,sparse_exact,256,512,552,0.5674603174603174,0.0504646897315979,0.9974782466888428
0,21,256,shadowkv,32,512,552,0.1388888888888889,0.49654653668403625,0.8541792035102844
0,21,256,shadowkv,64,512,552,0.20535714285714285,0.30810242891311646,0.9246017932891846
0,21,256,shadowkv,128,512,552,0.3382936507936508,0.15380311012268066,0.9828453660011292
1,0,256,lowrank_dense,32,4032,4032,0.566468253968254,0.018919257447123528,0.9999035596847534
1,0,256,lowrank_dense,64,4032,4032,0.6329365079365079,0.004161905962973833,0.9999954104423523
1,0,256,lowrank_dense,128,4032,4032,0.7658730158730159,0.0006301550311036408,0.9999999403953552
1,0,256,sparse_exact,256,128,168,0.5674603174603174,0.6614952683448792,0.6962231397628784
1,0,256,shadowkv,32,128,168,0.1388888888888889,0.661483108997345,0.696397066116333
1,0,256,shadowkv,64,128,168,0.20535714285714285,0.6615135073661804,0.6961824893951416
1,0,256,shadowkv,128,128,168,0.3382936507936508,0.6615010499954224,0.6961984634399414
1,0,256,sparse_exact,256,256,296,0.5674603174603174,0.49739471077919006,0.7630850672721863
1,0,256,shadowkv,32,256,296,0.1388888888888889,0.49722468852996826,0.7634520530700684
1,0,256,shadowkv,64,256,296,0.20535714285714285,0.4974370300769806,0.7630304098129272
1,0,256,shadowkv,128,256,296,0.3382936507936508,0.4973965287208557,0.763064444065094
1,0,256,sparse_exact,256,512,552,0.5674603174603174,0.3427288830280304,0.8562936782836914
1,0,256,shadowkv,32,512,552,0.1388888888888889,0.34251758456230164,0.8565737009048462
1,0,256,shadowkv,64,512,552,0.20535714285714285,0.34283342957496643,0.8562636375427246
1,0,256,shadowkv,128,512,552,0.3382936507936508,0.34273168444633484,0.8562808036804199
1,1,256,lowrank_dense,32,4032,4032,0.566468253968254,0.12305359542369843,0.9933364987373352
1,1,256,lowrank_dense,64,4032,4032,0.6329365079365079,0.06014057993888855,0.9983829855918884
1,1,256,lowrank_dense,128,4032,4032,0.7658730158730159,0.020800532773137093,0.9997861385345459
1,1,256,sparse_exact,256,128,168,0.5674603174603174,0.6149235367774963,0.8863242268562317
1,1,256,shadowkv,32,128,168,0.1388888888888889,0.5932718515396118,0.8831620812416077
1,1,256,shadowkv,64,128,168,0.20535714285714285,0.6104535460472107,0.8846423029899597
1,1,256,shadowkv,128,128,168,0.3382936507936508,0.6142377853393555,0.8859587907791138
1,1,256,sparse_exact,256,256,296,0.5674603174603174,0.37778687477111816,0.9524747133255005
1,1,256,shadowkv,32,256,296,0.1388888888888889,0.3713230788707733,0.9479061961174011
1,1,256,shadowkv,64,256,296,0.20535714285714285,0.3751817047595978,0.9510878920555115
1,1,256,shadowkv,128,256,296,0.3382936507936508,0.3772664964199066,0.9521401524543762
1,1,256,sparse_exact,256,512,552,0.5674603174603174,0.1895371526479721,0.9861462116241455
1,1,256,shadowkv,32,512,552,0.1388888888888889,0.208206906914711,0.9809814095497131
1,1,256,shadowkv,64,512,552,0.20535714285714285,0.19453462958335876,0.9848052263259888
1,1,256,shadowkv,128,512,552,0.3382936507936508,0.1900230348110199,0.9859512448310852
1,2,256,lowrank_dense,32,4032,4032,0.566468253968254,0.4050481617450714,0.9234588742256165
1,2,256,lowrank_dense,64,4032,4032,0.6329365079365079,0.24321791529655457,0.9768520593643188
1,2,256,lowrank_dense,128,4032,4032,0.7658730158730159,0.10322980582714081,0.9948757886886597
1,2,256,sparse_exact,256,128,168,0.5674603174603174,0.42375466227531433,0.9038045406341553
1,2,256,shadowkv,32,128,168,0.1388888888888889,0.4576270282268524,0.8544800877571106
1,2,256,shadowkv,64,128,168,0.20535714285714285,0.44691917300224304,0.8814818859100342
1,2,256,shadowkv,128,128,168,0.3382936507936508,0.3909262716770172,0.9055188894271851
1,2,256,sparse_exact,256,256,296,0.5674603174603174,0.22467513382434845,0.9645297527313232
1,2,256,shadowkv,32,256,296,0.1388888888888889,0.4082275927066803,0.9020559191703796
1,2,256,shadowkv,64,256,296,0.20535714285714285,0.3061724901199341,0.9435510635375977
1,2,256,shadowkv,128,256,296,0.3382936507936508,0.2078755646944046,0.9646385312080383
1,2,256,sparse_exact,256,512,552,0.5674603174603174,0.0900268703699112,0.9926033616065979
1,2,256,shadowkv,32,512,552,0.1388888888888889,0.3990180790424347,0.9223605394363403
1,2,256,shadowkv,64,512,552,0.20535714285714285,0.2477162778377533,0.9719038009643555
1,2,256,shadowkv,128,512,552,0.3382936507936508,0.11247102171182632,0.9902044534683228
1,3,256,lowrank_dense,32,4032,4032,0.566468253968254,0.21059687435626984,0.9783318042755127
1,3,256,lowrank_dense,64,4032,4032,0.6329365079365079,0.11817441135644913,0.9924473166465759
1,3,256,lowrank_dense,128,4032,4032,0.7658730158730159,0.04885345697402954,0.9987594485282898
1,3,256,sparse_exact,256,128,168,0.5674603174603174,0.4473075568675995,0.9107558131217957
1,3,256,shadowkv,32,128,168,0.1388888888888889,0.44614025950431824,0.9048293828964233
1,3,256,shadowkv,64,128,168,0.20535714285714285,0.43185359239578247,0.9119113683700562
1,3,256,shadowkv,128,128,168,0.3382936507936508,0.4510330557823181,0.9103764295578003
1,3,256,sparse_exact,256,256,296,0.5674603174603174,0.23902973532676697,0.9698166847229004
1,3,256,shadowkv,32,256,296,0.1388888888888889,0.289823442697525,0.955767035484314
1,3,256,shadowkv,64,256,296,0.20535714285714285,0.24443107843399048,0.9663305282592773
1,3,256,shadowkv,128,256,296,0.3382936507936508,0.24324728548526764,0.9695718884468079
1,3,256,sparse_exact,256,512,552,0.5674603174603174,0.10567872226238251,0.9934986233711243
1,3,256,shadowkv,32,512,552,0.1388888888888889,0.2223789542913437,0.9749194979667664
1,3,256,shadowkv,64,512,552,0.20535714285714285,0.14216291904449463,0.9882670044898987
1,3,256,shadowkv,128,512,552,0.3382936507936508,0.11359980702400208,0.9928718209266663
1,4,256,lowrank_dense,32,4032,4032,0.566468253968254,0.36364564299583435,0.9356245994567871
1,4,256,lowrank_dense,64,4032,4032,0.6329365079365079,0.20652341842651367,0.977796733379364
1,4,256,lowrank_dense,128,4032,4032,0.7658730158730159,0.09819228202104568,0.9938478469848633
1,4,256,sparse_exact,256,128,168,0.5674603174603174,0.265646368265152,0.9696286916732788
1,4,256,shadowkv,32,128,168,0.1388888888888889,0.3556361496448517,0.9258208870887756
1,4,256,shadowkv,64,128,168,0.20535714285714285,0.3266964554786682,0.9494092464447021
1,4,256,shadowkv,128,128,168,0.3382936507936508,0.3023410141468048,0.9646993279457092
1,4,256,sparse_exact,256,256,296,0.5674603174603174,0.1128840520977974,0.9942587614059448
1,4,256,shadowkv,32,256,296,0.1388888888888889,0.33018502593040466,0.9461574554443359
1,4,256,shadowkv,64,256,296,0.20535714285714285,0.23415662348270416,0.9733113050460815
1,4,256,shadowkv,128,256,296,0.3382936507936508,0.16567301750183105,0.988570511341095
1,4,256,sparse_exact,256,512,552,0.5674603174603174,0.04571358859539032,0.9989492297172546
1,4,256,shadowkv,32,512,552,0.1388888888888889,0.34074828028678894,0.9459548592567444
1,4,256,shadowkv,64,512,552,0.20535714285714285,0.21038123965263367,0.9778323173522949
1,4,256,shadowkv,128,512,552,0.3382936507936508,0.11535333096981049,0.9931983351707458
1,5,256,lowrank_dense,32,4032,4032,0.566468253968254,0.22564595937728882,0.9672383069992065
1,5,256,lowrank_dense,64,4032,4032,0.6329365079365079,0.1576676219701767,0.9873888492584229
1,5,256,lowrank_dense,128,4032,4032,0.7658730158730159,0.0782119557261467,0.9971529245376587
1,5,256,sparse_exact,256,128,168,0.5674603174603174,0.27434101700782776,0.9637245535850525
1,5,256,shadowkv,32,128,168,0.1388888888888889,0.35831472277641296,0.9311376214027405
1,5,256,shadowkv,64,128,168,0.20535714285714285,0.3098081350326538,0.9557080268859863
1,5,256,shadowkv,128,128,168,0.3382936507936508,0.2805362343788147,0.9634832739830017
1,5,256,sparse_exact,256,256,296,0.5674603174603174,0.15551429986953735,0.98591148853302
1,5,256,shadowkv,32,256,296,0.1388888888888889,0.2762894332408905,0.9527053833007812
1,5,256,shadowkv,64,256,296,0.20535714285714285,0.21535079181194305,0.9761545062065125
1,5,256,shadowkv,128,256,296,0.3382936507936508,0.16821405291557312,0.98476642370224
1,5,256,sparse_exact,256,512,552,0.5674603174603174,0.07550983875989914,0.9959570169448853
1,5,256,shadowkv,32,512,552,0.1388888888888889,0.2388714849948883,0.9628633260726929
1,5,256,shadowkv,64,512,552,0.20535714285714285,0.17114606499671936,0.9846218228340149
1,5,256,shadowkv,128,512,552,0.3382936507936508,0.10310252010822296,0.9938395023345947
1,6,256,lowrank_dense,32,4032,4032,0.566468253968254,0.32858315110206604,0.933245062828064
1,6,256,lowrank_dense,64,4032,4032,0.6329365079365079,0.2142135500907898,0.9714053869247437
1,6,256,lowrank_dense,128,4032,4032,0.7658730158730159,0.11075292527675629,0.9939267039299011
1,6,256,sparse_exact,256,128,168,0.5674603174603174,0.37642383575439453,0.9407360553741455
1,6,256,shadowkv,32,128,168,0.1388888888888889,0.4749041199684143,0.8923690319061279
1,6,256,shadowkv,64,128,168,0.20535714285714285,0.3882441818714142,0.9275096654891968
1,6,256,shadowkv,128,128,168,0.3382936507936508,0.40701133012771606,0.930074155330658
1,6,256,sparse_exact,256,256,296,0.5674603174603174,0.22445665299892426,0.9799972772598267
1,6,256,shadowkv,32,256,296,0.1388888888888889,0.37764972448349,0.9243079423904419
1,6,256,shadowkv,64,256,296,0.20535714285714285,0.2754212021827698,0.9609525203704834
1,6,256,shadowkv,128,256,296,0.3382936507936508,0.2580845057964325,0.971720814704895
1,6,256,sparse_exact,256,512,552,0.5674603174603174,0.045536309480667114,0.9990101456642151
1,6,256,shadowkv,32,512,552,0.1388888888888889,0.32304978370666504,0.9370632767677307
1,6,256,shadowkv,64,512,552,0.20535714285714285,0.20997363328933716,0.9734291434288025
1,6,256,shadowkv,128,512,552,0.3382936507936508,0.11492730677127838,0.9936132431030273
1,7,256,lowrank_dense,32,4032,4032,0.566468253968254,0.27416181564331055,0.9820877909660339
1,7,256,lowrank_dense,64,4032,4032,0.6329365079365079,0.13519662618637085,0.994441568851471
1,7,256,lowrank_dense,128,4032,4032,0.7658730158730159,0.046733930706977844,0.999007523059845
1,7,256,sparse_exact,256,128,168,0.5674603174603174,0.308731347322464,0.9325032234191895
1,7,256,shadowkv,32,128,168,0.1388888888888889,0.35507524013519287,0.9213280081748962
1,7,256,shadowkv,64,128,168,0.20535714285714285,0.29463884234428406,0.9306217432022095
1,7,256,shadowkv,128,128,168,0.3382936507936508,0.2984600067138672,0.9349349737167358
1,7,256,sparse_exact,256,256,296,0.5674603174603174,0.18122389912605286,0.9737507700920105
1,7,256,shadowkv,32,256,296,0.1388888888888889,0.28845086693763733,0.9643449783325195
1,7,256,shadowkv,64,256,296,0.20535714285714285,0.19349117577075958,0.9713584184646606
1,7,256,shadowkv,128,256,296,0.3382936507936508,0.17543144524097443,0.9755728840827942
1,7,256,sparse_exact,256,512,552,0.5674603174603174,0.09648402780294418,0.9921376705169678
1,7,256,shadowkv,32,512,552,0.1388888888888889,0.2841009795665741,0.9782878756523132
1,7,256,shadowkv,64,512,552,0.20535714285714285,0.15686924755573273,0.9882405400276184
1,7,256,shadowkv,128,512,552,0.3382936507936508,0.10267490148544312,0.9923584461212158
1,8,256,lowrank_dense,32,4032,4032,0.566468253968254,0.45640841126441956,0.9264318346977234
1,8,256,lowrank_dense,64,4032,4032,0.6329365079365079,0.24682246148586273,0.9764597415924072
1,8,256,lowrank_dense,128,4032,4032,0.7658730158730159,0.10179056227207184,0.9929671287536621
1,8,256,sparse_exact,256,128,168,0.5674603174603174,0.40296491980552673,0.9398705363273621
1,8,256,shadowkv,32,128,168,0.1388888888888889,0.6037590503692627,0.8832414150238037
1,8,256,shadowkv,64,128,168,0.20535714285714285,0.4660196304321289,0.9249392151832581
1,8,256,shadowkv,128,128,168,0.3382936507936508,0.40425604581832886,0.9384597539901733
1,8,256,sparse_exact,256,256,296,0.5674603174603174,0.24378231167793274,0.9693603515625
1,8,256,shadowkv,32,256,296,0.1388888888888889,0.5397265553474426,0.9039276242256165
1,8,256,shadowkv,64,256,296,0.20535714285714285,0.3574792444705963,0.9507052898406982
1,8,256,shadowkv,128,256,296,0.3382936507936508,0.2574523687362671,0.9669495820999146
1,8,256,sparse_exact,256,512,552,0.5674603174603174,0.09983222931623459,0.9890715479850769
1,8,256,shadowkv,32,512,552,0.1388888888888889,0.4792477488517761,0.9252465963363647
1,8,256,shadowkv,64,512,552,0.20535714285714285,0.27580851316452026,0.9713018536567688
1,8,256,shadowkv,128,512,552,0.3382936507936508,0.13798925280570984,0.9865889549255371
1,9,256,lowrank_dense,32,4032,4032,0.566468253968254,0.24842560291290283,0.9716383218765259
1,9,256,lowrank_dense,64,4032,4032,0.6329365079365079,0.1661694496870041,0.9880667924880981
1,9,256,lowrank_dense,128,4032,4032,0.7658730158730159,0.09593120962381363,0.996404230594635
1,9,256,sparse_exact,256,128,168,0.5674603174603174,0.3085833787918091,0.965425431728363
1,9,256,shadowkv,32,128,168,0.1388888888888889,0.3751664459705353,0.9400264620780945
1,9,256,shadowkv,64,128,168,0.20535714285714285,0.33856555819511414,0.9528655409812927
1,9,256,shadowkv,128,128,168,0.3382936507936508,0.31914809346199036,0.9614407420158386
1,9,256,sparse_exact,256,256,296,0.5674603174603174,0.1418081521987915,0.990723192691803
1,9,256,shadowkv,32,256,296,0.1388888888888889,0.28285109996795654,0.9623349905014038
1,9,256,shadowkv,64,256,296,0.20535714285714285,0.21609435975551605,0.9777775406837463
1,9,256,shadowkv,128,256,296,0.3382936507936508,0.17171169817447662,0.9865305423736572
1,9,256,sparse_exact,256,512,552,0.5674603174603174,0.05829186365008354,0.9982014298439026
1,9,256,shadowkv,32,512,552,0.1388888888888889,0.2557254433631897,0.9694595336914062
1,9,256,shadowkv,64,512,552,0.20535714285714285,0.1762123703956604,0.9857597351074219
1,9,256,shadowkv,128,512,552,0.3382936507936508,0.11364542692899704,0.9942793250083923
1,10,256,lowrank_dense,32,4032,4032,0.566468253968254,0.3195318579673767,0.9550820589065552
1,10,256,lowrank_dense,64,4032,4032,0.6329365079365079,0.21665096282958984,0.9781879186630249
1,10,256,lowrank_dense,128,4032,4032,0.7658730158730159,0.11071956902742386,0.9935024380683899
1,10,256,sparse_exact,256,128,168,0.5674603174603174,0.47658079862594604,0.6994134187698364
1,10,256,shadowkv,32,128,168,0.1388888888888889,0.5416940450668335,0.6197752952575684
1,10,256,shadowkv,64,128,168,0.20535714285714285,0.48637115955352783,0.6896186470985413
1,10,256,shadowkv,128,128,168,0.3382936507936508,0.47832897305488586,0.6990406513214111
1,10,256,sparse_exact,256,256,296,0.5674603174603174,0.3836207985877991,0.7978309392929077
1,10,256,shadowkv,32,256,296,0.1388888888888889,0.47622615098953247,0.7256524562835693
1,10,256,shadowkv,64,256,296,0.20535714285714285,0.39391037821769714,0.7919734716415405
1,10,256,shadowkv,128,256,296,0.3382936507936508,0.3879072666168213,0.7959003448486328
1,10,256,sparse_exact,256,512,552,0.5674603174603174,0.281948447227478,0.9120917916297913
1,10,256,shadowkv,32,512,552,0.1388888888888889,0.42489856481552124,0.8491870164871216
1,10,256,shadowkv,64,512,552,0.20535714285714285,0.30831363797187805,0.9027385115623474
1,10,256,shadowkv,128,512,552,0.3382936507936508,0.289185106754303,0.909022867679596
1,11,256,lowrank_dense,32,4032,4032,0.566468253968254,0.22990921139717102,0.9792690277099609
1,11,256,lowrank_dense,64,4032,4032,0.6329365079365079,0.13199679553508759,0.9927217364311218
1,11,256,lowrank_dense,128,4032,4032,0.7658730158730159,0.0530489981174469,0.9987510442733765
1,11,256,sparse_exact,256,128,168,0.5674603174603174,0.45690780878067017,0.9133737683296204
1,11,256,shadowkv,32,128,168,0.1388888888888889,0.521593451499939,0.8873084783554077
1,11,256,shadowkv,64,128,168,0.20535714285714285,0.4833562970161438,0.9070861339569092
1,11,256,shadowkv,128,128,168,0.3382936507936508,0.46207544207572937,0.9129170775413513
1,11,256,sparse_exact,256,256,296,0.5674603174603174,0.2672261893749237,0.9635284543037415
1,11,256,shadowkv,32,256,296,0.1388888888888889,0.3673969805240631,0.9374602437019348
1,11,256,shadowkv,64,256,296,0.20535714285714285,0.30619287490844727,0.9561954736709595
1,11,256,shadowkv,128,256,296,0.3382936507936508,0.2735300660133362,0.963216245174408
1,11,256,sparse_exact,256,512,552,0.5674603174603174,0.1238274872303009,0.9904752969741821
1,11,256,shadowkv,32,512,552,0.1388888888888889,0.2719554305076599,0.9663625955581665
1,11,256,shadowkv,64,512,552,0.20535714285714285,0.18738976120948792,0.9826677441596985
1,11,256,shadowkv,128,512,552,0.3382936507936508,0.13516651093959808,0.9895975589752197
1,12,256,lowrank_dense,32,4032,4032,0.566468253968254,0.17519058287143707,0.9857767224311829
1,12,256,lowrank_dense,64,4032,4032,0.6329365079365079,0.10902714729309082,0.9950569272041321
1,12,256,lowrank_dense,128,4032,4032,0.7658730158730159,0.06071355938911438,0.9984349012374878
1,12,256,sparse_exact,256,128,168,0.5674603174603174,0.2683534026145935,0.9701720476150513
1,12,256,shadowkv,32,128,168,0.1388888888888889,0.3025258779525757,0.9572584629058838
1,12,256,shadowkv,64,128,168,0.20535714285714285,0.2925989031791687,0.9643244743347168
1,12,256,shadowkv,128,128,168,0.3382936507936508,0.2676997482776642,0.9694015979766846
1,12,256,sparse_exact,256,256,296,0.5674603174603174,0.1383982002735138,0.9922571778297424
1,12,256,shadowkv,32,256,296,0.1388888888888889,0.21025130152702332,0.9787164926528931
1,12,256,shadowkv,64,256,296,0.20535714285714285,0.1754114031791687,0.9873512387275696
1,12,256,shadowkv,128,256,296,0.3382936507936508,0.1474793702363968,0.9907810091972351
1,12,256,sparse_exact,256,512,552,0.5674603174603174,0.05386793240904808,0.998696506023407
1,12,256,shadowkv,32,512,552,0.1388888888888889,0.18067871034145355,0.9841080904006958
1,12,256,shadowkv,64,512,552,0.20535714285714285,0.12176625430583954,0.9937465190887451
1,12,256,shadowkv,128,512,552,0.3382936507936508,0.08036009967327118,0.997109591960907
1,13,256,lowrank_dense,32,4032,4032,0.566468253968254,0.30516719818115234,0.9675435423851013
1,13,256,lowrank_dense,64,4032,4032,0.6329365079365079,0.21316468715667725,0.9840395450592041
1,13,256,lowrank_dense,128,4032,4032,0.7658730158730159,0.0981227308511734,0.9970135688781738
1,13,256,sparse_exact,256,128,168,0.5674603174603174,0.5302697420120239,0.8615231513977051
1,13,256,shadowkv,32,128,168,0.1388888888888889,0.533493161201477,0.8506325483322144
1,13,256,shadowkv,64,128,168,0.20535714285714285,0.5072689056396484,0.8570451736450195
1,13,256,shadowkv,128,128,168,0.3382936507936508,0.5023669600486755,0.861092209815979
1,13,256,sparse_exact,256,256,296,0.5674603174603174,0.3060067892074585,0.9393091201782227
1,13,256,shadowkv,32,256,296,0.1388888888888889,0.38483768701553345,0.9201772809028625
1,13,256,shadowkv,64,256,296,0.20535714285714285,0.3341107964515686,0.9297811985015869
1,13,256,shadowkv,128,256,296,0.3382936507936508,0.2946023941040039,0.9378665089607239
1,13,256,sparse_exact,256,512,552,0.5674603174603174,0.15394172072410583,0.9786235094070435
1,13,256,shadowkv,32,512,552,0.1388888888888889,0.31279608607292175,0.9553969502449036
1,13,256,shadowkv,64,512,552,0.20535714285714285,0.24092385172843933,0.9672722816467285
1,13,256,shadowkv,128,512,552,0.3382936507936508,0.16690853238105774,0.9764733910560608
1,14,256,lowrank_dense,32,4032,4032,0.566468253968254,0.1960516721010208,0.9865065217018127
1,14,256,lowrank_dense,64,4032,4032,0.6329365079365079,0.13096065819263458,0.9938659071922302
1,14,256,lowrank_dense,128,4032,4032,0.7658730158730159,0.06272013485431671,0.9989645481109619
1,14,256,sparse_exact,256,128,168,0.5674603174603174,0.5632370710372925,0.825934886932373
1,14,256,shadowkv,32,128,168,0.1388888888888889,0.588870108127594,0.8066636919975281
1,14,256,shadowkv,64,128,168,0.20535714285714285,0.564721941947937,0.8198610544204712
1,14,256,shadowkv,128,128,168,0.3382936507936508,0.5726844668388367,0.8241381645202637
1,14,256,sparse_exact,256,256,296,0.5674603174603174,0.43017148971557617,0.9207175374031067
1,14,256,shadowkv,32,256,296,0.1388888888888889,0.4670737385749817,0.9023785591125488
1,14,256,shadowkv,64,256,296,0.20535714285714285,0.4388855993747711,0.9147377610206604
1,14,256,shadowkv,128,256,296,0.3382936507936508,0.43880149722099304,0.919031023979187
1,14,256,sparse_exact,256,512,552,0.5674603174603174,0.24512431025505066,0.9743776321411133
1,14,256,shadowkv,32,512,552,0.1388888888888889,0.30169808864593506,0.9583621025085449
1,14,256,shadowkv,64,512,552,0.20535714285714285,0.267198771238327,0.9684144258499146
1,14,256,shadowkv,128,512,552,0.3382936507936508,0.25428447127342224,0.9728166460990906
1,15,256,lowrank_dense,32,4032,4032,0.566468253968254,0.2760125994682312,0.965480387210846
1,15,256,lowrank_dense,64,4032,4032,0.6329365079365079,0.15433421730995178,0.9891672730445862
1,15,256,lowrank_dense,128,4032,4032,0.7658730158730159,0.08040659874677658,0.9970571994781494
1,15,256,sparse_exact,256,128,168,0.5674603174603174,0.5727853178977966,0.7785817384719849
1,15,256,shadowkv,32,128,168,0.1388888888888889,0.6152003407478333,0.7511239647865295
1,15,256,shadowkv,64,128,168,0.20535714285714285,0.5608894228935242,0.7730729579925537
1,15,256,shadowkv,128,128,168,0.3382936507936508,0.5773520469665527,0.7774454355239868
1,15,256,sparse_exact,256,256,296,0.5674603174603174,0.40213751792907715,0.866100013256073
1,15,256,shadowkv,32,256,296,0.1388888888888889,0.4664069414138794,0.8417795896530151
1,15,256,shadowkv,64,256,296,0.20535714285714285,0.4069368243217468,0.8608412742614746
1,15,256,shadowkv,128,256,296,0.3382936507936508,0.4020704925060272,0.8653422594070435
1,15,256,sparse_exact,256,512,552,0.5674603174603174,0.2297353446483612,0.9409521222114563
1,15,256,shadowkv,32,512,552,0.1388888888888889,0.3456327021121979,0.9148972034454346
1,15,256,shadowkv,64,512,552,0.20535714285714285,0.25788214802742004,0.9343324303627014
1,15,256,shadowkv,128,512,552,0.3382936507936508,0.23620028793811798,0.9397696256637573
1,16,256,lowrank_dense,32,4032,4032,0.566468253968254,0.2401297390460968,0.9693554639816284
1,16,256,lowrank_dense,64,4032,4032,0.6329365079365079,0.16682779788970947,0.9846410155296326
1,16,256,lowrank_dense,128,4032,4032,0.7658730158730159,0.07229786366224289,0.9974223971366882
1,16,256,sparse_exact,256,128,168,0.5674603174603174,0.4015582501888275,0.94559645652771
1,16,256,shadowkv,32,128,168,0.1388888888888889,0.4411589205265045,0.9279379844665527
1,16,256,shadowkv,64,128,168,0.20535714285714285,0.40111836791038513,0.9387097358703613
1,16,256,shadowkv,128,128,168,0.3382936507936508,0.3955717980861664,0.9456000328063965
1,16,256,sparse_exact,256,256,296,0.5674603174603174,0.20353083312511444,0.9843190312385559
1,16,256,shadowkv,32,256,296,0.1388888888888889,0.3148660361766815,0.9555773735046387
1,16,256,shadowkv,64,256,296,0.20535714285714285,0.25237640738487244,0.9708020091056824
1,16,256,shadowkv,128,256,296,0.3382936507936508,0.20795892179012299,0.9830242991447449
1,16,256,sparse_exact,256,512,552,0.5674603174603174,0.10034914314746857,0.9953937530517578
1,16,256,shadowkv,32,512,552,0.1388888888888889,0.25986719131469727,0.9649702906608582
1,16,256,shadowkv,64,512,552,0.20535714285714285,0.19204555451869965,0.9802689552307129
1,16,256,shadowkv,128,512,552,0.3382936507936508,0.11821997910737991,0.9931808114051819
1,17,256,lowrank_dense,32,4032,4032,0.566468253968254,0.4609142541885376,0.9210615754127502
1,17,256,lowrank_dense,64,4032,4032,0.6329365079365079,0.2983126938343048,0.9640694260597229
1,17,256,lowrank_dense,128,4032,4032,0.7658730158730159,0.12376342713832855,0.992732048034668
1,17,256,sparse_exact,256,128,168,0.5674603174603174,0.18238511681556702,0.9863964915275574
1,17,256,shadowkv,32,128,168,0.1388888888888889,0.4965151250362396,0.9022343158721924
1,17,256,shadowkv,64,128,168,0.20535714285714285,0.3492647409439087,0.9479756951332092
1,17,256,shadowkv,128,128,168,0.3382936507936508,0.2301083654165268,0.9780907034873962
1,17,256,sparse_exact,256,256,296,0.5674603174603174,0.08417579531669617,0.9969522953033447
1,17,256,shadowkv,32,256,296,0.1388888888888889,0.46819746494293213,0.9162156581878662
1,17,256,shadowkv,64,256,296,0.20535714285714285,0.30640363693237305,0.9602547883987427
1,17,256,shadowkv,128,256,296,0.3382936507936508,0.14817827939987183,0.9900834560394287
1,17,256,sparse_exact,256,512,552,0.5674603174603174,0.027436157688498497,0.9996407628059387
1,17,256,shadowkv,32,512,552,0.1388888888888889,0.4685039818286896,0.9195160269737244
1,17,256,shadowkv,64,512,552,0.20535714285714285,0.3018507957458496,0.9637033939361572
1,17,256,shadowkv,128,512,552,0.3382936507936508,0.12656773626804352,0.992487907409668
1,18,256,lowrank_dense,32,4032,4032,0.566468253968254,0.4554824233055115,0.8987345099449158
1,18,256,lowrank_dense,64,4032,4032,0.6329365079365079,0.29294145107269287,0.9514150619506836
1,18,256,lowrank_dense,128,4032,4032,0.7658730158730159,0.16637511551380157,0.9837037324905396
1,18,256,sparse_exact,256,128,168,0.5674603174603174,0.37410688400268555,0.9220849871635437
1,18,256,shadowkv,32,128,168,0.1388888888888889,0.5688517093658447,0.8390426635742188
1,18,256,shadowkv,64,128,168,0.20535714285714285,0.4547024369239807,0.8806305527687073
1,18,256,shadowkv,128,128,168,0.3382936507936508,0.3949260115623474,0.909293532371521
1,18,256,sparse_exact,256,256,296,0.5674603174603174,0.18853206932544708,0.9780942797660828
1,18,256,shadowkv,32,256,296,0.1388888888888889,0.4971611499786377,0.881211519241333
1,18,256,shadowkv,64,256,296,0.20535714285714285,0.3371560871601105,0.9331675171852112
1,18,256,shadowkv,128,256,296,0.3382936507936508,0.2415403574705124,0.9639232158660889
1,18,256,sparse_exact,256,512,552,0.5674603174603174,0.06758919358253479,0.9975402355194092
1,18,256,shadowkv,32,512,552,0.1388888888888889,0.4652916193008423,0.8972854614257812
1,18,256,shadowkv,64,512,552,0.20535714285714285,0.295913428068161,0.95085209608078
1,18,256,shadowkv,128,512,552,0.3382936507936508,0.1748771071434021,0.9822108149528503
1,19,256,lowrank_dense,32,4032,4032,0.566468253968254,0.41676321625709534,0.9031171798706055
1,19,256,lowrank_dense,64,4032,4032,0.6329365079365079,0.31782421469688416,0.9486697912216187
1,19,256,lowrank_dense,128,4032,4032,0.7658730158730159,0.17046914994716644,0.9874005913734436
1,19,256,sparse_exact,256,128,168,0.5674603174603174,0.1742807924747467,0.9796171188354492
1,19,256,shadowkv,32,128,168,0.1388888888888889,0.43445688486099243,0.8935659527778625
1,19,256,shadowkv,64,128,168,0.20535714285714285,0.34040722250938416,0.9351227879524231
1,19,256,shadowkv,128,128,168,0.3382936507936508,0.2419397383928299,0.9678707718849182
1,19,256,sparse_exact,256,256,296,0.5674603174603174,0.11371645331382751,0.9887748956680298
1,19,256,shadowkv,32,256,296,0.1388888888888889,0.4207609295845032,0.900912344455719
1,19,256,shadowkv,64,256,296,0.20535714285714285,0.3265097439289093,0.9416249394416809
1,19,256,shadowkv,128,256,296,0.3382936507936508,0.20594213902950287,0.9764219522476196
1,19,256,sparse_exact,256,512,552,0.5674603174603174,0.08315720409154892,0.9937520027160645
1,19,256,shadowkv,32,512,552,0.1388888888888889,0.4168168902397156,0.9027220010757446
1,19,256,shadowkv,64,512,552,0.20535714285714285,0.32382118701934814,0.9438909292221069
1,19,256,shadowkv,128,512,552,0.3382936507936508,0.1895476132631302,0.9813427329063416
1,20,256,lowrank_dense,32,4032,4032,0.566468253968254,0.5220581293106079,0.821171760559082
1,20,256,lowrank_dense,64,4032,4032,0.6329365079365079,0.27587586641311646,0.9457723498344421
1,20,256,lowrank_dense,128,4032,4032,0.7658730158730159,0.1350930780172348,0.9862468242645264
1,20,256,sparse_exact,256,128,168,0.5674603174603174,0.248765230178833,0.9044378995895386
1,20,256,shadowkv,32,128,168,0.1388888888888889,0.5155624151229858,0.7846091985702515
1,20,256,shadowkv,64,128,168,0.20535714285714285,0.3576943576335907,0.8679388761520386
1,20,256,shadowkv,128,128,168,0.3382936507936508,0.2631046772003174,0.8937914967536926
1,20,256,sparse_exact,256,256,296,0.5674603174603174,0.10743546485900879,0.9551467895507812
1,20,256,shadowkv,32,256,296,0.1388888888888889,0.49923571944236755,0.8129906058311462
1,20,256,shadowkv,64,256,296,0.20535714285714285,0.2975538372993469,0.911832332611084
1,20,256,shadowkv,128,256,296,0.3382936507936508,0.16059930622577667,0.9426174759864807
1,20,256,sparse_exact,256,512,552,0.5674603174603174,0.06270813196897507,0.9818925857543945
1,20,256,shadowkv,32,512,552,0.1388888888888889,0.51008141040802,0.8271303176879883
1,20,256,shadowkv,64,512,552,0.20535714285714285,0.2797289490699768,0.9375534653663635
1,20,256,shadowkv,128,512,552,0.3382936507936508,0.13850504159927368,0.9701976776123047
1,21,256,lowrank_dense,32,4032,4032,0.566468253968254,0.6227954626083374,0.8175889849662781
1,21,256,lowrank_dense,64,4032,4032,0.6329365079365079,0.3878297209739685,0.9245430827140808
1,21,256,lowrank_dense,128,4032,4032,0.7658730158730159,0.21390509605407715,0.9731654524803162
1,21,256,sparse_exact,256,128,168,0.5674603174603174,0.47907283902168274,0.9140130281448364
1,21,256,shadowkv,32,128,168,0.1388888888888889,0.6566464304924011,0.8149328231811523
1,21,256,shadowkv,64,128,168,0.20535714285714285,0.5720797181129456,0.8700626492500305
1,21,256,shadowkv,128,128,168,0.3382936507936508,0.49892833828926086,0.9066939949989319
1,21,256,sparse_exact,256,256,296,0.5674603174603174,0.3117724359035492,0.9585651159286499
1,21,256,shadowkv,32,256,296,0.1388888888888889,0.6307520866394043,0.8257019519805908
1,21,256,shadowkv,64,256,296,0.20535714285714285,0.4786173105239868,0.8992322087287903
1,21,256,shadowkv,128,256,296,0.3382936507936508,0.35858458280563354,0.9455785751342773
1,21,256,sparse_exact,256,512,552,0.5674603174603174,0.20683850347995758,0.9811116456985474
1,21,256,shadowkv,32,512,552,0.1388888888888889,0.6223124861717224,0.8280644416809082
1,21,256,shadowkv,64,512,552,0.20535714285714285,0.43058255314826965,0.9126330614089966
1,21,256,shadowkv,128,512,552,0.3382936507936508,0.277402400970459,0.9655080437660217
